PeakID (cmd=annotatePeaks.pl reproducible_peaks_filtered.bed GRCh38.primary_assembly.genome.fa -gtf gencode.v45.primary_assembly.annotation.gtf)	Chr	Start	End	Strand	Peak Score	Focus Ratio/Region Size	Annotation	Detailed Annotation	Distance to TSS	Nearest PromoterID	Entrez ID	Nearest Unigene	Nearest Refseq	Nearest Ensembl	Gene Name	Gene Alias	Gene Description	Gene Type
chr19-152	chr19	2525020	2525282	+	1	NA	intron (ENST00000587867.1, intron 3 of 5)	protein_coding-intron (ENST00000382159.8, intron 3 of 4)	-12961	ENST00000590044.1	ENSG00000105694	ENST00000590044			ELOCP28			processed_pseudogene
chr7-146	chr7	105024867	105025129	+	1	NA	intron (ENST00000700500.1, intron 1 of 5)	protein_coding-intron (ENST00000257745.9, intron 1 of 26)	10566	ENST00000667857.1	ENSG00000005483	ENST00000415513			KMT2E			protein_coding
chr20-43	chr20	18058965	18059227	+	1	NA	promoter-TSS (ENST00000429853.1)	lncRNA-promoter-TSS (ENST00000429853.1)	-46	ENST00000483661.5	ENSG00000125850	ENST00000494030			OVOL2			protein_coding
chr16-78	chr16	85492027	85492289	+	1	NA	intron (ENST00000637419.1, intron 2 of 2)	protein_coding-intron (ENST00000637419.1, intron 2 of 2)	2345	ENST00000620845.1	ENSG00000278716	ENST00000620845			ENSG00000278716			lncRNA
chr5-107	chr5	76337985	76338247	+	1	NA	intron (ENST00000322285.7, intron 12 of 12)	protein_coding-intron (ENST00000322285.7, intron 12 of 12)	-26654	ENST00000502589.1	ENSG00000250348	ENST00000502589			ENSG00000250348			lncRNA
chr7-189	chr7	133082144	133082406	+	1	NA	promoter-TSS (ENST00000262570.10)	protein_coding-promoter-TSS (ENST00000262570.10)	-185	ENST00000262570.10	ENSG00000106554	ENST00000448878			CHCHD3			protein_coding
chr11-30	chr11	65027622	65027884	+	1	NA	intron (ENST00000524831.5, intron 1 of 4)	protein_coding-intron (ENST00000301886.3, intron 4 of 10)	205	ENST00000525648.1	ENSG00000110025	ENST00000525648			SNX15			protein_coding
chr16-11	chr16	25258157	25258419	+	1	NA	promoter-TSS (ENST00000328086.12)	protein_coding-promoter-TSS (ENST00000328086.12)	336	ENST00000612792.1	ENSG00000274925	ENST00000612792			ZKSCAN2-DT			lncRNA
chr16-85	chr16	28974607	28974869	+	1	NA	promoter-TSS (ENST00000311008.16)	protein_coding-promoter-TSS (ENST00000311008.16)	-34	ENST00000565975.5	ENSG00000169682	ENST00000568388			SPNS1			protein_coding
chr14-84	chr14	92748372	92748634	+	1	NA	promoter-TSS (ENST00000553918.1)	protein_coding-promoter-TSS (ENST00000553918.1)	67	ENST00000553918.1	ENSG00000100600	ENST00000553802			LGMN			protein_coding
chr2-297	chr2	190980104	190980366	+	1	NA	promoter-TSS (ENST00000673762.1)	protein_coding-promoter-TSS (ENST00000673762.1)	-2	ENST00000673832.1	ENSG00000115415	ENST00000673638			STAT1			protein_coding
chr3-30	chr3	63936650	63936912	+	1	NA	intron (ENST00000674280.1, intron 4 of 12)	protein_coding-intron (ENST00000295900.10, intron 4 of 12)	24193	ENST00000522345.2	ENSG00000163635	ENST00000475897			ATXN7			protein_coding
chr1-631	chr1	933167	933429	+	1	NA	intron (ENST00000622503.5, intron 3 of 12)	protein_coding-intron (ENST00000341065.8, intron 2 of 11)	2986	ENST00000341065.8	ENSG00000187634	ENST00000474461			SAMD11			protein_coding
chr11-155	chr11	61730313	61730575	+	1	NA	intron (ENST00000540717.1, intron 8 of 19)	protein_coding-intron (ENST00000257215.10, intron 8 of 19)	18249	ENST00000541891.1	ENSG00000124915	ENST00000541891			MYRF-AS1			lncRNA
chr19-207	chr19	35211828	35212090	+	1	NA	Intergenic	Intergenic	16780	ENST00000324675.4	ENSG00000177558	ENST00000324675			FAM187B			protein_coding
chr3-172	chr3	101724790	101725052	+	1	NA	promoter-TSS (ENST00000704444.1)	protein_coding-promoter-TSS (ENST00000704444.1)	235	ENST00000704371.1	ENSG00000182504	ENST00000341893			CEP97			protein_coding
chr1-299	chr1	23019252	23019514	+	1	NA	promoter-TSS (ENST00000356634.7)	protein_coding-promoter-TSS (ENST00000356634.7)	-60	ENST00000691404.1	ENSG00000004487	ENST00000689971			KDM1A			protein_coding
chr17-1846	chr17	8123092	8123354	+	1	NA	intron (ENST00000541682.7, intron 1 of 3)	protein_coding-intron (ENST00000317814.8, intron 1 of 3)	861	ENST00000317814.8	ENSG00000179111	ENST00000541682			HES7			protein_coding
chr2-406	chr2	174395768	174396030	+	1	NA	promoter-TSS (ENST00000342016.8)	protein_coding-promoter-TSS (ENST00000342016.8)	91	ENST00000427038.5	ENSG00000144306	ENST00000490927			SCRN3			protein_coding
chr17-1034	chr17	75723365	75723627	+	1	NA	intron (ENST00000450894.7, intron 1 of 38)	protein_coding-intron (ENST00000200181.8, intron 1 of 39)	-1208	ENST00000584558.5	ENSG00000132470	ENST00000578318			ITGB4			protein_coding
chr6-45	chr6	31665013	31665275	+	1	NA	promoter-TSS (ENST00000375880.6)	protein_coding-promoter-TSS (ENST00000375880.6)	41	ENST00000456540.1	ENSG00000204438	ENST00000445768			GPANK1			protein_coding
chr5-103	chr5	177516974	177517236	+	1	NA	promoter-TSS (ENST00000330503.12)	protein_coding-promoter-TSS (ENST00000330503.12)	-144	ENST00000330503.12	ENSG00000183258	ENST00000515562			DDX41			protein_coding
chr10-86	chr10	73495158	73495420	+	1	NA	promoter-TSS (ENST00000422977.2)	lncRNA-promoter-TSS (ENST00000422977.2)	-236	ENST00000422977.2	ENSG00000221817	ENST00000439792			PPP3CB-AS1			lncRNA
chr1-12	chr1	229221522	229221784	+	1	NA	Intergenic	Intergenic	5909	ENST00000430677.1	ENSG00000233920	ENST00000651412			ENSG00000233920			lncRNA
chr7-45	chr7	128259835	128260097	+	1	NA	Intergenic	Intergenic	4923	ENST00000608625.1	ENSG00000272915	ENST00000608625			ENSG00000272915			lncRNA
chr8-168	chr8	80874478	80874740	+	1	NA	promoter-TSS (ENST00000519936.2)	protein_coding-promoter-TSS (ENST00000519936.2)	-170	ENST00000519936.2	ENSG00000164684	ENST00000522040			ZNF704			protein_coding
chr10-49	chr10	97687348	97687610	+	1	NA	promoter-TSS (ENST00000370626.4)	protein_coding-promoter-TSS (ENST00000370626.4)	-238	ENST00000370626.4	ENSG00000119986	ENST00000370626			AVPI1			protein_coding
chr2-292	chr2	152175666	152175928	+	1	NA	promoter-TSS (ENST00000263904.5)	protein_coding-promoter-TSS (ENST00000263904.5)	-34	ENST00000263904.5	ENSG00000115145	ENST00000494589			STAM2			protein_coding
chr12-452	chr12	93441803	93442065	+	1	NA	promoter-TSS (ENST00000318066.7)	protein_coding-promoter-TSS (ENST00000318066.7)	1	ENST00000552442.1	ENSG00000177889	ENST00000549833			UBE2N			protein_coding
chr9-294	chr9	120876423	120876685	+	1	NA	promoter-TSS (ENST00000456291.1)	protein_coding-promoter-TSS (ENST00000456291.1)	-121	ENST00000456291.1	ENSG00000119403	ENST00000616568			PHF19			protein_coding
chr1-271	chr1	145845472	145845734	+	1	NA	promoter-TSS (ENST00000334513.6)	protein_coding-promoter-TSS (ENST00000334513.6)	-27	ENST00000334513.6	ENSG00000186364	ENST00000498192			NUDT17			protein_coding
chr2-293	chr2	157876247	157876509	+	1	NA	promoter-TSS (ENST00000413751.1)	protein_coding-promoter-TSS (ENST00000413751.1)	-48	ENST00000434821.7	ENSG00000115170	ENST00000434821			ACVR1			protein_coding
chr2-23	chr2	28377205	28377467	+	1	NA	Intergenic	Intergenic	-15112	ENST00000460736.1	ENSG00000075426	ENST00000436647			FOSL2			protein_coding
chr2-140	chr2	8573711	8573973	+	1	NA	intron (ENST00000702154.1, intron 6 of 6)	lncRNA-intron (ENST00000418358.1, intron 1 of 2)	1583	ENST00000685270.1	ENSG00000236008	ENST00000685893			LINC01814			lncRNA
chr21-157	chr21	43712238	43712500	+	1	NA	Intergenic	Intergenic	-6725	ENST00000398081.5	ENSG00000160209	ENST00000476313			PDXK			protein_coding
chr4-14	chr4	84582358	84582620	+	1	NA	promoter-TSS (ENST00000295887.6)	protein_coding-promoter-TSS (ENST00000295887.6)	-638	ENST00000295887.6	ENSG00000163624	ENST00000295887			CDS1			protein_coding
chr5-102	chr5	159341898	159342160	+	1	NA	intron (ENST00000641150.1, intron 2 of 4)	lncRNA-intron (ENST00000515337.1, intron 2 of 4)	-4071	ENST00000635333.1	ENSG00000249738	ENST00000641685			ENSG00000249738			lncRNA
chr5-37	chr5	139643445	139643707	+	1	NA	TTS (ENST00000606683.1)	lncRNA-TTS (ENST00000606683.1)	1426	ENST00000606683.1	ENSG00000272255	ENST00000606683			ENSG00000272255			lncRNA
chr1-218	chr1	181088376	181088638	+	1	NA	promoter-TSS (ENST00000367577.7)	protein_coding-promoter-TSS (ENST00000367577.7)	32	ENST00000690498.2	ENSG00000289589	ENST00000690498			ENSG00000289589			lncRNA
chr18-80	chr18	9757696	9757958	+	1	NA	intron (ENST00000583137.1, intron 4 of 4)	protein_coding-intron (ENST00000578734.5, intron 1 of 5)	-17460	ENST00000435762.2	ENSG00000168461	ENST00000577796			RAB31			protein_coding
chr6-38	chr6	28336035	28336297	+	1	NA	promoter-TSS (ENST00000344279.11)	protein_coding-promoter-TSS (ENST00000344279.11)	-18	ENST00000344279.11	ENSG00000235109	ENST00000481934			ZSCAN31			protein_coding
chr17-534	chr17	49230695	49230957	+	1	NA	promoter-TSS (ENST00000310544.9)	protein_coding-promoter-TSS (ENST00000310544.9)	-27	ENST00000668445.1	ENSG00000177369	ENST00000662937			FLJ40194			lncRNA
chr20-254	chr20	62482276	62482538	+	1	NA	Intergenic	Intergenic	4537	ENST00000606283.1	ENSG00000272050	ENST00000606283			ENSG00000272050			lncRNA
chr2-323	chr2	69437441	69437703	+	1	NA	promoter-TSS (ENST00000303698.7)	protein_coding-promoter-TSS (ENST00000303698.7)	56	ENST00000394305.5	ENSG00000169599	ENST00000419370			NFU1			protein_coding
chr7-38	chr7	151047082	151047344	+	1	NA	exon (ENST00000358849.9, exon 16 of 16)	protein_coding-exon (ENST00000358849.9, exon 16 of 16)	-1079	ENST00000357922.8	ENSG00000213199	ENST00000485929			ASIC3			protein_coding
chr9-324	chr9	68779894	68780156	+	1	NA	promoter-TSS (ENST00000394264.7)	protein_coding-promoter-TSS (ENST00000394264.7)	-40	ENST00000394264.7	ENSG00000187866	ENST00000394264			PABIR1			protein_coding
chr17-88	chr17	17446282	17446544	+	1	NA	Intergenic	Intergenic	-10014	ENST00000423257.1	ENSG00000230865	ENST00000423257			TSEN15P1			processed_pseudogene
chr11-51	chr11	65650608	65650870	+	1	NA	TTS (ENST00000529725.1)	protein_coding-TTS (ENST00000529725.1)	457	ENST00000528699.1	ENSG00000213445	ENST00000530226			SIPA1			protein_coding
chr9-11	chr9	109345540	109345802	+	1	NA	Intergenic	Intergenic	20986	ENST00000384599.1	ENSG00000207329	ENST00000384599			Y_RNA			misc_RNA
chr3-109	chr3	156817077	156817339	+	1	NA	promoter-TSS (ENST00000472943.5)	lncRNA-promoter-TSS (ENST00000472943.5)	-146	ENST00000473352.1	ENSG00000240875	ENST00000488584			LINC00886			lncRNA
chr1-476	chr1	112927085	112927347	+	1	NA	intron (ENST00000679846.1, intron 3 of 4)	protein_coding-intron (ENST00000369626.8, intron 2 of 4)	3793	ENST00000460134.2	ENSG00000229020	ENST00000460134			AKR7A2P1			processed_pseudogene
chr19-97	chr19	47256428	47256690	+	1	NA	promoter-TSS (ENST00000221922.11)	protein_coding-promoter-TSS (ENST00000221922.11)	34	ENST00000221922.11	ENSG00000105321	ENST00000600117			CCDC9			protein_coding
chr6-69	chr6	47477691	47477953	+	1	NA	promoter-TSS (ENST00000359314.5)	protein_coding-promoter-TSS (ENST00000359314.5)	33	ENST00000359314.5	ENSG00000198087	ENST00000486693			CD2AP			protein_coding
chr9-50	chr9	94989876	94990138	+	1	NA	intron (ENST00000479161.5, intron 7 of 10)	protein_coding-intron (ENST00000297979.9, intron 9 of 14)	-13910	ENST00000478603.5	ENSG00000148120	ENST00000478473			AOPEP			protein_coding
chr5-191	chr5	174312061	174312323	+	1	NA	Intergenic	Intergenic	-17420	ENST00000503317.1	ENSG00000249722	ENST00000503317			ENSG00000249722			lncRNA
chr20-335	chr20	57308908	57309170	+	1	NA	Intergenic	Intergenic	-2815	ENST00000516255.1	ENSG00000252064	ENST00000516255			Y_RNA			misc_RNA
chr3-331	chr3	141456385	141456647	+	1	NA	promoter-TSS (ENST00000673707.1)	lncRNA-promoter-TSS (ENST00000673707.1)	-82	ENST00000673707.1	ENSG00000288585	ENST00000673707			ENSG00000288585			lncRNA
chr1-60	chr1	166876126	166876388	+	1	NA	promoter-TSS (ENST00000367874.5)	protein_coding-promoter-TSS (ENST00000367874.5)	7	ENST00000367874.5	ENSG00000152382	ENST00000367874			TADA1			protein_coding
chr3-91	chr3	14225057	14225319	+	1	NA	Intergenic	Intergenic	46371	ENST00000306024.4	ENSG00000170860	ENST00000306024			LSM3			protein_coding
chr14-200	chr14	105631991	105632253	+	1	NA	Intergenic	Intergenic	-6056	ENST00000641978.1	ENSG00000211892	ENST00000390543			IGHG4			IG_C_gene
chr7-272	chr7	149090761	149091023	+	1	NA	promoter-TSS (ENST00000316286.13)	protein_coding-promoter-TSS (ENST00000316286.13)	-110	ENST00000316286.13	ENSG00000197362	ENST00000491431			ZNF786			protein_coding
chr12-102	chr12	124480909	124481171	+	1	NA	intron (ENST00000542927.5, intron 1 of 6)	protein_coding-intron (ENST00000404621.5, intron 4 of 46)	2729	ENST00000448008.1	ENSG00000196498	ENST00000413172			NCOR2			protein_coding
chr14-308	chr14	105021049	105021311	+	1	NA	promoter-TSS (ENST00000336219.4)	protein_coding-promoter-TSS (ENST00000336219.4)	-97	ENST00000336219.4	ENSG00000170779	ENST00000392590			CDCA4			protein_coding
chr11-119	chr11	1150904	1151166	+	1	NA	Intergenic	Intergenic	-6918	ENST00000621226.2	ENSG00000215182	ENST00000621226			MUC5AC			protein_coding
chr1-716	chr1	120069411	120069673	+	1	NA	promoter-TSS (ENST00000479412.2)	protein_coding-promoter-TSS (ENST00000479412.2)	74	ENST00000652302.1	ENSG00000134250	ENST00000652302			NOTCH2			protein_coding
chr13-283	chr13	98416496	98416758	+	1	NA	intron (ENST00000627049.2, intron 16 of 27)	protein_coding-intron (ENST00000319562.11, intron 16 of 26)	12556	ENST00000457029.3	ENSG00000152767	ENST00000595437			FARP1			protein_coding
chr7-6	chr7	155961906	155962168	+	1	NA	promoter-TSS (ENST00000377722.2)	lncRNA-promoter-TSS (ENST00000377722.2)	-595	ENST00000377722.2	ENSG00000204876	ENST00000684576			ENSG00000204876			lncRNA
chr6-6	chr6	17600204	17600466	+	1	NA	promoter-TSS (ENST00000259963.4)	protein_coding-promoter-TSS (ENST00000259963.4)	-28	ENST00000688732.1	ENSG00000137414	ENST00000688732			FAM8A1			protein_coding
chr19-3	chr19	44753352	44753614	+	1	NA	intron (ENST00000444487.1, intron 1 of 7)	protein_coding-intron (ENST00000164227.10, intron 2 of 8)	-1666	ENST00000473468.1	ENSG00000069399	ENST00000473468			BCL3			protein_coding
chr3-289	chr3	150221303	150221565	+	1	NA	intron (ENST00000474444.1, intron 3 of 5)	lncRNA-intron (ENST00000474444.1, intron 3 of 5)	3756	ENST00000474444.1	ENSG00000241048	ENST00000474444			ENSG00000241048			lncRNA
chr2-115	chr2	9555930	9556192	+	1	NA	promoter-TSS (ENST00000310823.8)	protein_coding-promoter-TSS (ENST00000310823.8)	162	ENST00000607241.1	ENSG00000271855	ENST00000607241			ENSG00000271855			lncRNA
chr19-93	chr19	39112451	39112713	+	1	NA	Intergenic	Intergenic	-13188	ENST00000602004.1	ENSG00000130669	ENST00000321944			PAK4			protein_coding
chr21-72	chr21	42009129	42009391	+	1	NA	promoter-TSS (ENST00000412906.5)	lncRNA-promoter-TSS (ENST00000412906.5)	66	ENST00000412906.5	ENSG00000237232	ENST00000676145			ZNF295-AS1			lncRNA
chr3-220	chr3	157499448	157499710	+	1	NA	promoter-TSS (ENST00000392832.6)	protein_coding-promoter-TSS (ENST00000392832.6)	-24	ENST00000483440.1	ENSG00000197415	ENST00000362010			VEPH1			protein_coding
chr2-87	chr2	84459357	84459619	+	1	NA	promoter-TSS (ENST00000393868.7)	protein_coding-promoter-TSS (ENST00000393868.7)	-84	ENST00000687957.2	ENSG00000289076	ENST00000687957			ENSG00000289076			lncRNA
chr10-21	chr10	9188375	9188637	+	1	NA	Intergenic	Intergenic	-87327	ENST00000458168.1	ENSG00000230014	ENST00000458168			LINC00709			lncRNA
chr6-65	chr6	17706835	17707097	+	1	NA	promoter-TSS (ENST00000262077.3)	protein_coding-promoter-TSS (ENST00000262077.3)	-41	ENST00000262077.3	ENSG00000124789	ENST00000613258			NUP153			protein_coding
chr3-2017	chr3	179347483	179347745	+	1	NA	promoter-TSS (ENST00000357390.8)	protein_coding-promoter-TSS (ENST00000357390.8)	-95	ENST00000471841.6	ENSG00000171109	ENST00000357390			MFN1			protein_coding
chr3-161	chr3	136196769	136197031	+	1	NA	promoter-TSS (ENST00000309993.3)	protein_coding-promoter-TSS (ENST00000309993.3)	-35	ENST00000703105.1	ENSG00000174579	ENST00000481989			MSL2			protein_coding
chr8-117	chr8	102487897	102488159	+	1	NA	Intergenic	Intergenic	-15725	ENST00000489699.2	ENSG00000240724	ENST00000489699			RPS12P15			processed_pseudogene
chr19-129	chr19	51044438	51044700	+	1	NA	intron (ENST00000601280.1, intron 1 of 1)	lncRNA-intron (ENST00000601280.1, intron 1 of 1)	763	ENST00000601280.1	ENSG00000268390	ENST00000601280			ENSG00000268390			lncRNA
chr17-469	chr17	3846170	3846432	+	1	NA	promoter-TSS (ENST00000389005.6)	protein_coding-promoter-TSS (ENST00000389005.6)	-55	ENST00000389005.6	ENSG00000074356	ENST00000576523			NCBP3			protein_coding
chr22-74	chr22	19935242	19935504	+	1	NA	intron (ENST00000701986.1, intron 1 of 2)	protein_coding-intron (ENST00000334363.14, intron 1 of 11)	1712	ENST00000701986.1	ENSG00000289946	ENST00000701986			ENSG00000289946			lncRNA
chr15-22	chr15	59657393	59657655	+	1	NA	promoter-TSS (ENST00000267869.8)	protein_coding-promoter-TSS (ENST00000267869.8)	-3	ENST00000559706.1	ENSG00000140307	ENST00000484743			GTF2A2			protein_coding
chr3-1157	chr3	150763478	150763740	+	1	NA	promoter-TSS (ENST00000312960.4)	protein_coding-promoter-TSS (ENST00000312960.4)	36	ENST00000693001.2	ENSG00000289005	ENST00000693001			ENSG00000289005			lncRNA
chr8-502	chr8	108443422	108443684	+	1	NA	promoter-TSS (ENST00000220853.8)	protein_coding-promoter-TSS (ENST00000220853.8)	-48	ENST00000524143.5	ENSG00000104412	ENST00000524143			EMC2			protein_coding
chr19-179	chr19	10749184	10749446	+	1	NA	intron (ENST00000586939.5, intron 1 of 4)	protein_coding-intron (ENST00000355667.11, intron 1 of 20)	-5806	ENST00000588976.1	ENSG00000079805	ENST00000591118			DNM2			protein_coding
chr12-191	chr12	46269038	46269300	+	1	NA	promoter-TSS (ENST00000398637.10)	protein_coding-promoter-TSS (ENST00000398637.10)	-50	ENST00000546893.5	ENSG00000111371	ENST00000398637			SLC38A1			protein_coding
chr19-53	chr19	2463006	2463268	+	1	NA	promoter-TSS (ENST00000587826.1)	lncRNA-promoter-TSS (ENST00000587826.1)	-952	ENST00000587826.1	ENSG00000267201	ENST00000587826			LINC01775			lncRNA
chr11-79	chr11	47248690	47248952	+	1	NA	promoter-TSS (ENST00000256997.9)	protein_coding-promoter-TSS (ENST00000256997.9)	-2	ENST00000527256.7	ENSG00000134575	ENST00000672728			ACP2			protein_coding
chr3-429	chr3	37176305	37176567	+	1	NA	promoter-TSS (ENST00000354379.8)	protein_coding-promoter-TSS (ENST00000354379.8)	49	ENST00000702636.1	ENSG00000290046	ENST00000702636			ENSG00000290046			lncRNA
chr1-431	chr1	185156702	185156964	+	1	NA	promoter-TSS (ENST00000367500.9)	protein_coding-promoter-TSS (ENST00000367500.9)	120	ENST00000367506.10	ENSG00000121486	ENST00000465827			TRMT1L			protein_coding
chr15-104	chr15	89782368	89782630	+	1	NA	Intergenic	Intergenic	6167	ENST00000341735.5	ENSG00000188095	ENST00000560219			MESP2			protein_coding
chr14-10	chr14	93017447	93017709	+	1	NA	intron (ENST00000555495.5, intron 1 of 8)	protein_coding-intron (ENST00000267615.11, intron 3 of 10)	-18639	ENST00000553695.5	ENSG00000100605	ENST00000555495			ITPK1			protein_coding
chr4-46	chr4	87422520	87422782	+	1	NA	promoter-TSS (ENST00000302174.9)	protein_coding-promoter-TSS (ENST00000302174.9)	-30	ENST00000514227.1	ENSG00000170502	ENST00000514345			NUDT9			protein_coding
chr19-262	chr19	57240496	57240758	+	1	NA	promoter-TSS (ENST00000354309.4)	protein_coding-promoter-TSS (ENST00000354309.4)	-5	ENST00000414468.3	ENSG00000204524	ENST00000354309			ZNF805			protein_coding
chr15-23	chr15	75202361	75202623	+	1	NA	intron (ENST00000564848.1, intron 1 of 1)	protein_coding-intron (ENST00000360639.6, intron 1 of 2)	287	ENST00000564848.1	ENSG00000167173	ENST00000563905			C15orf39			protein_coding
chr12-167	chr12	38056946	38057208	+	1	NA	Intergenic	Intergenic	21922	ENST00000549020.1	ENSG00000257173	ENST00000549020			AK6P2			processed_pseudogene
chr1-341	chr1	31181519	31181781	+	1	NA	promoter-TSS (ENST00000528449.1)	protein_coding-promoter-TSS (ENST00000528449.1)	26	ENST00000528449.1	ENSG00000084628	ENST00000530145			NKAIN1			protein_coding
chr20-8	chr20	50790747	50791009	+	1	NA	Intergenic	Intergenic	-4016	ENST00000358791.9	ENSG00000124243	ENST00000485049			BCAS4			protein_coding
chr5-24	chr5	302116	302378	+	1	NA	intron (ENST00000618970.4, intron 2 of 3)	protein_coding-intron (ENST00000264933.9, intron 2 of 5)	-1937	ENST00000512529.6	ENSG00000288622	ENST00000512529			PDCD6-AHRR			protein_coding
chr1-259	chr1	44807197	44807459	+	1	NA	promoter-TSS (ENST00000339355.3)	protein_coding-promoter-TSS (ENST00000339355.3)	23	ENST00000339355.3	ENSG00000188396	ENST00000339355			DYNLT4			protein_coding
chr5-130	chr5	129094211	129094473	+	1	NA	promoter-TSS (ENST00000173527.6)	protein_coding-promoter-TSS (ENST00000173527.6)	-407	ENST00000173527.6	ENSG00000066583	ENST00000173527			ISOC1			protein_coding
chr6-89	chr6	43856211	43856473	+	1	NA	Intergenic	Intergenic	-4009	ENST00000451910.1	ENSG00000223469	ENST00000451910			ENSG00000223469			lncRNA
chr1-40	chr1	151190062	151190324	+	1	NA	promoter-TSS (ENST00000354473.4)	protein_coding-promoter-TSS (ENST00000354473.4)	4	ENST00000368892.9	ENSG00000163159	ENST00000368892			VPS72			protein_coding
chr8-97	chr8	124526716	124526978	+	1	NA	intron (ENST00000523888.5, intron 1 of 6)	protein_coding-intron (ENST00000276692.11, intron 1 of 11)	-3368	ENST00000518133.5	ENSG00000147687	ENST00000518485			TATDN1			protein_coding
chr6-4	chr6	17389374	17389636	+	1	NA	Intergenic	Intergenic	-4090	ENST00000229922.7	ENSG00000112186	ENST00000493172			CAP2			protein_coding
chr7-4	chr7	151232311	151232573	+	1	NA	promoter-TSS (ENST00000035307.7)	protein_coding-promoter-TSS (ENST00000035307.7)	-41	ENST00000035307.7	ENSG00000033100	ENST00000495645			CHPF2			protein_coding
chr16-210	chr16	28950651	28950913	+	1	NA	promoter-TSS (ENST00000320805.9)	protein_coding-promoter-TSS (ENST00000320805.9)	-25	ENST00000564978.5	ENSG00000176953	ENST00000564978			NFATC2IP			protein_coding
chr16-318	chr16	1630836	1631098	+	1	NA	intron (ENST00000397412.8, intron 3 of 20)	protein_coding-intron (ENST00000293925.9, intron 2 of 19)	-1292	ENST00000454337.1	ENSG00000261732	ENST00000454337			ENSG00000261732			protein_coding
chr11-221	chr11	63558643	63558905	+	1	NA	intron (ENST00000255695.2, intron 2 of 3)	protein_coding-intron (ENST00000255695.2, intron 2 of 3)	4605	ENST00000255695.2	ENSG00000133328	ENST00000255695			PLAAT2			protein_coding
chr2-253	chr2	111698912	111699174	+	1	NA	promoter-TSS (ENST00000644013.1)	lncRNA-promoter-TSS (ENST00000644013.1)	-10	ENST00000644013.1	ENSG00000285016	ENST00000645914			ENSG00000285016			lncRNA
chr7-8	chr7	92133755	92134017	+	1	NA	promoter-TSS (ENST00000453068.1)	lncRNA-promoter-TSS (ENST00000453068.1)	591	ENST00000003100.13	ENSG00000001630	ENST00000422867			CYP51A1			protein_coding
chr6-8	chr6	135259084	135259346	+	1	NA	promoter-TSS (ENST00000434255.1)	lncRNA-promoter-TSS (ENST00000434255.1)	-781	ENST00000434255.1	ENSG00000224374	ENST00000434255			ENSG00000224374			lncRNA
chr7-261	chr7	88227029	88227291	+	1	NA	promoter-TSS (ENST00000394641.7)	protein_coding-promoter-TSS (ENST00000394641.7)	-167	ENST00000394641.7	ENSG00000075142	ENST00000265729			SRI			protein_coding
chr6-49	chr6	32129955	32130217	+	1	NA	intron (ENST00000375156.4, intron 1 of 1)	protein_coding-intron (ENST00000375156.4, intron 1 of 1)	202	ENST00000375156.4	ENSG00000204315	ENST00000375156			FKBPL			protein_coding
chr1-80	chr1	120723655	120723917	+	1	NA	promoter-TSS (ENST00000620612.6)	protein_coding-promoter-TSS (ENST00000620612.6)	-126	ENST00000690847.1	ENSG00000286106	ENST00000624419			NOTCH2NLR			protein_coding
chr1-450	chr1	6471451	6471713	+	1	NA	promoter-TSS (ENST00000487949.4)	protein_coding-promoter-TSS (ENST00000487949.4)	1	ENST00000487949.4	ENSG00000171680	ENST00000674803			PLEKHG5			protein_coding
chr17-195	chr17	82414757	82415019	+	1	NA	intron (ENST00000583897.5, intron 1 of 6)	protein_coding-intron (ENST00000313056.10, intron 2 of 8)	628	ENST00000583897.5	ENSG00000181396	ENST00000582146			OGFOD3			protein_coding
chr16-44	chr16	75029832	75030094	+	1	NA	intron (ENST00000568511.1, intron 1 of 3)	protein_coding-intron (ENST00000320619.10, intron 1 of 5)	27666	ENST00000568511.1	ENSG00000186187	ENST00000568494			ZNRF1			protein_coding
chr7-49	chr7	100612123	100612385	+	1	NA	promoter-TSS (ENST00000379527.6)	protein_coding-promoter-TSS (ENST00000379527.6)	70	ENST00000490309.1	ENSG00000106330	ENST00000462372			MOSPD3			protein_coding
chr14-45	chr14	96195045	96195307	+	1	NA	Intergenic	Intergenic	-9503	ENST00000542454.2	ENSG00000168398	ENST00000554311			BDKRB2			protein_coding
chr2-252	chr2	108786685	108786947	+	1	NA	promoter-TSS (ENST00000295124.9)	protein_coding-promoter-TSS (ENST00000295124.9)	28	ENST00000447782.1	ENSG00000163006	ENST00000447782			CCDC138			protein_coding
chr17-1657	chr17	47649199	47649461	+	1	NA	promoter-TSS (ENST00000290158.9)	protein_coding-promoter-TSS (ENST00000290158.9)	72	ENST00000582389.5	ENSG00000263766	ENST00000580045			KPNB1-DT			lncRNA
chr9-810	chr9	125428206	125428468	+	1	NA	intron (ENST00000655188.1, intron 1 of 2)	lncRNA-intron (ENST00000655188.1, intron 1 of 2)	2168	ENST00000655188.1	ENSG00000287782	ENST00000655188			ENSG00000287782			lncRNA
chr19-22	chr19	35248110	35248372	+	1	NA	promoter-TSS (ENST00000347609.8)	protein_coding-promoter-TSS (ENST00000347609.8)	-89	ENST00000597933.5	ENSG00000105699	ENST00000360798			LSR			protein_coding
chr3-20	chr3	149752439	149752701	+	1	NA	promoter-TSS (ENST00000463077.5)	protein_coding-promoter-TSS (ENST00000463077.5)	-75	ENST00000469896.1	ENSG00000114744	ENST00000483146			COMMD2			protein_coding
chr14-88	chr14	105490910	105491172	+	1	NA	promoter-TSS (ENST00000354560.10)	protein_coding-promoter-TSS (ENST00000354560.10)	-24	ENST00000421892.5	ENSG00000185347	ENST00000450383			TEDC1			protein_coding
chr9-219	chr9	81689388	81689650	+	1	NA	promoter-TSS (ENST00000376499.8)	protein_coding-promoter-TSS (ENST00000376499.8)	28	ENST00000376499.8	ENSG00000196781	ENST00000418319			TLE1			protein_coding
chr6-131	chr6	24359934	24360196	+	1	NA	Intergenic	Intergenic	-2006	ENST00000378454.8	ENSG00000146038	ENST00000378454			DCDC2			protein_coding
chr5-63	chr5	90474609	90474871	+	1	NA	promoter-TSS (ENST00000316610.7)	protein_coding-promoter-TSS (ENST00000316610.7)	31	ENST00000316610.7	ENSG00000176055	ENST00000316610			MBLAC2			protein_coding
chr15-53	chr15	55408337	55408599	+	1	NA	promoter-TSS (ENST00000310958.10)	protein_coding-promoter-TSS (ENST00000310958.10)	-27	ENST00000569691.2	ENSG00000261652	ENST00000570794			PIERCE2			protein_coding
chr15-52	chr15	31296701	31296963	+	1	NA	Intergenic	Intergenic	-30003	ENST00000307145.4	ENSG00000169926	ENST00000558844			KLF13			protein_coding
chr14-213	chr14	61553847	61554109	+	1	NA	intron (ENST00000556347.1, intron 3 of 3)	protein_coding-intron (ENST00000556347.1, intron 3 of 3)	-8494	ENST00000657687.1	ENSG00000258926	ENST00000654868			ENSG00000258926			lncRNA
chr9-76	chr9	106794258	106794520	+	1	NA	Intergenic	Intergenic	49477	ENST00000390974.1	ENSG00000212276	ENST00000390974			RNA5SP292			rRNA_pseudogene
chr14-75	chr14	21103798	21104060	+	1	NA	promoter-TSS (ENST00000555697.1)	protein_coding-promoter-TSS (ENST00000555697.1)	287	ENST00000624093.1	ENSG00000165804	ENST00000555697			ZNF219			protein_coding
chr16-74	chr16	2868182	2868444	+	1	NA	promoter-TSS (ENST00000575693.2)	lncRNA-promoter-TSS (ENST00000575693.2)	-62	ENST00000662388.1	ENSG00000263280	ENST00000575693			ENSG00000263280			lncRNA
chr19-23	chr19	1170379	1170641	+	1	NA	intron (ENST00000587024.5, intron 1 of 31)	protein_coding-intron (ENST00000361757.8, intron 1 of 31)	-1364	ENST00000587655.2	ENSG00000064932	ENST00000586109			SBNO2			protein_coding
chr1-646	chr1	28552876	28553138	+	1	NA	promoter-TSS (ENST00000373830.4)	protein_coding-promoter-TSS (ENST00000373830.4)	-78	ENST00000373830.4	ENSG00000180098	ENST00000495215			TRNAU1AP			protein_coding
chr17-2038	chr17	75998339	75998601	+	1	NA	intron (ENST00000649294.1, intron 3 of 10)	protein_coding-intron (ENST00000397640.6, intron 3 of 3)	-2385	ENST00000448471.3	ENSG00000250506	ENST00000448471			CDK3			protein_coding
chr5-27	chr5	141879258	141879520	+	1	NA	promoter-TSS (ENST00000287008.8)	protein_coding-promoter-TSS (ENST00000287008.8)	-143	ENST00000514773.1	ENSG00000156453	ENST00000505937			PCDH1			protein_coding
chr1-318	chr1	156213072	156213334	+	1	NA	TTS (ENST00000359511.5)	protein_coding-TTS (ENST00000359511.5)	177	ENST00000497069.2	ENSG00000160783	ENST00000368277			PMF1			protein_coding
chr15-491	chr15	63157242	63157504	+	1	NA	promoter-TSS (ENST00000455271.5)	protein_coding-promoter-TSS (ENST00000455271.5)	-92	ENST00000455271.5	ENSG00000185088	ENST00000330964			RPS27L			protein_coding
chr9-298	chr9	124267570	124267832	+	1	NA	intron (ENST00000425237.5, intron 1 of 7)	protein_coding-intron (ENST00000320246.10, intron 1 of 9)	4825	ENST00000437461.1	ENSG00000227200	ENST00000437461			ENSG00000227200			lncRNA
chr16-300	chr16	73172740	73173002	+	1	NA	intron (ENST00000641206.2, intron 5 of 17)	protein_coding-intron (ENST00000641206.2, intron 5 of 17)	-28424	ENST00000358463.2	ENSG00000140836	ENST00000641018			ZFHX3			protein_coding
chr16-121	chr16	30526828	30527090	+	1	NA	promoter-TSS (ENST00000380412.7)	protein_coding-promoter-TSS (ENST00000380412.7)	41	ENST00000624451.1	ENSG00000278922	ENST00000624451			ENSG00000278922			TEC
chr15-57	chr15	83067235	83067497	+	1	NA	promoter-TSS (ENST00000261721.9)	protein_coding-promoter-TSS (ENST00000261721.9)	31	ENST00000584082.1	ENSG00000263643	ENST00000584082			MIR4515			miRNA
chr2-393	chr2	137202381	137202643	+	1	NA	intron (ENST00000409968.6, intron 7 of 27)	protein_coding-intron (ENST00000409968.6, intron 7 of 27)	46552	ENST00000485379.1	ENSG00000144229	ENST00000409968			THSD7B			protein_coding
chr2-33	chr2	237559078	237559340	+	1	NA	Intergenic	Intergenic	-3956	ENST00000410517.1	ENSG00000222449	ENST00000410517			RNU6-1140P			snRNA
chr3-18	chr3	189324776	189325038	+	1	NA	exon (ENST00000345063.8, exon 6 of 6)	protein_coding-exon (ENST00000345063.8, exon 6 of 6)	15013	ENST00000481307.1	ENSG00000188001	ENST00000488841			TPRG1			protein_coding
chr1-166	chr1	15285079	15285341	+	1	NA	intron (ENST00000688493.1, intron 3 of 33)	protein_coding-intron (ENST00000358897.8, intron 3 of 30)	-1835	ENST00000462113.1	ENSG00000142621	ENST00000472086			FHAD1			protein_coding
chr7-309	chr7	139133570	139133832	+	1	NA	promoter-TSS (ENST00000343187.8)	protein_coding-promoter-TSS (ENST00000343187.8)	-43	ENST00000430935.5	ENSG00000105948	ENST00000468866			IFT56			protein_coding
chr7-62	chr7	1255068	1255330	+	1	NA	Intergenic	Intergenic	-12154	ENST00000453798.1	ENSG00000233082	ENST00000453798			ENSG00000233082			lncRNA
chr10-51	chr10	12605767	12606029	+	1	NA	intron (ENST00000619168.5, intron 2 of 10)	protein_coding-intron (ENST00000378845.5, intron 2 of 9)	27145	ENST00000582492.1	ENSG00000263584	ENST00000582492			MIR4480			miRNA
chr6-62	chr6	37172134	37172396	+	1	NA	promoter-TSS (ENST00000468243.5)	protein_coding-promoter-TSS (ENST00000468243.5)	-203	ENST00000468243.5	ENSG00000137193	ENST00000479509			PIM1			protein_coding
chr8-94	chr8	92965648	92965910	+	1	NA	promoter-TSS (ENST00000519969.5)	protein_coding-promoter-TSS (ENST00000519969.5)	-190	ENST00000519969.5	ENSG00000205133	ENST00000522903			TRIQK			protein_coding
chr19-27	chr19	11344398	11344660	+	1	NA	promoter-TSS (ENST00000587100.1)	protein_coding-promoter-TSS (ENST00000587100.1)	-155	ENST00000589186.5	ENSG00000183401	ENST00000592723			CCDC159			protein_coding
chr1-420	chr1	153608309	153608571	+	1	NA	promoter-TSS (ENST00000368703.6)	protein_coding-promoter-TSS (ENST00000368703.6)	-118	ENST00000368703.6	ENSG00000188643	ENST00000368703			S100A16			protein_coding
chr20-3151	chr20	50269428	50269690	+	1	NA	intron (ENST00000445003.5, intron 1 of 2)	lncRNA-intron (ENST00000422459.3, intron 1 of 3)	2060	ENST00000445003.5	ENSG00000224397	ENST00000692392			PELATON			lncRNA
chr7-150	chr7	123748907	123749169	+	1	NA	promoter-TSS (ENST00000223023.5)	protein_coding-promoter-TSS (ENST00000223023.5)	-30	ENST00000607957.1	ENSG00000272686	ENST00000607957			WASL-DT			lncRNA
chr6-150	chr6	31652006	31652268	+	1	NA	promoter-TSS (ENST00000375918.6)	protein_coding-promoter-TSS (ENST00000375918.6)	16	ENST00000428326.5	ENSG00000204463	ENST00000433828			BAG6			protein_coding
chr1-133	chr1	202927014	202927276	+	1	NA	promoter-TSS (ENST00000367261.8)	protein_coding-promoter-TSS (ENST00000367261.8)	89	ENST00000367261.8	ENSG00000117153	ENST00000367258			KLHL12			protein_coding
chr1-19	chr1	202034794	202035056	+	1	NA	Intergenic	Intergenic	-4926	ENST00000457453.1	ENSG00000235811	ENST00000457453			ENSG00000235811			processed_pseudogene
chr1-132	chr1	152036985	152037247	+	1	NA	promoter-TSS (ENST00000271638.3)	protein_coding-promoter-TSS (ENST00000271638.3)	-112	ENST00000271638.3	ENSG00000163191	ENST00000271638			S100A11			protein_coding
chr16-165	chr16	84851350	84851612	+	1	NA	intron (ENST00000569262.5, intron 5 of 9)	protein_coding-intron (ENST00000262424.10, intron 5 of 14)	2264	ENST00000566789.1	ENSG00000103196	ENST00000569090			CRISPLD2			protein_coding
chr9-224	chr9	109500515	109500777	+	1	NA	intron (ENST00000674068.1, intron 1 of 2)	protein_coding-intron (ENST00000674068.1, intron 1 of 2)	2321	ENST00000674068.1	ENSG00000157654	ENST00000497711			PALM2AKAP2			protein_coding
chr7-28	chr7	100100545	100100807	+	1	NA	promoter-TSS (ENST00000359593.9)	protein_coding-promoter-TSS (ENST00000359593.9)	64	ENST00000710815.1	ENSG00000166508	ENST00000710815			MCM7			protein_coding
chr6-28	chr6	26188958	26189220	+	1	NA	promoter-TSS (ENST00000614247.2)	protein_coding-promoter-TSS (ENST00000614247.2)	23	ENST00000614247.2	ENSG00000277157	ENST00000614247			H4C4			protein_coding
chr11-49	chr11	117887977	117888239	+	1	NA	Intergenic	Intergenic	-10622	ENST00000527717.5	ENSG00000137726	ENST00000527053			FXYD6			protein_coding
chr2-44	chr2	196292299	196292561	+	1	NA	exon (ENST00000644405.1, exon 4 of 4)	protein_coding-exon (ENST00000644405.1, exon 4 of 4)	3021	ENST00000616437.1	ENSG00000276200	ENST00000616437			RN7SL820P			misc_RNA
chr14-126	chr14	74881563	74881825	+	1	NA	promoter-TSS (ENST00000238671.11)	protein_coding-promoter-TSS (ENST00000238671.11)	-197	ENST00000556460.5	ENSG00000119689	ENST00000550473			DLST			protein_coding
chr7-373	chr7	128410210	128410472	+	1	NA	promoter-TSS (ENST00000338791.11)	protein_coding-promoter-TSS (ENST00000338791.11)	-355	ENST00000497868.5	ENSG00000106348	ENST00000469328			IMPDH1			protein_coding
chr1-137	chr1	58815247	58815509	+	1	NA	exon (ENST00000669294.1, exon 2 of 2)	lncRNA-exon (ENST00000669294.1, exon 2 of 2)	943	ENST00000702876.1	ENSG00000234807	ENST00000649834			LINC01135			lncRNA
chr1-1	chr1	205211584	205211846	+	1	NA	promoter-TSS (ENST00000367161.7)	protein_coding-promoter-TSS (ENST00000367161.7)	-13	ENST00000367162.8	ENSG00000133059	ENST00000367161			DSTYK			protein_coding
chr21-42	chr21	35677572	35677834	+	1	NA	intron (ENST00000475045.6, intron 6 of 12)	protein_coding-intron (ENST00000475045.6, intron 6 of 12)	-43012	ENST00000390235.1	ENSG00000211590	ENST00000390235			MIR802			miRNA
chr8-718	chr8	11820365	11820627	+	1	NA	intron (ENST00000443614.6, intron 3 of 6)	protein_coding-intron (ENST00000220584.9, intron 3 of 7)	-1285	ENST00000528729.2	ENSG00000079459	ENST00000529464			FDFT1			protein_coding
chr2-227	chr2	163839053	163839315	+	1	NA	intron (ENST00000429636.1, intron 4 of 4)	lncRNA-intron (ENST00000429636.1, intron 4 of 4)	74437	ENST00000666867.1	ENSG00000237844	ENST00000429636			ENSG00000237844			lncRNA
chr12-154	chr12	57487758	57488020	+	1	NA	promoter-TSS (ENST00000262027.10)	protein_coding-promoter-TSS (ENST00000262027.10)	-135	ENST00000548674.5	ENSG00000166986	ENST00000551805			MARS1			protein_coding
chr15-206	chr15	73951180	73951442	+	1	NA	intron (ENST00000566011.5, intron 7 of 7)	protein_coding-intron (ENST00000261921.8, intron 6 of 6)	3483	ENST00000567675.1	ENSG00000129038	ENST00000562548			LOXL1			protein_coding
chr6-10	chr6	7313266	7313528	+	1	NA	promoter-TSS (ENST00000244763.9)	protein_coding-promoter-TSS (ENST00000244763.9)	-166	ENST00000483409.1	ENSG00000124783	ENST00000397511			SSR1			protein_coding
chr1-229	chr1	96164426	96164688	+	1	NA	Intergenic	Intergenic	-61344	ENST00000363930.1	ENSG00000200800	ENST00000363930			RNU1-130P			snRNA
chr10-30	chr10	22436872	22437134	+	1	NA	intron (ENST00000487973.1, intron 2 of 3)	protein_coding-intron (ENST00000487973.1, intron 2 of 3)	39061	ENST00000674076.1	ENSG00000285254	ENST00000642887			ENSG00000285254			unitary_pseudogene
chr6-51	chr6	42118783	42119045	+	1	NA	intron (ENST00000341865.9, intron 2 of 4)	protein_coding-intron (ENST00000341865.9, intron 2 of 4)	23705	ENST00000356542.5	ENSG00000188112	ENST00000696229			C6orf132			protein_coding
chr7-10	chr7	158829875	158830137	+	1	NA	promoter-TSS (ENST00000251527.10)	protein_coding-promoter-TSS (ENST00000251527.10)	247	ENST00000497111.1	ENSG00000117868	ENST00000251527			ESYT2			protein_coding
chr14-136	chr14	61568711	61568973	+	1	NA	intron (ENST00000553288.5, intron 1 of 3)	lncRNA-intron (ENST00000508827.1, intron 2 of 4)	1352	ENST00000553288.5	ENSG00000250548	ENST00000668001			LINC01303			lncRNA
chr20-1319	chr20	44521703	44521965	+	1	NA	intron (ENST00000468234.1, intron 1 of 2)	protein_coding-intron (ENST00000255175.5, intron 1 of 10)	220	ENST00000468234.1	ENSG00000132824	ENST00000411544			SERINC3			protein_coding
chr1-280	chr1	174968715	174968977	+	1	NA	TTS (ENST00000686005.1)	lncRNA-TTS (ENST00000686005.1)	1518	ENST00000686005.1	ENSG00000289425	ENST00000686005			ENSG00000289425			lncRNA
chr20-1036	chr20	45342258	45342520	+	1	NA	intron (ENST00000372733.3, intron 1 of 4)	protein_coding-intron (ENST00000372733.3, intron 1 of 4)	3434	ENST00000613646.1	ENSG00000275894	ENST00000613646			ENSG00000275894			lncRNA
chr14-218	chr14	75277253	75277515	+	1	NA	Intergenic	Intergenic	-1442	ENST00000554617.1	ENSG00000170345	ENST00000556324			FOS			protein_coding
chr6-42	chr6	43092704	43092966	+	1	NA	intron (ENST00000481273.5, intron 1 of 19)	protein_coding-intron (ENST00000230418.8, intron 1 of 18)	16021	ENST00000481273.5	ENSG00000112655	ENST00000497957			PTK7			protein_coding
chr7-42	chr7	100081724	100081986	+	1	NA	promoter-TSS (ENST00000292393.9)	protein_coding-promoter-TSS (ENST00000292393.9)	-91	ENST00000424697.5	ENSG00000166526	ENST00000424697			ZNF3			protein_coding
chr5-149	chr5	61408704	61408966	+	1	NA	intron (ENST00000252744.6, intron 1 of 13)	protein_coding-intron (ENST00000252744.6, intron 1 of 13)	-16964	ENST00000474162.1	ENSG00000213891	ENST00000474162			RPL3P6			processed_pseudogene
chr16-219	chr16	82170286	82170548	+	1	NA	promoter-TSS (ENST00000258169.9)	protein_coding-promoter-TSS (ENST00000258169.9)	121	ENST00000563841.1	ENSG00000261029	ENST00000563841			MPHOSPH6-DT			lncRNA
chr17-1615	chr17	68457839	68458101	+	1	NA	promoter-TSS (ENST00000262139.10)	protein_coding-promoter-TSS (ENST00000262139.10)	-457	ENST00000586815.1	ENSG00000070540	ENST00000589316			WIPI1			protein_coding
chr15-152	chr15	71691819	71692081	+	1	NA	intron (ENST00000567838.1, intron 1 of 9)	protein_coding-intron (ENST00000261862.8, intron 8 of 17)	31420	ENST00000567776.2	ENSG00000187720	ENST00000357769			THSD4			protein_coding
chr1-100	chr1	114716776	114717038	+	1	NA	promoter-TSS (ENST00000369535.5)	protein_coding-promoter-TSS (ENST00000369535.5)	-136	ENST00000369535.5	ENSG00000213281	ENST00000369535			NRAS			protein_coding
chr20-1719	chr20	45348136	45348398	+	1	NA	intron (ENST00000372733.3, intron 1 of 4)	protein_coding-intron (ENST00000372733.3, intron 1 of 4)	157	ENST00000372733.3	ENSG00000124145	ENST00000372733			SDC4			protein_coding
chr22-85	chr22	50293343	50293605	+	1	NA	intron (ENST00000449103.5, intron 2 of 36)	protein_coding-intron (ENST00000359337.9, intron 2 of 36)	-3913	ENST00000411680.1	ENSG00000196576	ENST00000492578			PLXNB2			protein_coding
chr7-82	chr7	28956663	28956925	+	1	NA	promoter-TSS (ENST00000436594.1)	lncRNA-promoter-TSS (ENST00000436594.1)	-873	ENST00000436594.1	ENSG00000228421	ENST00000436594			ENSG00000228421			lncRNA
chr10-108	chr10	79240135	79240397	+	1	NA	intron (ENST00000334512.10, intron 7 of 24)	protein_coding-intron (ENST00000334512.10, intron 7 of 24)	-3403	ENST00000472035.5	ENSG00000108175	ENST00000472035			ZMIZ1			protein_coding
chr10-221	chr10	101066122	101066384	+	1	NA	promoter-TSS (ENST00000465807.1)	protein_coding-promoter-TSS (ENST00000465807.1)	-46	ENST00000465807.1	ENSG00000107821	ENST00000465807			KAZALD1			protein_coding
chr1-510	chr1	182789492	182789754	+	1	NA	promoter-TSS (ENST00000367553.6)	protein_coding-promoter-TSS (ENST00000367553.6)	-114	ENST00000463899.5	ENSG00000135838	ENST00000367553			NPL			protein_coding
chr21-8	chr21	39313597	39313859	+	1	NA	promoter-TSS (ENST00000333229.6)	protein_coding-promoter-TSS (ENST00000333229.6)	-86	ENST00000341322.4	ENSG00000185658	ENST00000445668			BRWD1			protein_coding
chr15-689	chr15	69452983	69453245	+	1	NA	promoter-TSS (ENST00000488122.2)	protein_coding-promoter-TSS (ENST00000488122.2)	95	ENST00000488122.2	ENSG00000137818	ENST00000260379			RPLP1			protein_coding
chr16-385	chr16	31074235	31074497	+	1	NA	promoter-TSS (ENST00000300849.5)	protein_coding-promoter-TSS (ENST00000300849.5)	-56	ENST00000300850.5	ENSG00000167395	ENST00000300850			ZNF646			protein_coding
chr10-231	chr10	3046010	3046272	+	1	NA	intron (ENST00000658425.1, intron 1 of 1)	lncRNA-intron (ENST00000658425.1, intron 1 of 1)	942	ENST00000658425.1	ENSG00000287560	ENST00000658425			ENSG00000287560			lncRNA
chr7-247	chr7	1046797	1047059	+	1	NA	intron (ENST00000444847.2, intron 1 of 1)	protein_coding-intron (ENST00000357429.10, intron 2 of 4)	2323	ENST00000481403.1	ENSG00000164849	ENST00000481403			GPR146			protein_coding
chr22-11	chr22	37607014	37607276	+	1	NA	Intergenic	Intergenic	-1580	ENST00000381756.9	ENSG00000100083	ENST00000460957			GGA1			protein_coding
chr8-444	chr8	22748355	22748617	+	1	NA	intron (ENST00000523627.1, intron 4 of 4)	protein_coding-intron (ENST00000256404.8, intron 4 of 6)	983	ENST00000521141.1	ENSG00000253125	ENST00000519624			ENSG00000253125			lncRNA
chr8-238	chr8	100746387	100746649	+	1	NA	Intergenic	Intergenic	-6591	ENST00000408600.1	ENSG00000221527	ENST00000408600			RNU6ATAC41P			snRNA
chr15-92	chr15	90095483	90095745	+	1	NA	intron (ENST00000559482.5, intron 1 of 7)	protein_coding-intron (ENST00000330062.8, intron 1 of 10)	5081	ENST00000540499.2	ENSG00000182054	ENST00000540499			IDH2			protein_coding
chr19-130	chr19	56121309	56121571	+	1	NA	promoter-TSS (ENST00000587279.1)	protein_coding-promoter-TSS (ENST00000587279.1)	-145	ENST00000610935.2	ENSG00000142409	ENST00000610935			ZNF787			protein_coding
chr1-359	chr1	115670894	115671156	+	1	NA	promoter-TSS (ENST00000474344.1)	protein_coding-promoter-TSS (ENST00000474344.1)	-20	ENST00000478369.5	ENSG00000173218	ENST00000355485			VANGL1			protein_coding
chr4-17	chr4	3868424	3868686	+	1	NA	Intergenic	Intergenic	21694	ENST00000505943.1	ENSG00000251166	ENST00000505943			OR7E163P			unprocessed_pseudogene
chr19-120	chr19	12786522	12786784	+	1	NA	promoter-TSS (ENST00000585074.1)	miRNA-promoter-TSS (ENST00000585074.1)	-475	ENST00000585074.1	ENSG00000263800	ENST00000585074			MIR5684			miRNA
chr5-34	chr5	133249384	133249646	+	1	NA	TTS (ENST00000515122.1)	lncRNA-TTS (ENST00000515122.1)	2749	ENST00000507112.1	ENSG00000053108	ENST00000514998			FSTL4			protein_coding
chr1-241	chr1	162285290	162285552	+	1	NA	intron (ENST00000530878.5, intron 2 of 9)	protein_coding-intron (ENST00000361897.10, intron 2 of 9)	32373	ENST00000447899.1	ENSG00000227094	ENST00000447899			ENSG00000227094			lncRNA
chr11-326	chr11	67267666	67267928	+	1	NA	intron (ENST00000526285.1, intron 1 of 13)	protein_coding-intron (ENST00000308595.10, intron 1 of 20)	1316	ENST00000526285.1	ENSG00000173020	ENST00000531390			GRK2			protein_coding
chr15-3	chr15	70892389	70892651	+	1	NA	promoter-TSS (ENST00000249861.9)	protein_coding-promoter-TSS (ENST00000249861.9)	49	ENST00000559201.5	ENSG00000137821	ENST00000436542			LRRC49			protein_coding
chr15-93	chr15	92820283	92820545	+	1	NA	promoter-TSS (ENST00000691828.1)	lncRNA-promoter-TSS (ENST00000691828.1)	-30	ENST00000691828.1	ENSG00000289200	ENST00000691828			ENSG00000289200			lncRNA
chr2-16	chr2	23927159	23927421	+	1	NA	promoter-TSS (ENST00000238789.10)	protein_coding-promoter-TSS (ENST00000238789.10)	5	ENST00000446425.2	ENSG00000173960	ENST00000309033			UBXN2A			protein_coding
chr2-170	chr2	46409234	46409496	+	1	NA	Intergenic	Intergenic	-15137	ENST00000418415.2	ENSG00000228100	ENST00000665509			LINC01820			lncRNA
chr13-6	chr13	21603940	21604202	+	1	NA	promoter-TSS (ENST00000382374.9)	protein_coding-promoter-TSS (ENST00000382374.9)	94	ENST00000469058.1	ENSG00000165487	ENST00000460488			MICU2			protein_coding
chr2-352	chr2	219541948	219542210	+	1	NA	exon (ENST00000243776.11, exon 2 of 4)	protein_coding-exon (ENST00000243776.11, exon 2 of 4)	1018	ENST00000535926.3	ENSG00000123989	ENST00000243776			CHPF			protein_coding
chr11-376	chr11	64842764	64843026	+	1	NA	intron (ENST00000342711.6, intron 1 of 36)	protein_coding-intron (ENST00000342711.6, intron 1 of 36)	1758	ENST00000342711.6	ENSG00000171219	ENST00000491280			CDC42BPG			protein_coding
chr1-545	chr1	52698173	52698435	+	1	NA	promoter-TSS (ENST00000371538.5)	protein_coding-promoter-TSS (ENST00000371538.5)	43	ENST00000371538.5	ENSG00000162377	ENST00000486918			COA7			protein_coding
chr17-355	chr17	49101110	49101372	+	1	NA	Intergenic	Intergenic	15730	ENST00000508857.2	ENSG00000248883	ENST00000508857			B4GALNT2P1			unprocessed_pseudogene
chr12-281	chr12	103930355	103930617	+	1	NA	promoter-TSS (ENST00000299767.10)	protein_coding-promoter-TSS (ENST00000299767.10)	48	ENST00000548462.5	ENSG00000166598	ENST00000681861			HSP90B1			protein_coding
chr7-176	chr7	80942913	80943175	+	1	NA	Intergenic	Intergenic	-20685	ENST00000419255.6	ENSG00000075223	ENST00000475955			SEMA3C			protein_coding
chr3-290	chr3	170037690	170037952	+	1	NA	promoter-TSS (ENST00000355897.10)	protein_coding-promoter-TSS (ENST00000355897.10)	-174	ENST00000355897.10	ENSG00000173890	ENST00000476668			GPR160			protein_coding
chr19-170	chr19	752627	752889	+	1	NA	intron (ENST00000215582.8, intron 1 of 4)	protein_coding-intron (ENST00000215582.8, intron 1 of 4)	1646	ENST00000215582.8	ENSG00000099812	ENST00000614180			MISP			protein_coding
chr2-64	chr2	237202081	237202343	+	1	NA	Intergenic	Intergenic	-54879	ENST00000445534.2	ENSG00000224132	ENST00000445534			ENSG00000224132			lncRNA
chr20-554	chr20	17968629	17968891	+	1	NA	promoter-TSS (ENST00000377704.4)	protein_coding-promoter-TSS (ENST00000377704.4)	0	ENST00000469704.1	ENSG00000089006	ENST00000483485			SNX5			protein_coding
chr3-142	chr3	14885253	14885515	+	1	NA	intron (ENST00000468662.5, intron 1 of 16)	protein_coding-intron (ENST00000285046.10, intron 4 of 19)	3079	ENST00000468662.5	ENSG00000154783	ENST00000468662			FGD5			protein_coding
chr9-165	chr9	134367826	134368088	+	1	NA	intron (ENST00000481739.2, intron 1 of 9)	protein_coding-intron (ENST00000481739.2, intron 1 of 9)	-4014	ENST00000356384.4	ENSG00000186350	ENST00000481739			RXRA			protein_coding
chr16-334	chr16	30075588	30075850	+	1	NA	promoter-TSS (ENST00000279387.12)	protein_coding-promoter-TSS (ENST00000279387.12)	-259	ENST00000563732.5	ENSG00000149923	ENST00000561610			PPP4C			protein_coding
chr3-418	chr3	193816555	193816817	+	1	NA	Intergenic	Intergenic	27323	ENST00000439074.2	ENSG00000229155	ENST00000445168			LINC02038			lncRNA
chr6-361	chr6	27473015	27473277	+	1	NA	promoter-TSS (ENST00000211936.10)	protein_coding-promoter-TSS (ENST00000211936.10)	-28	ENST00000211936.10	ENSG00000096654	ENST00000377419			ZNF184			protein_coding
chr15-97	chr15	69813853	69814115	+	1	NA	intron (ENST00000647319.1, intron 11 of 11)	lncRNA-intron (ENST00000647319.1, intron 11 of 11)	8872	ENST00000561316.1	ENSG00000259309	ENST00000650343			ENSG00000259309			lncRNA
chr11-21	chr11	72041509	72041771	+	1	NA	promoter-TSS (ENST00000535947.5)	protein_coding-promoter-TSS (ENST00000535947.5)	-115	ENST00000544238.5	ENSG00000137497	ENST00000540626			NUMA1			protein_coding
chr2-353	chr2	229930760	229931022	+	1	NA	intron (ENST00000465090.2, intron 1 of 1)	protein_coding-intron (ENST00000283946.8, intron 1 of 3)	6991	ENST00000516524.1	ENSG00000252333	ENST00000516524			RNU6-964P			snRNA
chr17-10	chr17	59106687	59106949	+	1	NA	promoter-TSS (ENST00000262294.12)	protein_coding-promoter-TSS (ENST00000262294.12)	8	ENST00000393065.6	ENSG00000108395	ENST00000584889			TRIM37			protein_coding
chr16-226	chr16	1913375	1913637	+	1	NA	intron (ENST00000454677.3, intron 1 of 1)	protein_coding-intron (ENST00000454677.3, intron 1 of 1)	4909	ENST00000454677.3	ENSG00000162040	ENST00000454677			HS3ST6			protein_coding
chr5-59	chr5	33440698	33440960	+	1	NA	promoter-TSS (ENST00000265112.8)	protein_coding-promoter-TSS (ENST00000265112.8)	24	ENST00000502508.5	ENSG00000113407	ENST00000507716			TARS1			protein_coding
chr20-1881	chr20	25623957	25624219	+	1	NA	promoter-TSS (ENST00000304788.4)	protein_coding-promoter-TSS (ENST00000304788.4)	29	ENST00000439498.5	ENSG00000213742	ENST00000661376			ZNF337-AS1			lncRNA
chr20-829	chr20	53346294	53346556	+	1	NA	intron (ENST00000606932.1, intron 1 of 2)	protein_coding-intron (ENST00000371497.10, intron 2 of 2)	66485	ENST00000436286.2	ENSG00000231703	ENST00000436286			ENSG00000231703			lncRNA
chr1-767	chr1	225882415	225882677	+	1	NA	promoter-TSS (ENST00000366835.8)	protein_coding-promoter-TSS (ENST00000366835.8)	-166	ENST00000366835.8	ENSG00000196187	ENST00000487971			TMEM63A			protein_coding
chr8-241	chr8	116324818	116325080	+	1	NA	exon (ENST00000505156.2, exon 1 of 14)	lncRNA-exon (ENST00000505156.2, exon 1 of 14)	110	ENST00000505156.2	ENSG00000249917	ENST00000664052			LINC00536			lncRNA
chr14-91	chr14	51095115	51095377	+	1	NA	promoter-TSS (ENST00000338969.9)	protein_coding-promoter-TSS (ENST00000338969.9)	83	ENST00000338969.9	ENSG00000100505	ENST00000360392			TRIM9			protein_coding
chr13-28	chr13	33119808	33120070	+	1	NA	intron (ENST00000567873.2, intron 7 of 13)	protein_coding-intron (ENST00000255486.8, intron 7 of 13)	-6746	ENST00000491333.1	ENSG00000133121	ENST00000567873			STARD13			protein_coding
chr2-128	chr2	54574396	54574658	+	1	NA	intron (ENST00000333896.5, intron 1 of 30)	protein_coding-intron (ENST00000333896.5, intron 1 of 30)	-7050	ENST00000693039.1	ENSG00000289627	ENST00000693039			ENSG00000289627			lncRNA
chr11-274	chr11	66081545	66081807	+	1	NA	intron (ENST00000527224.1, intron 1 of 6)	protein_coding-intron (ENST00000320580.9, intron 1 of 23)	-2297	ENST00000533756.5	ENSG00000175115	ENST00000527380			PACS1			protein_coding
chr10-245	chr10	43375412	43375674	+	1	NA	exon (ENST00000476166.6, exon 6 of 9)	protein_coding-exon (ENST00000476166.6, exon 6 of 9)	1074	ENST00000479189.1	ENSG00000150201	ENST00000479189			FXYD4			protein_coding
chr12-187	chr12	1836919	1837181	+	1	NA	TTS (ENST00000299194.6)	protein_coding-TTS (ENST00000299194.6)	9487	ENST00000546157.1	ENSG00000166159	ENST00000299194			LRTM2			protein_coding
chr14-449	chr14	87993117	87993379	+	1	NA	promoter-TSS (ENST00000261304.7)	protein_coding-promoter-TSS (ENST00000261304.7)	-66	ENST00000261304.7	ENSG00000054983	ENST00000554916			GALC			protein_coding
chrX-1	chrX	103686992	103687254	+	1	NA	promoter-TSS (ENST00000422355.5)	protein_coding-promoter-TSS (ENST00000422355.5)	-161	ENST00000435306.1	ENSG00000231154	ENST00000435306			MORF4L2-AS1			lncRNA
chr1-238	chr1	151473463	151473725	+	1	NA	Intergenic	Intergenic	-14100	ENST00000710270.1	ENSG00000143442	ENST00000409503			POGZ			protein_coding
chr1-334	chr1	228739333	228739595	+	1	NA	intron (ENST00000366691.4, intron 2 of 2)	protein_coding-intron (ENST00000366691.4, intron 2 of 2)	3985	ENST00000366691.4	ENSG00000116574	ENST00000366691			RHOU			protein_coding
chr18-115	chr18	13246397	13246659	+	1	NA	intron (ENST00000677055.1, intron 1 of 5)	protein_coding-intron (ENST00000359446.11, intron 1 of 6)	6985	ENST00000623680.1	ENSG00000279020	ENST00000623680			C18orf15			TEC
chr2-21	chr2	25035599	25035861	+	1	NA	TTS (ENST00000428614.1)	lncRNA-TTS (ENST00000428614.1)	-6346	ENST00000403714.8	ENSG00000084710	ENST00000405108			EFR3B			protein_coding
chr11-10	chr11	69515369	69515631	+	1	NA	Intergenic	Intergenic	29889	ENST00000642898.1	ENSG00000285094	ENST00000644563			LINC01488			lncRNA
chr16-31	chr16	1351806	1352068	+	1	NA	promoter-TSS (ENST00000007390.3)	protein_coding-promoter-TSS (ENST00000007390.3)	-3	ENST00000683366.1	ENSG00000090581	ENST00000529957			GNPTG			protein_coding
chr5-5	chr5	67207006	67207268	+	1	NA	Intergenic	Intergenic	-10338	ENST00000256447.5	ENSG00000134061	ENST00000256447			CD180			protein_coding
chr9-356	chr9	131125592	131125854	+	1	NA	promoter-TSS (ENST00000531584.1)	protein_coding-promoter-TSS (ENST00000531584.1)	-16	ENST00000651022.1	ENSG00000126883	ENST00000695498			NUP214			protein_coding
chr17-21	chr17	63842626	63842888	+	1	NA	promoter-TSS (ENST00000225742.13)	protein_coding-promoter-TSS (ENST00000225742.13)	-59	ENST00000584400.5	ENSG00000108604	ENST00000698014			SMARCD2			protein_coding
chr1-685	chr1	109705504	109705766	+	1	NA	exon (ENST00000624726.1, exon 1 of 1)	protein_coding-exon (ENST00000624726.1, exon 1 of 1)	404	ENST00000624726.1	ENSG00000213366	ENST00000481656			GSTM2			protein_coding
chr1-983	chr1	241848052	241848314	+	1	NA	promoter-TSS (ENST00000348581.9)	protein_coding-promoter-TSS (ENST00000348581.9)	-21	ENST00000366548.8	ENSG00000174371	ENST00000493702			EXO1			protein_coding
chr6-522	chr6	122622697	122622959	+	1	NA	intron (ENST00000392490.5, intron 1 of 3)	protein_coding-intron (ENST00000368448.5, intron 1 of 5)	-1814	ENST00000658962.1	ENSG00000287258	ENST00000658962			ENSG00000287258			lncRNA
chr7-174	chr7	75914972	75915234	+	1	NA	promoter-TSS (ENST00000394893.5)	protein_coding-promoter-TSS (ENST00000394893.5)	16	ENST00000706544.1	ENSG00000127948	ENST00000454934			POR			protein_coding
chr1-395	chr1	36088710	36088972	+	1	NA	promoter-TSS (ENST00000373178.5)	protein_coding-promoter-TSS (ENST00000373178.5)	-51	ENST00000373178.5	ENSG00000116863	ENST00000373178			ADPRS			protein_coding
chrX-19	chrX	150693851	150694113	+	1	NA	intron (ENST00000542156.5, intron 1 of 9)	protein_coding-intron (ENST00000370390.7, intron 1 of 15)	451	ENST00000490316.7	ENSG00000063601	ENST00000434699			MTMR1			protein_coding
chr9-215	chr9	14326402	14326664	+	1	NA	intron (ENST00000671131.1, intron 1 of 1)	protein_coding-intron (ENST00000380934.8, intron 1 of 8)	-4195	ENST00000606230.2	ENSG00000147862	ENST00000397579			NFIB			protein_coding
chr11-355	chr11	36510000	36510262	+	1	NA	promoter-TSS (ENST00000529126.5)	protein_coding-promoter-TSS (ENST00000529126.5)	125	ENST00000348124.5	ENSG00000175104	ENST00000348124			TRAF6			protein_coding
chr9-339	chr9	109316258	109316520	+	1	NA	intron (ENST00000374566.8, intron 1 of 25)	protein_coding-intron (ENST00000374557.4, intron 1 of 15)	4575	ENST00000374557.4	ENSG00000095203	ENST00000374566			EPB41L4B			protein_coding
chr14-265	chr14	104100970	104101232	+	1	NA	intron (ENST00000551177.6, intron 6 of 15)	protein_coding-intron (ENST00000546892.6, intron 6 of 14)	-3828	ENST00000549809.5	ENSG00000166183	ENST00000548372			ASPG			protein_coding
chr20-1547	chr20	60299849	60300111	+	1	NA	intron (ENST00000654397.1, intron 5 of 6)	lncRNA-intron (ENST00000421257.1, intron 1 of 2)	-8494	ENST00000385067.1	ENSG00000207802	ENST00000385067			MIR646			miRNA
chr2-58	chr2	27081231	27081493	+	1	NA	intron (ENST00000380320.9, intron 3 of 7)	protein_coding-intron (ENST00000380320.9, intron 3 of 7)	-2233	ENST00000433140.1	ENSG00000138080	ENST00000380320			EMILIN1			protein_coding
chr6-174	chr6	28349811	28350073	+	1	NA	promoter-TSS (ENST00000252211.7)	protein_coding-promoter-TSS (ENST00000252211.7)	-5	ENST00000252211.7	ENSG00000189298	ENST00000377255			ZKSCAN3			protein_coding
chr5-184	chr5	149129319	149129581	+	1	NA	exon (ENST00000668914.1, exon 3 of 3)	lncRNA-exon (ENST00000668914.1, exon 3 of 3)	-12033	ENST00000326685.11	ENSG00000173210	ENST00000517451			ABLIM3			protein_coding
chr16-109	chr16	10386016	10386278	+	1	NA	promoter-TSS (ENST00000396559.5)	protein_coding-promoter-TSS (ENST00000396559.5)	86	ENST00000562102.6	ENSG00000166669	ENST00000570163			ATF7IP2			protein_coding
chr11-319	chr11	66345076	66345338	+	1	NA	promoter-TSS (ENST00000359957.8)	protein_coding-promoter-TSS (ENST00000359957.8)	-82	ENST00000529544.1	ENSG00000174744	ENST00000530238			BRMS1			protein_coding
chr15-330	chr15	79923926	79924188	+	1	NA	promoter-TSS (ENST00000479961.1)	protein_coding-promoter-TSS (ENST00000479961.1)	-303	ENST00000494999.1	ENSG00000259332	ENST00000494999			ST20-MTHFS			protein_coding
chr1-225	chr1	1511712	1511974	+	1	NA	promoter-TSS (ENST00000339113.9)	protein_coding-promoter-TSS (ENST00000339113.9)	-319	ENST00000378756.8	ENSG00000197785	ENST00000672388			ATAD3A			protein_coding
chr3-93	chr3	9749897	9750159	+	1	NA	promoter-TSS (ENST00000302003.11)	protein_coding-promoter-TSS (ENST00000302003.11)	10	ENST00000436092.1	ENSG00000114026	ENST00000416333			OGG1			protein_coding
chr8-15	chr8	128176898	128177160	+	1	NA	intron (ENST00000651587.1, intron 10 of 10)	lncRNA-intron (ENST00000650846.1, intron 3 of 3)	26913	ENST00000408334.1	ENSG00000221261	ENST00000408334			MIR1208			miRNA
chr19-1	chr19	35757841	35758103	+	1	NA	promoter-TSS (ENST00000004982.6)	protein_coding-promoter-TSS (ENST00000004982.6)	107	ENST00000592984.6	ENSG00000004776	ENST00000592984			HSPB6			protein_coding
chr2-135	chr2	131672715	131672977	+	1	NA	intron (ENST00000652878.1, intron 1 of 5)	lncRNA-intron (ENST00000652878.1, intron 1 of 5)	-9629	ENST00000657415.1	ENSG00000287151	ENST00000655714			C2orf27A			lncRNA
chr8-734	chr8	42391403	42391665	+	1	NA	promoter-TSS (ENST00000022615.9)	protein_coding-promoter-TSS (ENST00000022615.9)	-90	ENST00000518563.5	ENSG00000078668	ENST00000518563			VDAC3			protein_coding
chr3-992	chr3	51995742	51996004	+	1	NA	promoter-TSS (ENST00000294189.11)	protein_coding-promoter-TSS (ENST00000294189.11)	8	ENST00000481629.1	ENSG00000162244	ENST00000294189			RPL29			protein_coding
chr17-2267	chr17	64443242	64443504	+	1	NA	Intergenic	Intergenic	-5664	ENST00000615220.4	ENSG00000271605	ENST00000620304			MILR1			protein_coding
chr15-320	chr15	72474088	72474350	+	1	NA	promoter-TSS (ENST00000379887.9)	protein_coding-promoter-TSS (ENST00000379887.9)	-10	ENST00000562573.1	ENSG00000261423	ENST00000701237			TMEM202-AS1			lncRNA
chr15-101	chr15	77420524	77420786	+	1	NA	promoter-TSS (ENST00000336216.9)	protein_coding-promoter-TSS (ENST00000336216.9)	-19	ENST00000381714.7	ENSG00000140382	ENST00000560986			HMG20A			protein_coding
chr20-473	chr20	50376964	50377226	+	1	NA	Intergenic	Intergenic	52388	ENST00000497504.3	ENSG00000244376	ENST00000497504			RN7SL636P			misc_RNA
chr22-20	chr22	28822917	28823179	+	1	NA	TTS (ENST00000422972.1)	lncRNA-TTS (ENST00000422972.1)	4717	ENST00000422972.1	ENSG00000226471	ENST00000692644			ENSG00000226471			lncRNA
chr16-50	chr16	71895204	71895466	+	1	NA	promoter-TSS (ENST00000329908.12)	protein_coding-promoter-TSS (ENST00000329908.12)	1	ENST00000561700.2	ENSG00000102984	ENST00000565516			ZNF821			protein_coding
chr15-117	chr15	40865965	40866227	+	1	NA	Intergenic	Intergenic	8138	ENST00000220507.5	ENSG00000104140	ENST00000220507			RHOV			protein_coding
chr17-921	chr17	40576131	40576393	+	1	NA	Intergenic	Intergenic	-10790	ENST00000246657.2	ENSG00000126353	ENST00000579344			CCR7			protein_coding
chr17-705	chr17	50952119	50952381	+	1	NA	Intergenic	Intergenic	-7537	ENST00000501718.2	ENSG00000247011	ENST00000501718			ENSG00000247011			lncRNA
chr11-45	chr11	74948979	74949241	+	1	NA	promoter-TSS (ENST00000263672.11)	protein_coding-promoter-TSS (ENST00000263672.11)	-6	ENST00000531852.5	ENSG00000166435	ENST00000431210			XRRA1			protein_coding
chr16-113	chr16	83946939	83947201	+	1	NA	intron (ENST00000566667.2, intron 1 of 6)	protein_coding-intron (ENST00000561562.5, intron 2 of 3)	-1997	ENST00000343939.6	ENSG00000140961	ENST00000563543			OSGIN1			protein_coding
chr19-282	chr19	16173080	16173342	+	1	NA	intron (ENST00000597251.5, intron 1 of 5)	protein_coding-intron (ENST00000269878.8, intron 1 of 5)	264	ENST00000379859.7	ENSG00000141977	ENST00000597251			CIB3			protein_coding
chr8-100	chr8	78665864	78666126	+	1	NA	promoter-TSS (ENST00000263849.9)	protein_coding-promoter-TSS (ENST00000263849.9)	-13	ENST00000661869.1	ENSG00000286675	ENST00000661869			ENSG00000286675			lncRNA
chr17-1470	chr17	45124578	45124840	+	1	NA	intron (ENST00000590644.5, intron 1 of 3)	protein_coding-intron (ENST00000538093.1, intron 1 of 3)	-5620	ENST00000546350.1	ENSG00000161714	ENST00000611986			PLCD3			protein_coding
chr10-177	chr10	47407051	47407313	+	1	NA	Intergenic	Intergenic	-22889	ENST00000585316.3	ENSG00000265763	ENST00000585316			ZNF488			protein_coding
chr2-194	chr2	120695719	120695981	+	1	NA	intron (ENST00000444963.1, intron 1 of 1)	lncRNA-intron (ENST00000444963.1, intron 1 of 1)	14615	ENST00000444963.1	ENSG00000229774	ENST00000421820			ENSG00000229774			lncRNA
chr9-13	chr9	122264709	122264971	+	1	NA	promoter-TSS (ENST00000344641.8)	protein_coding-promoter-TSS (ENST00000344641.8)	0	ENST00000417201.4	ENSG00000119446	ENST00000491850			RBM18			protein_coding
chr9-193	chr9	86093801	86094063	+	1	NA	intron (ENST00000466178.1, intron 1 of 3)	protein_coding-intron (ENST00000388711.7, intron 1 of 9)	5626	ENST00000388712.7	ENSG00000135052	ENST00000257504			GOLM1			protein_coding
chr12-4	chr12	109052412	109052674	+	1	NA	promoter-TSS (ENST00000257548.10)	protein_coding-promoter-TSS (ENST00000257548.10)	-33	ENST00000257548.10	ENSG00000135093	ENST00000257548			USP30			protein_coding
chr16-443	chr16	75054207	75054469	+	1	NA	intron (ENST00000564320.1, intron 2 of 5)	protein_coding-intron (ENST00000320619.10, intron 1 of 5)	-40806	ENST00000579084.1	ENSG00000186187	ENST00000568494			ZNRF1			protein_coding
chr17-86	chr17	68019859	68020121	+	1	NA	Intergenic	Intergenic	-15646	ENST00000676594.1	ENSG00000182481	ENST00000678054			KPNA2			protein_coding
chr3-1482	chr3	120558871	120559133	+	1	NA	Intergenic	Intergenic	-37326	ENST00000485064.1	ENSG00000065518	ENST00000492739			NDUFB4			protein_coding
chr17-2377	chr17	29639294	29639556	+	1	NA	promoter-TSS (ENST00000581240.1)	lncRNA-promoter-TSS (ENST00000581240.1)	-202	ENST00000581240.1	ENSG00000263370	ENST00000581240			ENSG00000263370			lncRNA
chr11-84	chr11	1769345	1769607	+	1	NA	Intergenic	Intergenic	-4269	ENST00000658619.1	ENSG00000287484	ENST00000658619			ENSG00000287484			lncRNA
chr16-145	chr16	22232772	22233034	+	1	NA	intron (ENST00000568269.5, intron 2 of 12)	protein_coding-intron (ENST00000263026.10, intron 2 of 17)	-24741	ENST00000563555.1	ENSG00000103319	ENST00000263026			EEF2K			protein_coding
chr20-587	chr20	51399549	51399811	+	1	NA	promoter-TSS (ENST00000496054.1)	protein_coding-promoter-TSS (ENST00000496054.1)	-461	ENST00000496054.1	ENSG00000101096	ENST00000371564			NFATC2			protein_coding
chr8-420	chr8	130528292	130528554	+	1	NA	Intergenic	Intergenic	-84749	ENST00000518721.6	ENSG00000153317	ENST00000521426			ASAP1			protein_coding
chr12-561	chr12	91986198	91986460	+	1	NA	exon (ENST00000546975.4, exon 5 of 5)	lncRNA-exon (ENST00000546975.4, exon 5 of 5)	2659	ENST00000664336.1	ENSG00000257242	ENST00000671521			LINC01619			lncRNA
chr22-46	chr22	31159958	31160220	+	1	NA	promoter-TSS (ENST00000266252.8)	protein_coding-promoter-TSS (ENST00000266252.8)	30	ENST00000583386.1	ENSG00000264141	ENST00000583386			MIR3928			miRNA
chr22-89	chr22	19432351	19432613	+	1	NA	promoter-TSS (ENST00000263208.5)	protein_coding-promoter-TSS (ENST00000263208.5)	-63	ENST00000333130.4	ENSG00000185608	ENST00000443660			MRPL40			protein_coding
chr14-30	chr14	23154416	23154678	+	1	NA	promoter-TSS (ENST00000422941.6)	protein_coding-promoter-TSS (ENST00000422941.6)	-97	ENST00000422941.6	ENSG00000092068	ENST00000469263			SLC7A8			protein_coding
chr8-19	chr8	123957624	123957886	+	1	NA	intron (ENST00000522917.5, intron 2 of 40)	protein_coding-intron (ENST00000522917.5, intron 2 of 40)	-31822	ENST00000522087.1	ENSG00000254000	ENST00000522087			ENSG00000254000			lncRNA
chr19-339	chr19	55526267	55526529	+	1	NA	Intergenic	Intergenic	9905	ENST00000344158.4	ENSG00000187550	ENST00000413299			SBK2			protein_coding
chr12-82	chr12	12872569	12872831	+	1	NA	Intergenic	Intergenic	-2799	ENST00000459725.1	ENSG00000234498	ENST00000459725			RPL13AP20			processed_pseudogene
chr9-153	chr9	87427985	87428247	+	1	NA	Intergenic	Intergenic	4482	ENST00000454946.2	ENSG00000228373	ENST00000454946			ENSG00000228373			processed_pseudogene
chr15-116	chr15	100291128	100291390	+	1	NA	intron (ENST00000568565.2, intron 3 of 22)	protein_coding-intron (ENST00000268070.9, intron 3 of 21)	-28872	ENST00000560486.2	ENSG00000140470	ENST00000268070			ADAMTS17			protein_coding
chr2-154	chr2	134918518	134918780	+	1	NA	promoter-TSS (ENST00000264157.10)	protein_coding-promoter-TSS (ENST00000264157.10)	21	ENST00000392929.6	ENSG00000224043	ENST00000392929			CCNT2-AS1			lncRNA
chr13-54	chr13	51935858	51936120	+	1	NA	intron (ENST00000674147.2, intron 15 of 16)	protein_coding-intron (ENST00000242839.10, intron 19 of 20)	-1468	ENST00000634519.1	ENSG00000123191	ENST00000674147			ATP7B			protein_coding
chr2-792	chr2	128291647	128291909	+	1	NA	intron (ENST00000494089.1, intron 1 of 1)	protein_coding-intron (ENST00000259241.7, intron 1 of 1)	-1582	ENST00000463963.1	ENSG00000136720	ENST00000463963			HS6ST1			protein_coding
chr16-90	chr16	82011319	82011581	+	1	NA	promoter-TSS (ENST00000328945.7)	protein_coding-promoter-TSS (ENST00000328945.7)	15	ENST00000534209.1	ENSG00000184860	ENST00000328945			SDR42E1			protein_coding
chr2-73	chr2	38875855	38876117	+	1	NA	promoter-TSS (ENST00000409077.2)	protein_coding-promoter-TSS (ENST00000409077.2)	-5	ENST00000410014.5	ENSG00000188010	ENST00000441049			MORN2			protein_coding
chr1-771	chr1	228045902	228046164	+	1	NA	intron (ENST00000284523.2, intron 2 of 3)	protein_coding-intron (ENST00000284523.2, intron 2 of 3)	30517	ENST00000623471.1	ENSG00000276255	ENST00000611237			LINC02809			lncRNA
chr3-248	chr3	129877666	129877928	+	1	NA	intron (ENST00000512902.5, intron 2 of 4)	protein_coding-intron (ENST00000393238.8, intron 2 of 6)	-8697	ENST00000503256.5	ENSG00000172765	ENST00000698215			TMCC1			protein_coding
chr9-152	chr9	37904156	37904418	+	1	NA	promoter-TSS (ENST00000242275.7)	protein_coding-promoter-TSS (ENST00000242275.7)	66	ENST00000496760.5	ENSG00000122696	ENST00000377716			SLC25A51			protein_coding
chr8-1	chr8	102600952	102601214	+	1	NA	Intergenic	Intergenic	21248	ENST00000521750.3	ENSG00000253382	ENST00000521750			POU5F1P2			processed_pseudogene
chr12-83	chr12	52192097	52192359	+	1	NA	promoter-TSS (ENST00000313234.9)	protein_coding-promoter-TSS (ENST00000313234.9)	-214	ENST00000394815.3	ENSG00000167767	ENST00000313234			KRT80			protein_coding
chr12-186	chr12	133080465	133080727	+	1	NA	promoter-TSS (ENST00000319849.7)	protein_coding-promoter-TSS (ENST00000319849.7)	122	ENST00000356456.9	ENSG00000196387	ENST00000544426			ZNF140			protein_coding
chr1-644	chr1	25338466	25338728	+	1	NA	promoter-TSS (ENST00000473314.6)	protein_coding-promoter-TSS (ENST00000473314.6)	137	ENST00000468704.1	ENSG00000183726	ENST00000374358			TMEM50A			protein_coding
chr15-233	chr15	66803286	66803548	+	1	NA	Intergenic	Intergenic	-4987	ENST00000604293.1	ENSG00000270490	ENST00000604293			ENSG00000270490			processed_pseudogene
chr3-434	chr3	61251401	61251663	+	1	NA	promoter-TSS (ENST00000465330.1)	protein_coding-promoter-TSS (ENST00000465330.1)	-73	ENST00000468189.5	ENSG00000189283	ENST00000468189			FHIT			protein_coding
chr3-56	chr3	100104160	100104422	+	1	NA	intron (ENST00000468533.1, intron 2 of 2)	protein_coding-intron (ENST00000463526.1, intron 2 of 3)	9973	ENST00000468533.1	ENSG00000168386	ENST00000354552			FILIP1L			protein_coding
chr16-237	chr16	21518191	21518453	+	1	NA	intron (ENST00000435197.3, intron 1 of 13)	lncRNA-intron (ENST00000435197.3, intron 1 of 13)	1688	ENST00000435197.3	ENSG00000291073	ENST00000522841			ENSG00000291073			lncRNA
chr5-55	chr5	137754601	137754863	+	1	NA	promoter-TSS (ENST00000314940.7)	protein_coding-promoter-TSS (ENST00000314940.7)	-369	ENST00000314940.7	ENSG00000177733	ENST00000314940			HNRNPA0			protein_coding
chr19-542	chr19	2059945	2060207	+	1	NA	Intergenic	Intergenic	-8832	ENST00000250896.9	ENSG00000099875	ENST00000585667			MKNK2			protein_coding
chr15-223	chr15	41116165	41116427	+	1	NA	promoter-TSS (ENST00000558357.6)	protein_coding-promoter-TSS (ENST00000558357.6)	-16	ENST00000648947.1	ENSG00000128908	ENST00000696947			INO80			protein_coding
chr14-51	chr14	93011677	93011939	+	1	NA	intron (ENST00000554999.5, intron 2 of 5)	protein_coding-intron (ENST00000267615.11, intron 4 of 10)	-12869	ENST00000553695.5	ENSG00000100605	ENST00000555495			ITPK1			protein_coding
chr19-669	chr19	49665819	49666081	+	1	NA	promoter-TSS (ENST00000246784.8)	protein_coding-promoter-TSS (ENST00000246784.8)	-11	ENST00000594157.5	ENSG00000126453	ENST00000598306			BCL2L12			protein_coding
chr16-295	chr16	30950151	30950413	+	1	NA	intron (ENST00000563161.1, intron 2 of 2)	protein_coding-intron (ENST00000318663.5, intron 1 of 1)	1130	ENST00000562699.1	ENSG00000175938	ENST00000562699			ORAI3			protein_coding
chr7-777	chr7	23273144	23273406	+	1	NA	promoter-TSS (ENST00000468723.1)	protein_coding-promoter-TSS (ENST00000468723.1)	6	ENST00000478451.1	ENSG00000136235	ENST00000465673			GPNMB			protein_coding
chrX-15	chrX	71068428	71068690	+	1	NA	promoter-TSS (ENST00000276105.3)	protein_coding-promoter-TSS (ENST00000276105.3)	-111	ENST00000622259.4	ENSG00000147164	ENST00000374274			SNX12			protein_coding
chr17-1852	chr17	18183380	18183642	+	1	NA	promoter-TSS (ENST00000399138.5)	protein_coding-promoter-TSS (ENST00000399138.5)	-317	ENST00000399138.5	ENSG00000091542	ENST00000541285			ALKBH5			protein_coding
chr1-164	chr1	235932157	235932419	+	1	NA	Intergenic	Intergenic	11517	ENST00000438371.1	ENSG00000237845	ENST00000438371			LINC03081			lncRNA
chr1-94	chr1	206557105	206557367	+	1	NA	promoter-TSS (ENST00000577571.5)	protein_coding-promoter-TSS (ENST00000577571.5)	71	ENST00000577571.5	ENSG00000266094	ENST00000636182			RASSF5			protein_coding
chr20-381	chr20	48054096	48054358	+	1	NA	intron (ENST00000701169.1, intron 3 of 3)	lncRNA-intron (ENST00000653312.1, intron 1 of 1)	-19642	ENST00000622092.1	ENSG00000276923	ENST00000622092			LINC03079			lncRNA
chr16-118	chr16	11133389	11133651	+	1	NA	intron (ENST00000703130.1, intron 21 of 22)	protein_coding-intron (ENST00000261657.5, intron 2 of 4)	7510	ENST00000459723.1	ENSG00000038532	ENST00000487189			CLEC16A			protein_coding
chr11-308	chr11	47947220	47947482	+	1	NA	Intergenic	Intergenic	-33074	ENST00000698881.1	ENSG00000149177	ENST00000698881			PTPRJ			protein_coding
chr9-396	chr9	98146306	98146568	+	1	NA	intron (ENST00000375077.5, intron 2 of 11)	protein_coding-intron (ENST00000343933.9, intron 2 of 11)	26447	ENST00000343933.9	ENSG00000106789	ENST00000375077			CORO2A			protein_coding
chr10-75	chr10	69427213	69427475	+	1	NA	Intergenic	Intergenic	6027	ENST00000444398.1	ENSG00000232734	ENST00000444398			ATP5MC1P7			processed_pseudogene
chr7-773	chr7	13278103	13278365	+	1	NA	intron (ENST00000658555.1, intron 2 of 3)	lncRNA-intron (ENST00000411542.1, intron 2 of 4)	86815	ENST00000456809.1	ENSG00000237713	ENST00000456809			ENSG00000237713			lncRNA
chr6-742	chr6	151894474	151894736	+	1	NA	intron (ENST00000456483.3, intron 2 of 4)	protein_coding-intron (ENST00000456483.3, intron 2 of 4)	13948	ENST00000415488.1	ENSG00000091831	ENST00000641399			ESR1			protein_coding
chr11-177	chr11	45804092	45804354	+	1	NA	promoter-TSS (ENST00000314134.4)	protein_coding-promoter-TSS (ENST00000314134.4)	137	ENST00000526817.2	ENSG00000181830	ENST00000442528			SLC35C1			protein_coding
chr17-108	chr17	58352089	58352351	+	1	NA	promoter-TSS (ENST00000225504.8)	protein_coding-promoter-TSS (ENST00000225504.8)	-19	ENST00000225504.8	ENSG00000213246	ENST00000579289			SUPT4H1			protein_coding
chr2-31	chr2	219569080	219569342	+	1	NA	promoter-TSS (ENST00000489456.1)	protein_coding-promoter-TSS (ENST00000489456.1)	49	ENST00000489456.1	ENSG00000123999	ENST00000489456			INHA			protein_coding
chr1-97	chr1	148679605	148679867	+	1	NA	promoter-TSS (ENST00000593495.4)	protein_coding-promoter-TSS (ENST00000593495.4)	6	ENST00000606877.2	ENSG00000270629	ENST00000616120			NBPF14			protein_coding
chr12-284	chr12	116910788	116911050	+	1	NA	promoter-TSS (ENST00000455858.2)	protein_coding-promoter-TSS (ENST00000455858.2)	-31	ENST00000652555.1	ENSG00000174989	ENST00000455858			FBXW8			protein_coding
chr11-218	chr11	62553476	62553738	+	1	NA	intron (ENST00000530285.5, intron 1 of 4)	protein_coding-intron (ENST00000530285.5, intron 1 of 4)	2628	ENST00000530285.5	ENSG00000124942	ENST00000257247			AHNAK			protein_coding
chr19-116	chr19	2032332	2032594	+	1	NA	intron (ENST00000590646.5, intron 1 of 4)	protein_coding-intron (ENST00000587742.5, intron 1 of 5)	-1412	ENST00000589141.1	ENSG00000267180	ENST00000589141			ENSG00000267180			transcribed_processed_pseudogene
chr1-780	chr1	1237565	1237827	+	1	NA	Intergenic	Intergenic	5459	ENST00000379198.5	ENSG00000176022	ENST00000379198			B3GALT6			protein_coding
chr8-236	chr8	94553409	94553671	+	1	NA	promoter-TSS (ENST00000297591.10)	protein_coding-promoter-TSS (ENST00000297591.10)	-11	ENST00000421249.2	ENSG00000164944	ENST00000517624			VIRMA			protein_coding
chr12-147	chr12	51270091	51270353	+	1	NA	promoter-TSS (ENST00000380103.4)	protein_coding-promoter-TSS (ENST00000380103.4)	-24	ENST00000398453.7	ENSG00000170545	ENST00000605426			SMAGP			protein_coding
chr21-125	chr21	40340437	40340699	+	1	NA	intron (ENST00000617870.4, intron 3 of 29)	protein_coding-intron (ENST00000400454.6, intron 6 of 32)	13086	ENST00000404019.2	ENSG00000171587	ENST00000404019			DSCAM			protein_coding
chr9-123	chr9	121201858	121202120	+	1	NA	promoter-TSS (ENST00000373840.9)	protein_coding-promoter-TSS (ENST00000373840.9)	-120	ENST00000373840.9	ENSG00000119396	ENST00000703998			RAB14			protein_coding
chr13-24	chr13	33642807	33643069	+	1	NA	intron (ENST00000653421.1, intron 1 of 1)	lncRNA-intron (ENST00000454681.2, intron 1 of 5)	-14498	ENST00000452207.1	ENSG00000232986	ENST00000452207			ENSG00000232986			lncRNA
chr8-40	chr8	25408195	25408457	+	1	NA	intron (ENST00000467709.6, intron 33 of 35)	protein_coding-intron (ENST00000276440.12, intron 49 of 51)	-1106	ENST00000521405.1	ENSG00000147459	ENST00000444569			DOCK5			protein_coding
chr8-80	chr8	100951994	100952256	+	1	NA	promoter-TSS (ENST00000395953.6)	protein_coding-promoter-TSS (ENST00000395953.6)	-105	ENST00000395958.6	ENSG00000164924	ENST00000523131			YWHAZ			protein_coding
chr16-89	chr16	74368003	74368265	+	1	NA	promoter-TSS (ENST00000566802.5)	lncRNA-promoter-TSS (ENST00000566802.5)	14	ENST00000568371.1	ENSG00000290890	ENST00000568371			ENSG00000290890			lncRNA
chr16-46	chr16	85515097	85515359	+	1	NA	intron (ENST00000637419.1, intron 2 of 2)	protein_coding-intron (ENST00000637419.1, intron 2 of 2)	25415	ENST00000620845.1	ENSG00000278716	ENST00000620845			ENSG00000278716			lncRNA
chr9-239	chr9	133459510	133459772	+	1	NA	promoter-TSS (ENST00000291722.11)	protein_coding-promoter-TSS (ENST00000291722.11)	-324	ENST00000542192.5	ENSG00000160325	ENST00000316948			CACFD1			protein_coding
chr7-111	chr7	1160078	1160340	+	1	NA	promoter-TSS (ENST00000316495.8)	protein_coding-promoter-TSS (ENST00000316495.8)	10	ENST00000484977.1	ENSG00000178381	ENST00000478137			ZFAND2A			protein_coding
chr7-185	chr7	107890949	107891211	+	1	NA	promoter-TSS (ENST00000205402.10)	protein_coding-promoter-TSS (ENST00000205402.10)	-82	ENST00000485066.1	ENSG00000091140	ENST00000460577			DLD			protein_coding
chr3-416	chr3	186567044	186567306	+	1	NA	promoter-TSS (ENST00000439351.5)	protein_coding-promoter-TSS (ENST00000439351.5)	164	ENST00000338733.10	ENSG00000113838	ENST00000430560			TBCCD1			protein_coding
chr9-127	chr9	34377012	34377274	+	1	NA	promoter-TSS (ENST00000297625.8)	protein_coding-promoter-TSS (ENST00000297625.8)	-245	ENST00000297625.8	ENSG00000164976	ENST00000379142			MYORG			protein_coding
chr11-127	chr11	66638545	66638807	+	1	NA	promoter-TSS (ENST00000310092.12)	protein_coding-promoter-TSS (ENST00000310092.12)	4	ENST00000408993.6	ENSG00000173933	ENST00000483858			RBM4			protein_coding
chr9-256	chr9	124771335	124771597	+	1	NA	promoter-TSS (ENST00000344523.8)	protein_coding-promoter-TSS (ENST00000344523.8)	-155	ENST00000487099.7	ENSG00000148200	ENST00000487099			NR6A1			protein_coding
chr5-175	chr5	109410214	109410476	+	1	NA	promoter-TSS (ENST00000361189.7)	protein_coding-promoter-TSS (ENST00000361189.7)	-371	ENST00000361189.7	ENSG00000198961	ENST00000361189			PJA2			protein_coding
chr1-117	chr1	180502756	180503018	+	1	NA	promoter-TSS (ENST00000367595.4)	protein_coding-promoter-TSS (ENST00000367595.4)	67	ENST00000642319.1	ENSG00000230124	ENST00000367595			ACBD6			protein_coding
chr12-235	chr12	65169464	65169726	+	1	NA	promoter-TSS (ENST00000308330.3)	protein_coding-promoter-TSS (ENST00000308330.3)	12	ENST00000308330.3	ENSG00000174106	ENST00000542032			LEMD3			protein_coding
chr20-1310	chr20	22390194	22390456	+	1	NA	promoter-TSS (ENST00000635565.1)	lncRNA-promoter-TSS (ENST00000635565.1)	2	ENST00000635565.1	ENSG00000204684	ENST00000634280			ENSG00000204684			lncRNA
chr2-119	chr2	71068728	71068990	+	1	NA	promoter-TSS (ENST00000489309.5)	protein_coding-promoter-TSS (ENST00000489309.5)	-119	ENST00000489309.5	ENSG00000124357	ENST00000479854			NAGK			protein_coding
chr3-285	chr3	97927742	97928004	+	1	NA	intron (ENST00000495403.1, intron 1 of 3)	protein_coding-intron (ENST00000389622.7, intron 17 of 21)	3661	ENST00000495403.1	ENSG00000080200	ENST00000389622			CRYBG3			protein_coding
chr5-188	chr5	160421734	160421996	+	1	NA	promoter-TSS (ENST00000352433.10)	protein_coding-promoter-TSS (ENST00000352433.10)	-4	ENST00000523659.5	ENSG00000164611	ENST00000393964			PTTG1			protein_coding
chr10-10	chr10	67884414	67884676	+	1	NA	promoter-TSS (ENST00000212015.11)	protein_coding-promoter-TSS (ENST00000212015.11)	-111	ENST00000212015.11	ENSG00000096717	ENST00000212015			SIRT1			protein_coding
chr6-53	chr6	89298027	89298289	+	1	NA	intron (ENST00000602808.1, intron 2 of 3)	protein_coding-intron (ENST00000402938.4, intron 2 of 8)	-3625	ENST00000405796.1	ENSG00000220418	ENST00000405796			TUBB3P1			processed_pseudogene
chr7-53	chr7	108091457	108091719	+	1	NA	intron (ENST00000475469.1, intron 14 of 22)	protein_coding-intron (ENST00000205386.8, intron 14 of 33)	-25730	ENST00000471677.5	ENSG00000091128	ENST00000475469			LAMB4			protein_coding
chr12-225	chr12	46201613	46201875	+	1	NA	intron (ENST00000612161.4, intron 10 of 14)	protein_coding-intron (ENST00000398637.10, intron 12 of 16)	-3723	ENST00000548979.1	ENSG00000111371	ENST00000398637			SLC38A1			protein_coding
chr3-1196	chr3	4741583	4741845	+	1	NA	intron (ENST00000650294.1, intron 43 of 60)	protein_coding-intron (ENST00000302640.13, intron 43 of 60)	-8619	ENST00000621460.1	ENSG00000275981	ENST00000621460			ENSG00000275981			misc_RNA
chr9-340	chr9	112379707	112379969	+	1	NA	promoter-TSS (ENST00000398803.1)	protein_coding-promoter-TSS (ENST00000398803.1)	-242	ENST00000398803.1	ENSG00000119471	ENST00000467434			HSDL2			protein_coding
chr20-1710	chr20	33811070	33811332	+	1	NA	promoter-TSS (ENST00000217402.3)	protein_coding-promoter-TSS (ENST00000217402.3)	-92	ENST00000443171.6	ENSG00000230753	ENST00000423074			ZNF341-AS1			lncRNA
chr5-52	chr5	40835227	40835489	+	1	NA	promoter-TSS (ENST00000274242.10)	protein_coding-promoter-TSS (ENST00000274242.10)	-136	ENST00000274242.10	ENSG00000145592	ENST00000508493			RPL37			protein_coding
chr16-743	chr16	57623214	57623476	+	1	NA	intron (ENST00000563251.1, intron 3 of 3)	protein_coding-intron (ENST00000561833.5, intron 2 of 4)	2009	ENST00000569531.5	ENSG00000205336	ENST00000568234			ADGRG1			protein_coding
chr17-79	chr17	75085512	75085774	+	1	NA	Intergenic	Intergenic	-2084	ENST00000580123.5	ENSG00000170190	ENST00000329783			SLC16A5			protein_coding
chr3-790	chr3	9986750	9987012	+	1	NA	promoter-TSS (ENST00000245046.7)	protein_coding-promoter-TSS (ENST00000245046.7)	-4	ENST00000692142.1	ENSG00000291224	ENST00000366264			ENSG00000291224			lncRNA
chr13-98	chr13	23715245	23715507	+	1	NA	intron (ENST00000691844.2, intron 1 of 2)	lncRNA-intron (ENST00000691844.2, intron 1 of 2)	224	ENST00000691844.2	ENSG00000289332	ENST00000691844			ENSG00000289332			lncRNA
chr14-21	chr14	24367200	24367462	+	1	NA	promoter-TSS (ENST00000250373.9)	protein_coding-promoter-TSS (ENST00000250373.9)	-33	ENST00000539237.6	ENSG00000100968	ENST00000555393			NFATC4			protein_coding
chr8-262	chr8	68854461	68854723	+	1	NA	Intergenic	Intergenic	-1829	ENST00000522354.1	ENSG00000254337	ENST00000522354			ENSG00000254337			lncRNA
chr16-722	chr16	28211995	28212257	+	1	NA	promoter-TSS (ENST00000304658.10)	protein_coding-promoter-TSS (ENST00000304658.10)	-161	ENST00000304658.10	ENSG00000169180	ENST00000573645			XPO6			protein_coding
chr19-223	chr19	3718388	3718650	+	1	NA	intron (ENST00000539908.6, intron 1 of 19)	protein_coding-intron (ENST00000539908.6, intron 1 of 19)	-3098	ENST00000587912.1	ENSG00000105289	ENST00000591493			TJP3			protein_coding
chr20-870	chr20	62386878	62387140	+	1	NA	promoter-TSS (ENST00000343986.9)	protein_coding-promoter-TSS (ENST00000343986.9)	-9	ENST00000610979.2	ENSG00000273619	ENST00000610979			RPS21-DT			lncRNA
chr17-265	chr17	57085758	57086020	+	1	NA	promoter-TSS (ENST00000574683.1)	protein_coding-promoter-TSS (ENST00000574683.1)	115	ENST00000572814.1	ENSG00000121057	ENST00000575032			AKAP1			protein_coding
chr1-112	chr1	62892168	62892430	+	1	NA	Intergenic	Intergenic	-3710	ENST00000450811.1	ENSG00000234318	ENST00000450811			ENSG00000234318			lncRNA
chr2-561	chr2	65382834	65383096	+	1	NA	intron (ENST00000440972.1, intron 2 of 3)	protein_coding-intron (ENST00000356388.9, intron 1 of 5)	-2280	ENST00000419244.2	ENSG00000232693	ENST00000419244			ENSG00000232693			lncRNA
chr15-487	chr15	61750556	61750818	+	1	NA	Intergenic	Intergenic	20837	ENST00000561386.1	ENSG00000259284	ENST00000671175			LINC02349			lncRNA
chr20-1221	chr20	63224731	63224993	+	1	NA	Intergenic	Intergenic	6821	ENST00000615354.1	ENSG00000273821	ENST00000615354			ENSG00000273821			lncRNA
chr11-88	chr11	68459938	68460200	+	1	NA	promoter-TSS (ENST00000265636.9)	protein_coding-promoter-TSS (ENST00000265636.9)	-662	ENST00000530427.5	ENSG00000110075	ENST00000533127			PPP6R3			protein_coding
chr9-326	chr9	83707695	83707957	+	1	NA	promoter-TSS (ENST00000529923.1)	protein_coding-promoter-TSS (ENST00000529923.1)	108	ENST00000257468.11	ENSG00000135018	ENST00000527373			UBQLN1			protein_coding
chr12-60	chr12	75236349	75236611	+	1	NA	intron (ENST00000549953.1, intron 1 of 4)	lncRNA-intron (ENST00000548779.1, intron 1 of 1)	1440	ENST00000549953.1	ENSG00000254451	ENST00000548779			CAPS2-AS1			lncRNA
chr12-7	chr12	82358305	82358567	+	1	NA	promoter-TSS (ENST00000248306.8)	protein_coding-promoter-TSS (ENST00000248306.8)	-27	ENST00000552606.1	ENSG00000133773	ENST00000548126			CCDC59			protein_coding
chr9-270	chr9	14322486	14322748	+	1	NA	promoter-TSS (ENST00000606230.2)	protein_coding-promoter-TSS (ENST00000606230.2)	-279	ENST00000606230.2	ENSG00000147862	ENST00000397579			NFIB			protein_coding
chr3-1135	chr3	124429146	124429408	+	1	NA	intron (ENST00000684410.1, intron 5 of 22)	protein_coding-intron (ENST00000240874.7, intron 15 of 33)	15787	ENST00000683922.1	ENSG00000160145	ENST00000477496			KALRN			protein_coding
chr12-151	chr12	55729086	55729348	+	1	NA	promoter-TSS (ENST00000257857.9)	protein_coding-promoter-TSS (ENST00000257857.9)	123	ENST00000552576.3	ENSG00000258056	ENST00000552576			CD63-AS1			lncRNA
chr8-716	chr8	9065816	9066078	+	1	NA	intron (ENST00000522258.1, intron 2 of 2)	protein_coding-intron (ENST00000518663.2, intron 3 of 3)	6569	ENST00000459426.1	ENSG00000239078	ENST00000459426			RNU7-55P			snRNA
chr5-77	chr5	148011830	148012092	+	1	NA	Intergenic	Intergenic	-13722	ENST00000521206.5	ENSG00000133710	ENST00000476608			SPINK5			protein_coding
chr20-1265	chr20	51743072	51743334	+	1	NA	intron (ENST00000338821.6, intron 1 of 27)	protein_coding-intron (ENST00000311637.9, intron 1 of 22)	8670	ENST00000400354.2	ENSG00000215444	ENST00000400354			ENSG00000215444			processed_pseudogene
chr1-714	chr1	117929718	117929980	+	1	NA	promoter-TSS (ENST00000369442.3)	protein_coding-promoter-TSS (ENST00000369442.3)	74	ENST00000471680.1	ENSG00000065183	ENST00000471680			WDR3			protein_coding
chr7-557	chr7	157815083	157815345	+	1	NA	intron (ENST00000409483.5, intron 11 of 21)	protein_coding-intron (ENST00000389413.7, intron 11 of 21)	-39315	ENST00000436151.5	ENSG00000233038	ENST00000436151			PTPRN2-AS1			lncRNA
chr4-275	chr4	6640427	6640689	+	1	NA	promoter-TSS (ENST00000382581.5)	protein_coding-promoter-TSS (ENST00000382581.5)	-127	ENST00000382581.5	ENSG00000179010	ENST00000320912			MRFAP1			protein_coding
chr8-60	chr8	134712474	134712736	+	1	NA	intron (ENST00000523924.5, intron 1 of 16)	protein_coding-intron (ENST00000377838.8, intron 1 of 15)	357	ENST00000523399.5	ENSG00000066827	ENST00000518191			ZFAT			protein_coding
chr8-329	chr8	117520790	117521052	+	1	NA	promoter-TSS (ENST00000522839.1)	protein_coding-promoter-TSS (ENST00000522839.1)	88	ENST00000522839.1	ENSG00000164758	ENST00000522839			MED30			protein_coding
chrX-40	chrX	37904895	37905157	+	1	NA	intron (ENST00000465127.1, intron 3 of 8)	protein_coding-intron (ENST00000465127.1, intron 3 of 8)	-1121	ENST00000567273.1	ENSG00000259977	ENST00000567273			ENSG00000259977			lncRNA
chr17-789	chr17	28318776	28319038	+	1	NA	promoter-TSS (ENST00000226230.8)	protein_coding-promoter-TSS (ENST00000226230.8)	-293	ENST00000226230.8	ENSG00000109084	ENST00000583381			TMEM97			protein_coding
chr13-58	chr13	114078659	114078921	+	1	NA	intron (ENST00000334062.8, intron 1 of 23)	protein_coding-intron (ENST00000334062.8, intron 1 of 23)	30030	ENST00000454005.1	ENSG00000232487	ENST00000454005			RASA3-IT1			lncRNA
chr2-265	chr2	174661181	174661443	+	1	NA	intron (ENST00000412835.1, intron 2 of 2)	protein_coding-intron (ENST00000272746.9, intron 1 of 8)	16427	ENST00000698671.1	ENSG00000115935	ENST00000698671			WIPF1			protein_coding
chr12-212	chr12	111758182	111758444	+	1	NA	intron (ENST00000546840.3, intron 2 of 7)	protein_coding-intron (ENST00000546840.3, intron 2 of 7)	4423	ENST00000546840.3	ENSG00000257767	ENST00000546840			ENSG00000257767			protein_coding
chr14-110	chr14	37650693	37650955	+	1	NA	intron (ENST00000553443.6, intron 3 of 32)	protein_coding-intron (ENST00000533625.5, intron 2 of 18)	39573	ENST00000533625.5	ENSG00000139865	ENST00000382320			TTC6			protein_coding
chr4-9	chr4	138897881	138898143	+	1	NA	intron (ENST00000507038.1, intron 1 of 2)	lncRNA-intron (ENST00000507038.1, intron 1 of 2)	26220	ENST00000506416.1	ENSG00000250577	ENST00000506416			ENSG00000250577			lncRNA
chr17-155	chr17	79009738	79010000	+	1	NA	promoter-TSS (ENST00000302345.6)	protein_coding-promoter-TSS (ENST00000302345.6)	-2	ENST00000591811.1	ENSG00000171302	ENST00000392446			CANT1			protein_coding
chr16-124	chr16	68234326	68234588	+	1	NA	promoter-TSS (ENST00000562738.5)	protein_coding-promoter-TSS (ENST00000562738.5)	-287	ENST00000562738.5	ENSG00000103067	ENST00000564465			ESRP2			protein_coding
chr2-722	chr2	47369853	47370115	+	1	NA	intron (ENST00000419334.1, intron 1 of 2)	protein_coding-intron (ENST00000263735.9, intron 1 of 8)	489	ENST00000419334.1	ENSG00000119888	ENST00000474691			EPCAM			protein_coding
chr17-2094	chr17	30708780	30709042	+	1	NA	promoter-TSS (ENST00000578070.5)	lncRNA-promoter-TSS (ENST00000578070.5)	-388	ENST00000578070.5	ENSG00000290928	ENST00000582329			ENSG00000290928			lncRNA
chr14-49	chr14	52791239	52791501	+	1	NA	promoter-TSS (ENST00000649005.1)	lncRNA-promoter-TSS (ENST00000649005.1)	113	ENST00000650397.1	ENSG00000100522	ENST00000554230			GNPNAT1			protein_coding
chr1-648	chr1	32072768	32073030	+	1	NA	promoter-TSS (ENST00000336294.10)	protein_coding-promoter-TSS (ENST00000336294.10)	-36	ENST00000438825.5	ENSG00000121775	ENST00000441402			TMEM39B			protein_coding
chr6-96	chr6	146905467	146905729	+	1	NA	intron (ENST00000443712.1, intron 2 of 3)	lncRNA-intron (ENST00000367477.7, intron 8 of 10)	6008	ENST00000443712.1	ENSG00000233452	ENST00000666827			STXBP5-AS1			lncRNA
chr17-30	chr17	76252137	76252399	+	1	NA	Intergenic	Intergenic	-11775	ENST00000269391.11	ENSG00000141576	ENST00000647930			RNF157			protein_coding
chr22-50	chr22	46335522	46335784	+	1	NA	promoter-TSS (ENST00000381019.3)	protein_coding-promoter-TSS (ENST00000381019.3)	-36	ENST00000493556.2	ENSG00000100416	ENST00000645026			TRMU			protein_coding
chr7-78	chr7	151795344	151795606	+	1	NA	intron (ENST00000651764.1, intron 1 of 16)	protein_coding-intron (ENST00000287878.9, intron 1 of 15)	-4843	ENST00000461529.1	ENSG00000106617	ENST00000392801			PRKAG2			protein_coding
chr16-20	chr16	88928185	88928447	+	1	NA	intron (ENST00000563640.1, intron 1 of 2)	protein_coding-intron (ENST00000268679.9, intron 1 of 11)	9440	ENST00000561980.1	ENSG00000261226	ENST00000561980			ENSG00000261226			lncRNA
chr20-414	chr20	57748610	57748872	+	1	NA	Intergenic	Intergenic	-37205	ENST00000472841.1	ENSG00000124225	ENST00000265626			PMEPA1			protein_coding
chr6-78	chr6	32893724	32893986	+	1	NA	promoter-TSS (ENST00000685247.2)	lncRNA-promoter-TSS (ENST00000685247.2)	-444	ENST00000701517.1	ENSG00000289047	ENST00000685247			ENSG00000289047			lncRNA
chr7-96	chr7	4683348	4683610	+	1	NA	intron (ENST00000328914.5, intron 1 of 8)	protein_coding-intron (ENST00000328914.5, intron 1 of 8)	1184	ENST00000328914.5	ENSG00000164916	ENST00000496023			FOXK1			protein_coding
chr19-238	chr19	18588734	18588996	+	1	NA	promoter-TSS (ENST00000358607.11)	protein_coding-promoter-TSS (ENST00000358607.11)	56	ENST00000597371.1	ENSG00000006015	ENST00000601736			REX1BD			protein_coding
chr2-976	chr2	69435861	69436123	+	1	NA	intron (ENST00000471185.5, intron 1 of 5)	protein_coding-intron (ENST00000303698.7, intron 1 of 7)	1403	ENST00000438184.2	ENSG00000169599	ENST00000419370			NFU1			protein_coding
chr9-296	chr9	123327791	123328053	+	1	NA	Intergenic	Intergenic	-28248	ENST00000359999.7	ENSG00000148204	ENST00000373631			CRB2			protein_coding
chr20-2578	chr20	20712148	20712410	+	1	NA	intron (ENST00000202677.12, intron 1 of 39)	protein_coding-intron (ENST00000202677.12, intron 1 of 39)	365	ENST00000202677.12	ENSG00000188559	ENST00000430436			RALGAPA2			protein_coding
chr17-1301	chr17	41536077	41536339	+	1	NA	Intergenic	Intergenic	-7900	ENST00000361566.7	ENSG00000171345	ENST00000455635			KRT19			protein_coding
chr15-1	chr15	50355190	50355452	+	1	NA	promoter-TSS (ENST00000220429.12)	protein_coding-promoter-TSS (ENST00000220429.12)	-7	ENST00000560359.1	ENSG00000244879	ENST00000670332			GABPB1-AS1			lncRNA
chr19-446	chr19	16702091	16702353	+	1	NA	Intergenic	Intergenic	-10095	ENST00000599446.1	ENSG00000269419	ENST00000599446			ENSG00000269419			processed_pseudogene
chr9-403	chr9	114587609	114587871	+	1	NA	promoter-TSS (ENST00000374050.4)	protein_coding-promoter-TSS (ENST00000374050.4)	-12	ENST00000677452.1	ENSG00000136888	ENST00000677543			ATP6V1G1			protein_coding
chr8-12	chr8	100472213	100472475	+	1	NA	Intergenic	Intergenic	-3323	ENST00000667762.1	ENSG00000253666	ENST00000701278			ENSG00000253666			lncRNA
chr1-168	chr1	93079074	93079336	+	1	NA	promoter-TSS (ENST00000370298.9)	protein_coding-promoter-TSS (ENST00000370298.9)	-30	ENST00000545708.5	ENSG00000143033	ENST00000473430			MTF2			protein_coding
chr1-255	chr1	31938456	31938718	+	1	NA	promoter-TSS (ENST00000475464.1)	protein_coding-promoter-TSS (ENST00000475464.1)	-219	ENST00000647444.2	ENSG00000184007	ENST00000647444			PTP4A2			protein_coding
chr20-1309	chr20	16729885	16730147	+	1	NA	promoter-TSS (ENST00000246071.8)	protein_coding-promoter-TSS (ENST00000246071.8)	-10	ENST00000246071.8	ENSG00000125870	ENST00000377943			SNRPB2			protein_coding
chr7-50	chr7	100673524	100673786	+	1	NA	promoter-TSS (ENST00000303210.9)	protein_coding-promoter-TSS (ENST00000303210.9)	-85	ENST00000303210.9	ENSG00000172354	ENST00000412215			GNB2			protein_coding
chr12-67	chr12	124609126	124609388	+	1	NA	Intergenic	Intergenic	13812	ENST00000623062.1	ENSG00000278973	ENST00000623062			ENSG00000278973			TEC
chr6-11	chr6	27388803	27389065	+	1	NA	promoter-TSS (ENST00000461521.1)	protein_coding-promoter-TSS (ENST00000461521.1)	30	ENST00000482767.1	ENSG00000124613	ENST00000477999			ZNF391			protein_coding
chr12-163	chr12	121227437	121227699	+	1	NA	intron (ENST00000499638.6, intron 5 of 10)	protein_coding-intron (ENST00000337233.9, intron 5 of 11)	5236	ENST00000397924.2	ENSG00000135124	ENST00000499638			P2RX4			protein_coding
chr7-11	chr7	74633659	74633921	+	1	NA	promoter-TSS (ENST00000623770.1)	TEC-promoter-TSS (ENST00000623770.1)	94	ENST00000623770.1	ENSG00000279005	ENST00000623770			ENSG00000279005			TEC
chr22-69	chr22	37197660	37197922	+	1	NA	promoter-TSS (ENST00000467564.5)	protein_coding-promoter-TSS (ENST00000467564.5)	-43	ENST00000467564.5	ENSG00000133466	ENST00000497071			C1QTNF6			protein_coding
chr6-50	chr6	42045732	42045994	+	1	NA	intron (ENST00000616010.4, intron 1 of 4)	protein_coding-intron (ENST00000372988.8, intron 1 of 4)	2671	ENST00000612455.1	ENSG00000112576	ENST00000510503			CCND3			protein_coding
chr9-69	chr9	129773748	129774010	+	1	NA	Intergenic	Intergenic	-17317	ENST00000425374.1	ENSG00000233909	ENST00000425374			UBE2V1P4			processed_pseudogene
chr20-2938	chr20	22922051	22922313	+	1	NA	Intergenic	Intergenic	-36114	ENST00000396692.2	ENSG00000213882	ENST00000396692			CYB5AP4			processed_pseudogene
chr3-194	chr3	182723738	182724000	+	1	NA	Intergenic	Intergenic	16979	ENST00000565024.1	ENSG00000260377	ENST00000565024			ENSG00000260377			lncRNA
chr1-5	chr1	207321413	207321675	+	1	NA	promoter-TSS (ENST00000314754.12)	protein_coding-promoter-TSS (ENST00000314754.12)	6	ENST00000695827.1	ENSG00000196352	ENST00000695824			CD55			protein_coding
chr20-874	chr20	32483975	32484237	+	1	NA	promoter-TSS (ENST00000326071.8)	protein_coding-promoter-TSS (ENST00000326071.8)	-524	ENST00000326071.8	ENSG00000197183	ENST00000485364			NOL4L			protein_coding
chr11-64	chr11	61392432	61392694	+	1	NA	promoter-TSS (ENST00000334888.10)	protein_coding-promoter-TSS (ENST00000334888.10)	-24	ENST00000690736.1	ENSG00000187049	ENST00000690736			TMEM216			protein_coding
chr20-1709	chr20	32358319	32358581	+	1	NA	promoter-TSS (ENST00000497249.6)	protein_coding-promoter-TSS (ENST00000497249.6)	91	ENST00000644587.1	ENSG00000171456	ENST00000645337			ASXL1			protein_coding
chr2-93	chr2	9168149	9168411	+	1	NA	Intergenic	Intergenic	25114	ENST00000474561.1	ENSG00000240980	ENST00000474561			ENSG00000240980			lncRNA
chr3-757	chr3	132660141	132660403	+	1	NA	promoter-TSS (ENST00000264990.11)	protein_coding-promoter-TSS (ENST00000264990.11)	-33	ENST00000683741.1	ENSG00000081307	ENST00000464101			UBA5			protein_coding
chr9-6	chr9	129777240	129777502	+	1	NA	Intergenic	Intergenic	-13825	ENST00000425374.1	ENSG00000233909	ENST00000425374			UBE2V1P4			processed_pseudogene
chr4-264	chr4	177442192	177442454	+	1	NA	promoter-TSS (ENST00000506853.5)	protein_coding-promoter-TSS (ENST00000506853.5)	86	ENST00000506853.5	ENSG00000038002	ENST00000510635			AGA			protein_coding
chr3-608	chr3	184363341	184363603	+	1	NA	promoter-TSS (ENST00000429568.1)	protein_coding-promoter-TSS (ENST00000429568.1)	38	ENST00000429568.1	ENSG00000163882	ENST00000452961			POLR2H			protein_coding
chr14-307	chr14	104774462	104774724	+	1	NA	promoter-TSS (ENST00000553506.5)	protein_coding-promoter-TSS (ENST00000553506.5)	87	ENST00000553506.5	ENSG00000142208	ENST00000555528			AKT1			protein_coding
chr11-162	chr11	68010046	68010308	+	1	NA	promoter-TSS (ENST00000342456.11)	protein_coding-promoter-TSS (ENST00000342456.11)	-150	ENST00000342456.11	ENSG00000006534	ENST00000612297			ALDH3B1			protein_coding
chr1-59	chr1	146370021	146370283	+	1	NA	intron (ENST00000643391.1, intron 2 of 4)	lncRNA-intron (ENST00000643391.1, intron 2 of 4)	-6655	ENST00000615842.1	ENSG00000273768	ENST00000615842			RNVU1-29			snRNA
chr8-34	chr8	29555425	29555687	+	1	NA	intron (ENST00000522028.1, intron 1 of 1)	lncRNA-intron (ENST00000522028.1, intron 1 of 1)	7385	ENST00000522028.1	ENSG00000253182	ENST00000522028			LINC02948			lncRNA
chr16-27	chr16	1971890	1972152	+	1	NA	promoter-TSS (ENST00000561907.5)	protein_coding-promoter-TSS (ENST00000561907.5)	-32	ENST00000568546.6	ENSG00000183751	ENST00000567615			TBL3			protein_coding
chr7-235	chr7	103347550	103347812	+	1	NA	promoter-TSS (ENST00000292644.5)	protein_coding-promoter-TSS (ENST00000292644.5)	7	ENST00000678488.1	ENSG00000161057	ENST00000460021			PSMC2			protein_coding
chr8-43	chr8	101080660	101080922	+	1	NA	Intergenic	Intergenic	9527	ENST00000669613.1	ENSG00000248599	ENST00000655682			FLJ42969			lncRNA
chr2-1093	chr2	185813743	185814005	+	1	NA	exon (ENST00000415915.5, exon 2 of 7)	protein_coding-exon (ENST00000415915.5, exon 2 of 7)	-13723	ENST00000429929.1	ENSG00000231646	ENST00000667756			FSIP2-AS1			lncRNA
chr10-552	chr10	118754774	118755036	+	1	NA	promoter-TSS (ENST00000369151.8)	protein_coding-promoter-TSS (ENST00000369151.8)	65	ENST00000369151.8	ENSG00000151893	ENST00000490610			CACUL1			protein_coding
chr12-59	chr12	57782634	57782896	+	1	NA	promoter-TSS (ENST00000323833.12)	protein_coding-promoter-TSS (ENST00000323833.12)	4	ENST00000540550.6	ENSG00000123297	ENST00000434359			TSFM			protein_coding
chr9-400	chr9	108074920	108075182	+	1	NA	Intergenic	Intergenic	22800	ENST00000431135.2	ENSG00000237360	ENST00000431135			CHCHD4P2			processed_pseudogene
chr19-131	chr19	58362420	58362682	+	1	NA	promoter-TSS (ENST00000516402.1)	rRNA_pseudogene-promoter-TSS (ENST00000516402.1)	-18	ENST00000599889.3	ENSG00000269054	ENST00000599889			ZNF497-AS1			lncRNA
chr14-2	chr14	67311935	67312197	+	1	NA	TTS (ENST00000553974.1)	protein_coding-TTS (ENST00000553974.1)	-3228	ENST00000677972.1	ENSG00000072415	ENST00000556345			PALS1			protein_coding
chr3-58	chr3	156674107	156674369	+	1	NA	promoter-TSS (ENST00000295924.12)	protein_coding-promoter-TSS (ENST00000295924.12)	140	ENST00000492937.1	ENSG00000243926	ENST00000463449			TIPARP-AS1			lncRNA
chr8-206	chr8	70384620	70384882	+	1	NA	intron (ENST00000452400.7, intron 1 of 22)	protein_coding-intron (ENST00000452400.7, intron 1 of 22)	17328	ENST00000518287.6	ENSG00000140396	ENST00000518363			NCOA2			protein_coding
chr12-36	chr12	123094789	123095051	+	1	NA	intron (ENST00000542210.1, intron 2 of 3)	protein_coding-intron (ENST00000280562.9, intron 1 of 24)	-2099	ENST00000624878.1	ENSG00000280381	ENST00000624878			ENSG00000280381			TEC
chr11-106	chr11	66012791	66013053	+	1	NA	exon (ENST00000312134.3, exon 2 of 3)	protein_coding-exon (ENST00000312134.3, exon 2 of 3)	914	ENST00000312134.3	ENSG00000175315	ENST00000312134			CST6			protein_coding
chr2-455	chr2	71747017	71747279	+	1	NA	Intergenic	Intergenic	136369	ENST00000468173.1	ENSG00000135636	ENST00000394120			DYSF			protein_coding
chr1-204	chr1	44986499	44986761	+	1	NA	promoter-TSS (ENST00000360403.7)	protein_coding-promoter-TSS (ENST00000360403.7)	-31	ENST00000480675.5	ENSG00000070785	ENST00000477953			EIF2B3			protein_coding
chr9-146	chr9	94783256	94783518	+	1	NA	intron (ENST00000375315.8, intron 3 of 16)	protein_coding-intron (ENST00000277198.6, intron 3 of 7)	23225	ENST00000427193.1	ENSG00000148120	ENST00000478473			AOPEP			protein_coding
chr1-1647	chr1	151008096	151008358	+	1	NA	promoter-TSS (ENST00000271620.8)	protein_coding-promoter-TSS (ENST00000271620.8)	138	ENST00000361936.9	ENSG00000143409	ENST00000312210			MINDY1			protein_coding
chr20-755	chr20	49188453	49188715	+	1	NA	promoter-TSS (ENST00000340954.11)	protein_coding-promoter-TSS (ENST00000340954.11)	-217	ENST00000360426.8	ENSG00000124214	ENST00000347458			STAU1			protein_coding
chr3-128	chr3	126130090	126130352	+	1	NA	exon (ENST00000476245.5, exon 10 of 10)	protein_coding-exon (ENST00000476245.5, exon 10 of 10)	-14719	ENST00000467370.5	ENSG00000144908	ENST00000455064			ALDH1L1			protein_coding
chr19-74	chr19	10625233	10625495	+	1	NA	promoter-TSS (ENST00000335757.10)	protein_coding-promoter-TSS (ENST00000335757.10)	-156	ENST00000590857.5	ENSG00000129353	ENST00000586549			SLC44A2			protein_coding
chrX-27	chrX	131493190	131493452	+	1	NA	promoter-TSS (ENST00000422384.2)	processed_pseudogene-promoter-TSS (ENST00000422384.2)	-435	ENST00000422384.2	ENSG00000228450	ENST00000422384			NLRP7P1			processed_pseudogene
chr7-294	chr7	76201754	76202016	+	1	NA	promoter-TSS (ENST00000611745.2)	protein_coding-promoter-TSS (ENST00000611745.2)	-11	ENST00000611745.2	ENSG00000177679	ENST00000464752			SRRM3			protein_coding
chr19-171	chr19	1166913	1167175	+	1	NA	intron (ENST00000587024.5, intron 1 of 31)	protein_coding-intron (ENST00000361757.8, intron 1 of 31)	2102	ENST00000587655.2	ENSG00000064932	ENST00000586109			SBNO2			protein_coding
chr9-45	chr9	130866450	130866712	+	1	NA	intron (ENST00000372348.9, intron 4 of 10)	protein_coding-intron (ENST00000318560.6, intron 4 of 10)	27257	ENST00000343079.1	ENSG00000188710	ENST00000623824			QRFP			protein_coding
chr3-21	chr3	9731492	9731754	+	1	NA	promoter-TSS (ENST00000383829.7)	protein_coding-promoter-TSS (ENST00000383829.7)	-106	ENST00000433861.6	ENSG00000156983	ENST00000684573			BRPF1			protein_coding
chr9-209	chr9	136282456	136282718	+	1	NA	intron (ENST00000638797.2, intron 9 of 25)	protein_coding-intron (ENST00000563590.2, intron 9 of 9)	18662	ENST00000640235.1	ENSG00000283769	ENST00000640235			ENSG00000283769			lncRNA
chr22-52	chr22	30206952	30207214	+	1	NA	exon (ENST00000432360.2, exon 1 of 3)	lncRNA-exon (ENST00000432360.2, exon 1 of 3)	112	ENST00000432360.2	ENSG00000225676	ENST00000432360			ENSG00000225676			lncRNA
chr1-74	chr1	10899937	10900199	+	1	NA	Intergenic	Intergenic	4307	ENST00000450782.2	ENSG00000225158	ENST00000450782			HSPE1P24			processed_pseudogene
chr8-149	chr8	124372745	124373007	+	1	NA	promoter-TSS (ENST00000297632.8)	protein_coding-promoter-TSS (ENST00000297632.8)	-175	ENST00000297632.8	ENSG00000164983	ENST00000704785			TMEM65			protein_coding
chr16-22	chr16	72927678	72927940	+	1	NA	intron (ENST00000641206.2, intron 11 of 17)	protein_coding-intron (ENST00000268489.10, intron 3 of 9)	-37975	ENST00000563625.1	ENSG00000140836	ENST00000641018			ZFHX3			protein_coding
chr10-68	chr10	93702512	93702774	+	1	NA	promoter-TSS (ENST00000359204.5)	protein_coding-promoter-TSS (ENST00000359204.5)	-51	ENST00000359204.5	ENSG00000148690	ENST00000482719			FRA10AC1			protein_coding
chr9-4	chr9	114908260	114908522	+	1	NA	intron (ENST00000618336.4, intron 2 of 4)	protein_coding-intron (ENST00000223795.3, intron 2 of 3)	-4083	ENST00000474301.1	ENSG00000106952	ENST00000223795			TNFSF8			protein_coding
chr2-495	chr2	182540115	182540377	+	1	NA	Intergenic	Intergenic	-16887	ENST00000495511.2	ENSG00000115252	ENST00000351439			PDE1A			protein_coding
chr16-170	chr16	3003916	3004178	+	1	NA	promoter-TSS (ENST00000692767.1)	protein_coding-promoter-TSS (ENST00000692767.1)	-85	ENST00000692767.1	ENSG00000289281	ENST00000692767			ENSG00000289281			protein_coding
chr2-789	chr2	127700526	127700788	+	1	NA	promoter-TSS (ENST00000310981.6)	protein_coding-promoter-TSS (ENST00000310981.6)	-840	ENST00000310981.6	ENSG00000173349	ENST00000310981			SFT2D3			protein_coding
chr19-48	chr19	58519691	58519953	+	1	NA	promoter-TSS (ENST00000354590.7)	protein_coding-promoter-TSS (ENST00000354590.7)	-12	ENST00000594051.6	ENSG00000119574	ENST00000354590			ZBTB45			protein_coding
chr19-324	chr19	48469524	48469786	+	1	NA	promoter-TSS (ENST00000325139.9)	protein_coding-promoter-TSS (ENST00000325139.9)	21	ENST00000325139.9	ENSG00000105443	ENST00000391881			CYTH2			protein_coding
chr12-99	chr12	56041779	56042041	+	1	NA	promoter-TSS (ENST00000548590.1)	protein_coding-promoter-TSS (ENST00000548590.1)	-8	ENST00000646449.2	ENSG00000197728	ENST00000356464			RPS26			protein_coding
chr1-145	chr1	150876439	150876701	+	1	NA	promoter-TSS (ENST00000354396.6)	protein_coding-promoter-TSS (ENST00000354396.6)	-2	ENST00000497108.6	ENSG00000143437	ENST00000505755			ARNT			protein_coding
chr3-920	chr3	122564257	122564519	+	1	NA	promoter-TSS (ENST00000296161.9)	protein_coding-promoter-TSS (ENST00000296161.9)	-39	ENST00000383661.3	ENSG00000163840	ENST00000383661			DTX3L			protein_coding
chrX-34	chrX	149505098	149505360	+	1	NA	promoter-TSS (ENST00000340855.11)	protein_coding-promoter-TSS (ENST00000340855.11)	51	ENST00000428056.6	ENSG00000010404	ENST00000428056			IDS			protein_coding
chr2-56	chr2	134955921	134956183	+	1	NA	exon (ENST00000264157.10, exon 9 of 9)	protein_coding-exon (ENST00000264157.10, exon 9 of 9)	8226	ENST00000438691.1	ENSG00000082258	ENST00000438691			CCNT2			protein_coding
chr21-35	chr21	39183303	39183565	+	1	NA	promoter-TSS (ENST00000331573.8)	protein_coding-promoter-TSS (ENST00000331573.8)	17	ENST00000331573.8	ENSG00000183527	ENST00000380900			PSMG1			protein_coding
chr9-49	chr9	86354280	86354542	+	1	NA	promoter-TSS (ENST00000277141.10)	protein_coding-promoter-TSS (ENST00000277141.10)	-1	ENST00000277141.10	ENSG00000083223	ENST00000375960			TUT7			protein_coding
chr11-111	chr11	1829105	1829367	+	1	NA	intron (ENST00000430303.5, intron 2 of 4)	protein_coding-intron (ENST00000417052.5, intron 1 of 3)	693	ENST00000417052.5	ENSG00000149043	ENST00000430303			SYT8			protein_coding
chr16-120	chr16	30104590	30104852	+	1	NA	TTS (ENST00000360688.3)	protein_coding-TTS (ENST00000360688.3)	-2954	ENST00000566190.1	ENSG00000261367	ENST00000566190			ENSG00000261367			lncRNA
chr17-5	chr17	60392232	60392494	+	1	NA	promoter-TSS (ENST00000300896.9)	protein_coding-promoter-TSS (ENST00000300896.9)	45	ENST00000590133.5	ENSG00000170832	ENST00000589552			USP32			protein_coding
chr16-130	chr16	1722194	1722456	+	1	NA	intron (ENST00000685674.1, intron 1 of 8)	protein_coding-intron (ENST00000250894.8, intron 1 of 31)	-8106	ENST00000570022.2	ENSG00000261399	ENST00000570022			MAPK8IP3-AS1			lncRNA
chr22-3	chr22	28813757	28814019	+	1	NA	intron (ENST00000451486.5, intron 1 of 1)	lncRNA-intron (ENST00000418292.1, intron 1 of 1)	-1026	ENST00000607919.1	ENSG00000272858	ENST00000607919			ENSG00000272858			lncRNA
chr1-963	chr1	224503738	224504000	+	1	NA	intron (ENST00000483512.5, intron 1 of 2)	protein_coding-intron (ENST00000471578.5, intron 1 of 5)	-9819	ENST00000496372.1	ENSG00000143786	ENST00000496277			CNIH3			protein_coding
chr1-665	chr1	88684001	88684263	+	1	NA	promoter-TSS (ENST00000316005.11)	protein_coding-promoter-TSS (ENST00000316005.11)	-90	ENST00000316005.11	ENSG00000065243	ENST00000495119			PKN2			protein_coding
chr9-8	chr9	133336082	133336344	+	1	NA	promoter-TSS (ENST00000372022.6)	protein_coding-promoter-TSS (ENST00000372022.6)	-25	ENST00000372022.6	ENSG00000148296	ENST00000468290			SURF6			protein_coding
chr6-358	chr6	25992026	25992288	+	1	NA	promoter-TSS (ENST00000606723.2)	lncRNA-promoter-TSS (ENST00000606723.2)	-484	ENST00000658335.1	ENSG00000272462	ENST00000656572			LINC02980			lncRNA
chr12-18	chr12	110502027	110502289	+	1	NA	promoter-TSS (ENST00000358071.8)	protein_coding-promoter-TSS (ENST00000358071.8)	-42	ENST00000409246.5	ENSG00000151164	ENST00000409425			RAD9B			protein_coding
chr17-1851	chr17	14062241	14062503	+	1	NA	intron (ENST00000701670.1, intron 1 of 5)	lncRNA-intron (ENST00000449363.2, intron 1 of 2)	7025	ENST00000701610.1	ENSG00000236088	ENST00000690301			COX10-DT			lncRNA
chr8-27	chr8	90887654	90887916	+	1	NA	intron (ENST00000417640.7, intron 5 of 12)	protein_coding-intron (ENST00000417640.7, intron 5 of 12)	-28545	ENST00000517884.1	ENSG00000254251	ENST00000517884			ENSG00000254251			lncRNA
chr10-17	chr10	98314507	98314769	+	1	NA	Intergenic	Intergenic	-46444	ENST00000260702.4	ENSG00000138131	ENST00000260702			LOXL4			protein_coding
chr3-154	chr3	56683286	56683548	+	1	NA	promoter-TSS (ENST00000355628.9)	protein_coding-promoter-TSS (ENST00000355628.9)	-152	ENST00000683822.1	ENSG00000163946	ENST00000485156			TASOR			protein_coding
chr20-1488	chr20	50038727	50038989	+	1	NA	Intergenic	Intergenic	2646	ENST00000431460.1	ENSG00000231265	ENST00000431460			TRERNA1			lncRNA
chr17-412	chr17	50915231	50915493	+	1	NA	Intergenic	Intergenic	-5130	ENST00000573301.1	ENSG00000262006	ENST00000573301			ENSG00000262006			lncRNA
chr20-19	chr20	50434623	50434885	+	1	NA	Intergenic	Intergenic	-5271	ENST00000497504.3	ENSG00000244376	ENST00000497504			RN7SL636P			misc_RNA
chr2-344	chr2	200525954	200526216	+	1	NA	promoter-TSS (ENST00000357799.9)	protein_coding-promoter-TSS (ENST00000357799.9)	-82	ENST00000409203.3	ENSG00000163535	ENST00000488636			SGO2			protein_coding
chr15-11	chr15	49620852	49621114	+	1	NA	promoter-TSS (ENST00000251250.7)	protein_coding-promoter-TSS (ENST00000251250.7)	-54	ENST00000561064.5	ENSG00000166262	ENST00000299338			FAM227B			protein_coding
chr1-110	chr1	206612353	206612615	+	1	NA	promoter-TSS (ENST00000271764.7)	protein_coding-promoter-TSS (ENST00000271764.7)	-19	ENST00000271764.7	ENSG00000143486	ENST00000617960			EIF2D			protein_coding
chr14-114	chr14	64540235	64540497	+	1	NA	promoter-TSS (ENST00000247207.7)	protein_coding-promoter-TSS (ENST00000247207.7)	2	ENST00000554918.1	ENSG00000259116	ENST00000648003			HSPA2-AS1			lncRNA
chr8-121	chr8	48628729	48628991	+	1	NA	intron (ENST00000522575.1, intron 2 of 3)	lncRNA-intron (ENST00000522575.1, intron 2 of 3)	-7842	ENST00000523038.1	ENSG00000253702	ENST00000523038			LINC02847			lncRNA
chr9-65	chr9	92115275	92115537	+	1	NA	promoter-TSS (ENST00000262554.7)	protein_coding-promoter-TSS (ENST00000262554.7)	2	ENST00000693147.1	ENSG00000090054	ENST00000692458			SPTLC1			protein_coding
chr3-73	chr3	142117201	142117463	+	1	NA	intron (ENST00000495095.6, intron 1 of 3)	protein_coding-intron (ENST00000464782.5, intron 1 of 3)	9038	ENST00000467634.1	ENSG00000114126	ENST00000467072			TFDP2			protein_coding
chr14-306	chr14	103855481	103855743	+	1	NA	intron (ENST00000555967.1, intron 3 of 3)	lncRNA-intron (ENST00000555967.1, intron 3 of 3)	7891	ENST00000556586.1	ENSG00000258735	ENST00000556586			PPP1R13B-DT			lncRNA
chr1-55	chr1	205122162	205122424	+	1	NA	promoter-TSS (ENST00000264515.11)	protein_coding-promoter-TSS (ENST00000264515.11)	-278	ENST00000367164.1	ENSG00000117222	ENST00000367164			RBBP5			protein_coding
chr20-98	chr20	48572254	48572516	+	1	NA	Intergenic	Intergenic	70353	ENST00000496915.1	ENSG00000124126	ENST00000482556			PREX1			protein_coding
chr10-204	chr10	63712434	63712696	+	1	NA	intron (ENST00000444770.1, intron 2 of 2)	lncRNA-intron (ENST00000444770.1, intron 2 of 2)	47901	ENST00000444770.1	ENSG00000228566	ENST00000444770			ENSG00000228566			lncRNA
chr8-63	chr8	70608303	70608565	+	1	NA	promoter-TSS (ENST00000262213.7)	protein_coding-promoter-TSS (ENST00000262213.7)	-18	ENST00000262213.7	ENSG00000067167	ENST00000262213			TRAM1			protein_coding
chr7-590	chr7	22082910	22083172	+	1	NA	Intergenic	Intergenic	53031	ENST00000488366.1	ENSG00000136237	ENST00000475788			RAPGEF5			protein_coding
chr20-800	chr20	47011983	47012245	+	1	NA	intron (ENST00000611592.4, intron 4 of 14)	protein_coding-intron (ENST00000317304.10, intron 3 of 13)	10654	ENST00000458636.2	ENSG00000064655	ENST00000479843			EYA2			protein_coding
chr9-347	chr9	125449796	125450058	+	1	NA	intron (ENST00000497932.5, intron 6 of 8)	protein_coding-intron (ENST00000265960.8, intron 10 of 11)	1174	ENST00000496658.5	ENSG00000119487	ENST00000373511			MAPKAP1			protein_coding
chr21-28	chr21	44928065	44928327	+	1	NA	TTS (ENST00000429132.1)	lncRNA-TTS (ENST00000429132.1)	409	ENST00000692198.1	ENSG00000227039	ENST00000608043			ITGB2-AS1			lncRNA
chr16-93	chr16	28863337	28863599	+	1	NA	promoter-TSS (ENST00000359285.10)	protein_coding-promoter-TSS (ENST00000359285.10)	-91	ENST00000545570.5	ENSG00000178188	ENST00000563591			SH2B1			protein_coding
chr3-198	chr3	197736733	197736995	+	1	NA	promoter-TSS (ENST00000296343.10)	protein_coding-promoter-TSS (ENST00000296343.10)	37	ENST00000707076.1	ENSG00000145016	ENST00000707076			RUBCN			protein_coding
chr16-3	chr16	690318	690580	+	1	NA	promoter-TSS (ENST00000248142.7)	protein_coding-promoter-TSS (ENST00000248142.7)	-5	ENST00000248142.7	ENSG00000127580	ENST00000567014			WDR24			protein_coding
chr6-224	chr6	134529935	134530197	+	1	NA	intron (ENST00000606039.1, intron 2 of 3)	lncRNA-intron (ENST00000418837.6, intron 3 of 3)	940	ENST00000423028.2	ENSG00000232310	ENST00000668030			LINC03002			lncRNA
chr17-2	chr17	61568690	61568952	+	1	NA	Intergenic	Intergenic	22398	ENST00000521764.3	ENSG00000253506	ENST00000521764			NACA2			protein_coding
chr12-80	chr12	70243306	70243568	+	1	NA	promoter-TSS (ENST00000229195.8)	protein_coding-promoter-TSS (ENST00000229195.8)	1	ENST00000549443.5	ENSG00000111596	ENST00000549443			CNOT2			protein_coding
chr17-2117	chr17	50079723	50079985	+	1	NA	promoter-TSS (ENST00000504417.1)	protein_coding-promoter-TSS (ENST00000504417.1)	-463	ENST00000504417.1	ENSG00000005884	ENST00000506401			ITGA3			protein_coding
chr9-28	chr9	133874066	133874328	+	1	NA	intron (ENST00000486113.1, intron 2 of 2)	protein_coding-intron (ENST00000371850.8, intron 2 of 29)	65104	ENST00000472905.1	ENSG00000160293	ENST00000486113			VAV2			protein_coding
chr14-37	chr14	100714451	100714713	+	1	NA	Intergenic	Intergenic	-11123	ENST00000392848.9	ENSG00000185559	ENST00000331224			DLK1			protein_coding
chr11-68	chr11	66052142	66052404	+	1	NA	promoter-TSS (ENST00000322535.11)	protein_coding-promoter-TSS (ENST00000322535.11)	-58	ENST00000528302.5	ENSG00000087365	ENST00000533595			SF3B2			protein_coding
chr4-79	chr4	105473848	105474110	+	1	NA	promoter-TSS (ENST00000341695.10)	protein_coding-promoter-TSS (ENST00000341695.10)	8	ENST00000506815.5	ENSG00000138777	ENST00000499847			PPA2			protein_coding
chr3-90	chr3	194270659	194270921	+	1	NA	Intergenic	Intergenic	-5892	ENST00000440556.1	ENSG00000228271	ENST00000653696			LINC02048			lncRNA
chr1-61	chr1	167628051	167628313	+	1	NA	exon (ENST00000451992.2, exon 2 of 2)	lncRNA-exon (ENST00000451992.2, exon 2 of 2)	-1911	ENST00000537350.5	ENSG00000198771	ENST00000472038			RCSD1			protein_coding
chr7-845	chr7	96321955	96322217	+	1	NA	promoter-TSS (ENST00000265631.10)	protein_coding-promoter-TSS (ENST00000265631.10)	12	ENST00000265631.10	ENSG00000004864	ENST00000490072			SLC25A13			protein_coding
chr9-150	chr9	133506594	133506856	+	1	NA	Intergenic	Intergenic	18234	ENST00000339996.4	ENSG00000187616	ENST00000413714			MYMK			protein_coding
chr16-92	chr16	4945888	4946150	+	1	NA	intron (ENST00000592772.1, intron 1 of 9)	protein_coding-intron (ENST00000592772.1, intron 1 of 9)	-8871	ENST00000345988.7	ENSG00000118898	ENST00000592772			PPL			protein_coding
chr9-10	chr9	15422518	15422780	+	1	NA	promoter-TSS (ENST00000380821.8)	protein_coding-promoter-TSS (ENST00000380821.8)	-85	ENST00000467062.5	ENSG00000164975	ENST00000461041			SNAPC3			protein_coding
chr3-119	chr3	122975450	122975712	+	1	NA	promoter-TSS (ENST00000449546.1)	protein_coding-promoter-TSS (ENST00000449546.1)	-211	ENST00000449546.1	ENSG00000082684	ENST00000465147			SEMA5B			protein_coding
chr19-313	chr19	45423650	45423912	+	1	NA	promoter-TSS (ENST00000013807.9)	protein_coding-promoter-TSS (ENST00000013807.9)	58	ENST00000340192.11	ENSG00000012061	ENST00000710953			ERCC1			protein_coding
chr16-97	chr16	85449304	85449566	+	1	NA	intron (ENST00000637419.1, intron 2 of 2)	protein_coding-intron (ENST00000637419.1, intron 2 of 2)	-40378	ENST00000620845.1	ENSG00000278716	ENST00000620845			ENSG00000278716			lncRNA
chr14-33	chr14	22982594	22982856	+	1	NA	promoter-TSS (ENST00000262713.7)	protein_coding-promoter-TSS (ENST00000262713.7)	27	ENST00000557615.5	ENSG00000258457	ENST00000557615			AJUBA-DT			lncRNA
chr3-950	chr3	187740780	187741042	+	1	NA	intron (ENST00000496823.1, intron 1 of 1)	protein_coding-intron (ENST00000406870.7, intron 1 of 9)	-2775	ENST00000648485.2	ENSG00000285938	ENST00000648485			ENSG00000285938			lncRNA
chr9-51	chr9	95092401	95092663	+	1	NA	intron (ENST00000710812.1, intron 4 of 4)	protein_coding-intron (ENST00000710812.1, intron 4 of 4)	-6438	ENST00000384885.4	ENSG00000207617	ENST00000384885			MIR3074			miRNA
chr8-24	chr8	144508780	144509042	+	1	NA	promoter-TSS (ENST00000301327.5)	protein_coding-promoter-TSS (ENST00000301327.5)	-159	ENST00000301327.5	ENSG00000167700	ENST00000528047			MFSD3			protein_coding
chr14-9	chr14	102316880	102317142	+	1	NA	promoter-TSS (ENST00000558850.5)	protein_coding-promoter-TSS (ENST00000558850.5)	-366	ENST00000558850.5	ENSG00000022976	ENST00000442396			ZNF839			protein_coding
chr4-7	chr4	151099373	151099635	+	1	NA	promoter-TSS (ENST00000274065.9)	protein_coding-promoter-TSS (ENST00000274065.9)	-120	ENST00000509736.5	ENSG00000145425	ENST00000515818			RPS3A			protein_coding
chr10-106	chr10	73781869	73782131	+	1	NA	promoter-TSS (ENST00000372833.6)	protein_coding-promoter-TSS (ENST00000372833.6)	11	ENST00000686143.1	ENSG00000288823	ENST00000686143			ENSG00000288823			lncRNA
chr2-278	chr2	35529508	35529770	+	1	NA	Intergenic	Intergenic	57923	ENST00000445475.1	ENSG00000229013	ENST00000445475			ENSG00000229013			processed_pseudogene
chr15-48	chr15	84631130	84631392	+	1	NA	promoter-TSS (ENST00000348993.9)	lncRNA-promoter-TSS (ENST00000348993.9)	-190	ENST00000348993.9	ENSG00000291159	ENST00000558508			ENSG00000291159			lncRNA
chr15-324	chr15	73995041	73995303	+	1	NA	promoter-TSS (ENST00000561656.5)	protein_coding-promoter-TSS (ENST00000561656.5)	369	ENST00000563500.5	ENSG00000140464	ENST00000436891			PML			protein_coding
chr5-97	chr5	80487886	80488148	+	1	NA	promoter-TSS (ENST00000282226.5)	protein_coding-promoter-TSS (ENST00000282226.5)	31	ENST00000511718.5	ENSG00000152380	ENST00000511718			FAM151B			protein_coding
chr5-338	chr5	138753090	138753352	+	1	NA	promoter-TSS (ENST00000302763.12)	protein_coding-promoter-TSS (ENST00000302763.12)	88	ENST00000520838.1	ENSG00000253404	ENST00000520838			CTNNA1-AS1			lncRNA
chr16-640	chr16	89641284	89641546	+	1	NA	exon (ENST00000676275.1, exon 2 of 2)	protein_coding-exon (ENST00000676275.1, exon 2 of 2)	3839	ENST00000564645.1	ENSG00000015413	ENST00000261615			DPEP1			protein_coding
chr7-98	chr7	44490606	44490868	+	1	NA	promoter-TSS (ENST00000355451.8)	protein_coding-promoter-TSS (ENST00000355451.8)	-79	ENST00000355451.8	ENSG00000015676	ENST00000464812			NUDCD3			protein_coding
chr15-219	chr15	92809349	92809611	+	1	NA	promoter-TSS (ENST00000555325.1)	lncRNA-promoter-TSS (ENST00000555325.1)	318	ENST00000557398.2	ENSG00000185442	ENST00000555613			FAM174B			protein_coding
chr2-625	chr2	186895497	186895759	+	1	NA	Intergenic	Intergenic	-46420	ENST00000419862.1	ENSG00000163012	ENST00000295131			ZSWIM2			protein_coding
chr6-98	chr6	7480088	7480350	+	1	NA	TTS (ENST00000421896.1)	processed_pseudogene-TTS (ENST00000421896.1)	2375	ENST00000421896.1	ENSG00000233503	ENST00000421896			HNRNPLP1			processed_pseudogene
chr5-113	chr5	178108464	178108726	+	1	NA	Intergenic	Intergenic	-4937	ENST00000274605.6	ENSG00000145911	ENST00000274605			N4BP3			protein_coding
chr1-52	chr1	63523149	63523411	+	1	NA	promoter-TSS (ENST00000271002.15)	protein_coding-promoter-TSS (ENST00000271002.15)	-25	ENST00000489863.5	ENSG00000142856	ENST00000460394			ITGB3BP			protein_coding
chr14-66	chr14	39267030	39267292	+	1	NA	promoter-TSS (ENST00000280083.7)	protein_coding-promoter-TSS (ENST00000280083.7)	15	ENST00000280083.7	ENSG00000150527	ENST00000555143			MIA2			protein_coding
chr20-299	chr20	62122007	62122269	+	1	NA	promoter-TSS (ENST00000279068.11)	protein_coding-promoter-TSS (ENST00000279068.11)	-323	ENST00000370915.5	ENSG00000149657	ENST00000370915			LSM14B			protein_coding
chr7-219	chr7	5486904	5487166	+	1	NA	intron (ENST00000382368.8, intron 4 of 4)	protein_coding-intron (ENST00000382368.8, intron 4 of 4)	8882	ENST00000385238.1	ENSG00000207973	ENST00000385238			MIR589			miRNA
chr12-41	chr12	130340086	130340348	+	1	NA	intron (ENST00000535956.5, intron 1 of 4)	protein_coding-intron (ENST00000245255.7, intron 1 of 20)	718	ENST00000535956.5	ENSG00000125207	ENST00000540672			PIWIL1			protein_coding
chr11-270	chr11	65096055	65096317	+	1	NA	promoter-TSS (ENST00000279281.8)	protein_coding-promoter-TSS (ENST00000279281.8)	-28	ENST00000528050.1	ENSG00000149823	ENST00000526856			VPS51			protein_coding
chr14-123	chr14	58455865	58456127	+	1	NA	promoter-TSS (ENST00000651759.1)	protein_coding-promoter-TSS (ENST00000651759.1)	-704	ENST00000651759.1	ENSG00000100578	ENST00000556235			KIAA0586			protein_coding
chr17-1630	chr17	82963131	82963393	+	1	NA	intron (ENST00000576599.5, intron 7 of 12)	protein_coding-intron (ENST00000320865.4, intron 7 of 12)	-1930	ENST00000571394.1	ENSG00000175711	ENST00000571394			B3GNTL1			protein_coding
chr10-64	chr10	5493798	5494060	+	1	NA	promoter-TSS (ENST00000689579.2)	lncRNA-promoter-TSS (ENST00000689579.2)	-81	ENST00000689579.2	ENSG00000288922	ENST00000689579			ENSG00000288922			lncRNA
chr8-151	chr8	142393731	142393993	+	1	NA	intron (ENST00000518720.5, intron 1 of 4)	protein_coding-intron (ENST00000307180.4, intron 1 of 13)	9026	ENST00000520462.5	ENSG00000171045	ENST00000518720			TSNARE1			protein_coding
chr7-394	chr7	1176248	1176510	+	1	NA	Intergenic	Intergenic	-15620	ENST00000478137.1	ENSG00000178381	ENST00000478137			ZFAND2A			protein_coding
chr19-11	chr19	36573162	36573424	+	1	NA	promoter-TSS (ENST00000334116.7)	protein_coding-promoter-TSS (ENST00000334116.7)	-1	ENST00000591340.6	ENSG00000186020	ENST00000334116			ZNF529			protein_coding
chr1-175	chr1	172532809	172533071	+	1	NA	promoter-TSS (ENST00000263688.4)	protein_coding-promoter-TSS (ENST00000263688.4)	-178	ENST00000616058.4	ENSG00000094975	ENST00000608804			SUCO			protein_coding
chr3-124	chr3	31288774	31289036	+	1	NA	Intergenic	Intergenic	19898	ENST00000427353.1	ENSG00000230111	ENST00000427353			H3P11			processed_pseudogene
chr14-133	chr14	50116391	50116653	+	1	NA	promoter-TSS (ENST00000395859.2)	protein_coding-promoter-TSS (ENST00000395859.2)	36	ENST00000484763.1	ENSG00000100483	ENST00000395859			VCPKMT			protein_coding
chr14-142	chr14	91510469	91510731	+	1	NA	promoter-TSS (ENST00000554308.5)	protein_coding-promoter-TSS (ENST00000554308.5)	-46	ENST00000557018.5	ENSG00000100796	ENST00000555029			PPP4R3A			protein_coding
chr12-348	chr12	49234509	49234771	+	1	NA	intron (ENST00000549023.2, intron 1 of 1)	protein_coding-intron (ENST00000541364.5, intron 1 of 3)	6597	ENST00000552125.1	ENSG00000167553	ENST00000552125			TUBA1C			protein_coding
chr6-394	chr6	42745346	42745608	+	1	NA	exon (ENST00000372876.2, exon 1 of 1)	protein_coding-exon (ENST00000372876.2, exon 1 of 1)	626	ENST00000372876.2	ENSG00000124659	ENST00000372876			TBCC			protein_coding
chr16-152	chr16	88942509	88942771	+	1	NA	promoter-TSS (ENST00000569443.5)	protein_coding-promoter-TSS (ENST00000569443.5)	-796	ENST00000569443.5	ENSG00000129993	ENST00000569464			CBFA2T3			protein_coding
chrX-24	chrX	52995635	52995897	+	1	NA	promoter-TSS (ENST00000610625.5)	protein_coding-promoter-TSS (ENST00000610625.5)	-294	ENST00000615092.4	ENSG00000268350	ENST00000622323			FAM156A			protein_coding
chr3-976	chr3	14268095	14268357	+	1	NA	Intergenic	Intergenic	35619	ENST00000525575.1	ENSG00000255021	ENST00000525575			ENSG00000255021			lncRNA
chr20-455	chr20	62652646	62652908	+	1	NA	promoter-TSS (ENST00000620143.1)	lncRNA-promoter-TSS (ENST00000620143.1)	-591	ENST00000620143.1	ENSG00000276317	ENST00000620143			ENSG00000276317			lncRNA
chr11-12	chr11	71481475	71481737	+	1	NA	TTS (ENST00000527227.1)	protein_coding-TTS (ENST00000527227.1)	795	ENST00000531236.1	ENSG00000172890	ENST00000534634			NADSYN1			protein_coding
chr11-13	chr11	68380435	68380697	+	1	NA	intron (ENST00000529993.5, intron 5 of 22)	protein_coding-intron (ENST00000294304.12, intron 5 of 22)	-23411	ENST00000528890.1	ENSG00000162337	ENST00000528890			LRP5			protein_coding
chr1-77	chr1	111513508	111513770	+	1	NA	intron (ENST00000369717.8, intron 1 of 5)	protein_coding-intron (ENST00000369717.8, intron 1 of 5)	-10006	ENST00000241356.5	ENSG00000282608	ENST00000241356			ADORA3			protein_coding
chr16-467	chr16	89247529	89247791	+	1	NA	Intergenic	Intergenic	-18968	ENST00000563182.1	ENSG00000260659	ENST00000563182			ENSG00000260659			lncRNA
chr17-784	chr17	79942598	79942860	+	1	NA	intron (ENST00000576768.5, intron 6 of 7)	protein_coding-intron (ENST00000310924.7, intron 10 of 11)	8099	ENST00000572862.5	ENSG00000167291	ENST00000571872			TBC1D16			protein_coding
chr11-204	chr11	86671369	86671631	+	1	NA	TTS (ENST00000526834.1)	protein_coding-TTS (ENST00000526834.1)	322	ENST00000534638.1	ENSG00000151376	ENST00000543262			ME3			protein_coding
chr17-622	chr17	4142956	4143218	+	1	NA	promoter-TSS (ENST00000301391.8)	protein_coding-promoter-TSS (ENST00000301391.8)	-57	ENST00000381638.7	ENSG00000074755	ENST00000572831			ZZEF1			protein_coding
chr20-1222	chr20	63542265	63542527	+	1	NA	intron (ENST00000217188.2, intron 4 of 7)	protein_coding-intron (ENST00000217188.2, intron 4 of 7)	-1015	ENST00000620908.1	ENSG00000275812	ENST00000620908			ENSG00000275812			lncRNA
chr7-258	chr7	69732322	69732584	+	1	NA	intron (ENST00000476695.2, intron 2 of 5)	protein_coding-intron (ENST00000342771.10, intron 1 of 18)	89150	ENST00000476695.2	ENSG00000158321	ENST00000659051			AUTS2			protein_coding
chr12-14	chr12	116559427	116559689	+	1	NA	intron (ENST00000556529.4, intron 1 of 1)	protein_coding-intron (ENST00000556529.4, intron 1 of 1)	177	ENST00000556529.4	ENSG00000258102	ENST00000547114			MAP1LC3B2			protein_coding
chr16-206	chr16	1773224	1773486	+	1	NA	promoter-TSS (ENST00000177742.7)	protein_coding-promoter-TSS (ENST00000177742.7)	29	ENST00000570069.5	ENSG00000197774	ENST00000561564			EME2			protein_coding
chr11-17	chr11	125887486	125887748	+	1	NA	promoter-TSS (ENST00000425380.7)	protein_coding-promoter-TSS (ENST00000425380.7)	-51	ENST00000425380.7	ENSG00000198331	ENST00000425380			HYLS1			protein_coding
chr9-176	chr9	120842993	120843255	+	1	NA	promoter-TSS (ENST00000210313.8)	protein_coding-promoter-TSS (ENST00000210313.8)	24	ENST00000640066.2	ENSG00000293514	ENST00000458394			CUTALP			lncRNA
chr1-41	chr1	39094736	39094998	+	1	NA	intron (ENST00000693209.1, intron 1 of 34)	protein_coding-intron (ENST00000361689.7, intron 2 of 93)	10485	ENST00000693209.1	ENSG00000127603	ENST00000688426			MACF1			protein_coding
chr20-1432	chr20	37344512	37344774	+	1	NA	promoter-TSS (ENST00000497734.5)	protein_coding-promoter-TSS (ENST00000497734.5)	-42	ENST00000497734.5	ENSG00000197122	ENST00000467556			SRC			protein_coding
chr21-19	chr21	29073721	29073983	+	1	NA	promoter-TSS (ENST00000286788.9)	protein_coding-promoter-TSS (ENST00000286788.9)	-55	ENST00000540844.5	ENSG00000156261	ENST00000496121			CCT8			protein_coding
chr17-1297	chr17	14206003	14206265	+	1	NA	intron (ENST00000670279.1, intron 6 of 10)	protein_coding-intron (ENST00000261643.8, intron 6 of 6)	-4354	ENST00000458492.1	ENSG00000006695	ENST00000458492			COX10			protein_coding
chr9-42	chr9	109532776	109533038	+	1	NA	TTS (ENST00000442962.2)	processed_pseudogene-TTS (ENST00000442962.2)	1425	ENST00000442962.2	ENSG00000213539	ENST00000442962			YBX1P6			processed_pseudogene
chr8-103	chr8	101474027	101474289	+	1	NA	intron (ENST00000520268.1, intron 1 of 1)	lncRNA-intron (ENST00000520268.1, intron 1 of 1)	18140	ENST00000690034.1	ENSG00000289048	ENST00000701971			ENSG00000289048			lncRNA
chr4-134	chr4	6470422	6470684	+	1	NA	intron (ENST00000507294.1, intron 2 of 9)	protein_coding-intron (ENST00000314348.12, intron 1 of 4)	1133	ENST00000507028.1	ENSG00000074211	ENST00000513943			PPP2R2C			protein_coding
chr2-348	chr2	217988259	217988521	+	1	NA	intron (ENST00000465306.1, intron 1 of 1)	protein_coding-intron (ENST00000446903.5, intron 2 of 18)	2624	ENST00000651849.1	ENSG00000079308	ENST00000453356			TNS1			protein_coding
chr8-287	chr8	128153097	128153359	+	1	NA	intron (ENST00000650846.1, intron 3 of 3)	lncRNA-intron (ENST00000650846.1, intron 3 of 3)	3112	ENST00000408334.1	ENSG00000221261	ENST00000408334			MIR1208			miRNA
chr22-22	chr22	37674994	37675256	+	1	NA	promoter-TSS (ENST00000215909.10)	protein_coding-promoter-TSS (ENST00000215909.10)	-511	ENST00000215909.10	ENSG00000100097	ENST00000215909			LGALS1			protein_coding
chr20-403	chr20	56606597	56606859	+	1	NA	Intergenic	Intergenic	5027	ENST00000398541.2	ENSG00000214541	ENST00000398541			RPS4XP3			processed_pseudogene
chr9-243	chr9	137578855	137579117	+	1	NA	promoter-TSS (ENST00000277540.7)	protein_coding-promoter-TSS (ENST00000277540.7)	-61	ENST00000277540.7	ENSG00000148399	ENST00000491359			DPH7			protein_coding
chr16-53	chr16	28846180	28846442	+	1	NA	promoter-TSS (ENST00000313511.8)	protein_coding-promoter-TSS (ENST00000313511.8)	19	ENST00000565012.1	ENSG00000178952	ENST00000561644			TUFM			protein_coding
chr22-23	chr22	43187559	43187821	+	1	NA	promoter-TSS (ENST00000216129.7)	protein_coding-promoter-TSS (ENST00000216129.7)	-556	ENST00000216129.7	ENSG00000100304	ENST00000484711			TTLL12			protein_coding
chr17-1451	chr17	80261411	80261673	+	1	NA	intron (ENST00000582970.6, intron 1 of 67)	protein_coding-intron (ENST00000319921.4, intron 1 of 16)	672	ENST00000319921.4	ENSG00000173821	ENST00000572622			RNF213			protein_coding
chr8-102	chr8	100416166	100416428	+	1	NA	intron (ENST00000664475.1, intron 1 of 1)	lncRNA-intron (ENST00000664475.1, intron 1 of 1)	-1753	ENST00000654832.1	ENSG00000253824	ENST00000654832			ENSG00000253824			lncRNA
chr14-217	chr14	75200314	75200576	+	1	NA	Intergenic	Intergenic	1724	ENST00000516204.1	ENSG00000252013	ENST00000516204			RNU4ATAC14P			snRNA
chr10-111	chr10	120851203	120851465	+	1	NA	promoter-TSS (ENST00000263461.11)	protein_coding-promoter-TSS (ENST00000263461.11)	-28	ENST00000605543.5	ENSG00000120008	ENST00000604509			WDR11			protein_coding
chr22-104	chr22	38180906	38181168	+	1	NA	promoter-TSS (ENST00000455341.2)	protein_coding-promoter-TSS (ENST00000455341.2)	-633	ENST00000455341.2	ENSG00000184381	ENST00000430886			PLA2G6			protein_coding
chr12-580	chr12	110887895	110888157	+	1	NA	intron (ENST00000552694.1, intron 6 of 9)	protein_coding-intron (ENST00000308208.10, intron 8 of 11)	26264	ENST00000549029.1	ENSG00000111245	ENST00000663220			MYL2			protein_coding
chr8-37	chr8	10335465	10335727	+	1	NA	intron (ENST00000517594.1, intron 1 of 1)	protein_coding-intron (ENST00000317173.9, intron 5 of 5)	2081	ENST00000513168.1	ENSG00000249848	ENST00000513168			ENSG00000249848			processed_pseudogene
chr14-201	chr14	21476711	21476973	+	1	NA	promoter-TSS (ENST00000447695.5)	protein_coding-promoter-TSS (ENST00000447695.5)	67	ENST00000649801.1	ENSG00000129472	ENST00000397762			RAB2B			protein_coding
chr12-322	chr12	95072957	95073219	+	1	NA	promoter-TSS (ENST00000547469.1)	protein_coding-promoter-TSS (ENST00000547469.1)	-71	ENST00000547469.1	ENSG00000120798	ENST00000546367			NR2C1			protein_coding
chr2-70	chr2	111705782	111706044	+	1	NA	intron (ENST00000643447.1, intron 9 of 11)	protein_coding-intron (ENST00000643447.1, intron 9 of 11)	-6880	ENST00000644013.1	ENSG00000285016	ENST00000645914			ENSG00000285016			lncRNA
chr21-24	chr21	44928689	44928951	+	1	NA	promoter-TSS (ENST00000355153.8)	protein_coding-promoter-TSS (ENST00000355153.8)	18	ENST00000355153.8	ENSG00000160255	ENST00000696946			ITGB2			protein_coding
chr17-775	chr17	62718589	62718851	+	1	NA	intron (ENST00000583600.5, intron 9 of 11)	protein_coding-intron (ENST00000311269.10, intron 8 of 10)	12384	ENST00000663932.1	ENSG00000265702	ENST00000577270			ENSG00000265702			lncRNA
chr8-282	chr8	123241305	123241567	+	1	NA	promoter-TSS (ENST00000276704.6)	protein_coding-promoter-TSS (ENST00000276704.6)	-59	ENST00000522477.1	ENSG00000189376	ENST00000276704			C8orf76			protein_coding
chr17-917	chr17	17738339	17738601	+	1	NA	intron (ENST00000471135.2, intron 3 of 3)	protein_coding-intron (ENST00000353383.6, intron 2 of 5)	32351	ENST00000443696.1	ENSG00000237328	ENST00000443696			RAI1-AS1			lncRNA
chr16-57	chr16	3509573	3509835	+	1	NA	promoter-TSS (ENST00000572600.5)	protein_coding-promoter-TSS (ENST00000572600.5)	-190	ENST00000572600.5	ENSG00000103351	ENST00000576634			CLUAP1			protein_coding
chr22-27	chr22	46609315	46609577	+	1	NA	intron (ENST00000431155.1, intron 1 of 1)	protein_coding-intron (ENST00000431155.1, intron 1 of 1)	-10940	ENST00000406902.6	ENSG00000075240	ENST00000408031			GRAMD4			protein_coding
chr16-139	chr16	85688887	85689149	+	1	NA	promoter-TSS (ENST00000253462.8)	protein_coding-promoter-TSS (ENST00000253462.8)	-64	ENST00000253462.8	ENSG00000131153	ENST00000596233			GINS2			protein_coding
chr3-1189	chr3	194141666	194141928	+	1	NA	Intergenic	Intergenic	-3877	ENST00000487718.3	ENSG00000242201	ENST00000487718			RN7SL215P			misc_RNA
chr12-332	chr12	123712113	123712375	+	1	NA	promoter-TSS (ENST00000330342.8)	protein_coding-promoter-TSS (ENST00000330342.8)	-109	ENST00000330342.8	ENSG00000185344	ENST00000330342			ATP6V0A2			protein_coding
chr3-990	chr3	50569318	50569580	+	1	NA	promoter-TSS (ENST00000232854.9)	protein_coding-promoter-TSS (ENST00000232854.9)	-29	ENST00000448997.5	ENSG00000114735	ENST00000455834			HEMK1			protein_coding
chr14-5	chr14	106872632	106872894	+	1	NA	TTS (ENST00000640749.1)	IG_V_pseudogene-TTS (ENST00000640749.1)	423	ENST00000640749.1	ENSG00000283906	ENST00000640749			IGHV4-80			IG_V_pseudogene
chr12-29	chr12	54892097	54892359	+	1	NA	intron (ENST00000652289.1, intron 4 of 4)	protein_coding-intron (ENST00000652289.1, intron 4 of 4)	37712	ENST00000308796.11	ENSG00000172551	ENST00000546809			MUCL1			protein_coding
chr5-271	chr5	141557633	141557895	+	1	NA	promoter-TSS (ENST00000502205.2)	lncRNA-promoter-TSS (ENST00000502205.2)	90	ENST00000518484.1	ENSG00000131504	ENST00000643718			DIAPH1			protein_coding
chr3-327	chr3	123961310	123961572	+	1	NA	promoter-TSS (ENST00000310351.8)	protein_coding-promoter-TSS (ENST00000310351.8)	-33	ENST00000488653.6	ENSG00000175455	ENST00000477268			CCDC14			protein_coding
chr14-107	chr14	104752945	104753207	+	1	NA	promoter-TSS (ENST00000329967.11)	protein_coding-promoter-TSS (ENST00000329967.11)	-71	ENST00000535554.4	ENSG00000184990	ENST00000347067			SIVA1			protein_coding
chr10-201	chr10	48306256	48306518	+	1	NA	promoter-TSS (ENST00000374179.8)	protein_coding-promoter-TSS (ENST00000374179.8)	-252	ENST00000395611.7	ENSG00000107643	ENST00000374182			MAPK8			protein_coding
chr10-128	chr10	84139469	84139731	+	1	NA	promoter-TSS (ENST00000372134.6)	protein_coding-promoter-TSS (ENST00000372134.6)	4	ENST00000686247.1	ENSG00000165678	ENST00000687085			GHITM			protein_coding
chr2-91	chr2	229922056	229922318	+	1	NA	promoter-TSS (ENST00000283943.9)	protein_coding-promoter-TSS (ENST00000283943.9)	-115	ENST00000373652.7	ENSG00000153832	ENST00000465090			FBXO36			protein_coding
chr1-102	chr1	16624129	16624391	+	1	NA	intron (ENST00000412962.4, intron 14 of 17)	transcribed_unprocessed_pseudogene-intron (ENST00000412962.4, intron 14 of 17)	2126	ENST00000639481.1	ENSG00000291072	ENST00000640476			ENSG00000291072			lncRNA
chr6-197	chr6	15036830	15037092	+	1	NA	intron (ENST00000653525.1, intron 2 of 3)	lncRNA-intron (ENST00000437648.1, intron 2 of 3)	-14997	ENST00000629853.2	ENSG00000234261	ENST00000659197			ENSG00000234261			lncRNA
chr3-181	chr3	41199312	41199574	+	1	NA	promoter-TSS (ENST00000349496.11)	protein_coding-promoter-TSS (ENST00000349496.11)	1	ENST00000645982.1	ENSG00000168036	ENST00000645982			CTNNB1			protein_coding
chr1-37	chr1	1073731	1073993	+	1	NA	intron (ENST00000453464.3, intron 1 of 1)	protein_coding-intron (ENST00000453464.3, intron 1 of 1)	444	ENST00000453464.3	ENSG00000237330	ENST00000453464			RNF223			protein_coding
chr3-115	chr3	50265286	50265548	+	1	NA	Intergenic	Intergenic	2119	ENST00000686401.2	ENSG00000232352	ENST00000421735			SEMA3B-AS1			lncRNA
chr15-76	chr15	69388333	69388595	+	1	NA	intron (ENST00000561153.5, intron 5 of 8)	protein_coding-intron (ENST00000340965.4, intron 3 of 6)	-2728	ENST00000560870.1	ENSG00000259645	ENST00000560870			ENSG00000259645			lncRNA
chr2-246	chr2	48111673	48111935	+	1	NA	promoter-TSS (ENST00000650693.1)	lncRNA-promoter-TSS (ENST00000650693.1)	-413	ENST00000650693.1	ENSG00000230773	ENST00000587616			ENSG00000230773			lncRNA
chr7-621	chr7	76318157	76318419	+	1	NA	promoter-TSS (ENST00000685158.1)	lncRNA-promoter-TSS (ENST00000685158.1)	35	ENST00000685158.1	ENSG00000289059	ENST00000685158			FPASL			lncRNA
chr5-12	chr5	56757109	56757371	+	1	NA	Intergenic	Intergenic	-13559	ENST00000438117.2	ENSG00000228650	ENST00000438117			ENSG00000228650			lncRNA
chr10-5	chr10	97849125	97849387	+	1	NA	promoter-TSS (ENST00000370602.6)	protein_coding-promoter-TSS (ENST00000370602.6)	542	ENST00000427379.2	ENSG00000227356	ENST00000427379			GOLGA7B-DT			lncRNA
chr3-505	chr3	12445250	12445512	+	1	NA	Intergenic	Intergenic	20807	ENST00000684277.1	ENSG00000132170	ENST00000683749			PPARG			protein_coding
chr7-449	chr7	137642617	137642879	+	1	NA	intron (ENST00000614521.2, intron 6 of 32)	protein_coding-intron (ENST00000288490.9, intron 6 of 33)	-32743	ENST00000706929.1	ENSG00000157680	ENST00000477835			DGKI			protein_coding
chr4-88	chr4	39527742	39528004	+	1	NA	promoter-TSS (ENST00000316423.11)	protein_coding-promoter-TSS (ENST00000316423.11)	27	ENST00000514106.5	ENSG00000109814	ENST00000316423			UGDH			protein_coding
chr16-242	chr16	30650593	30650855	+	1	NA	promoter-TSS (ENST00000287463.8)	protein_coding-promoter-TSS (ENST00000287463.8)	-5	ENST00000568754.5	ENSG00000156858	ENST00000565977			PRR14			protein_coding
chr12-150	chr12	55728382	55728644	+	1	NA	promoter-TSS (ENST00000546939.5)	protein_coding-promoter-TSS (ENST00000546939.5)	-31	ENST00000552692.5	ENSG00000135404	ENST00000552067			CD63			protein_coding
chr7-240	chr7	138325508	138325770	+	1	NA	Intergenic	Intergenic	-27155	ENST00000464337.1	ENSG00000213238	ENST00000464337			ENSG00000213238			processed_pseudogene
chr4-48	chr4	98929330	98929592	+	1	NA	promoter-TSS (ENST00000280892.10)	protein_coding-promoter-TSS (ENST00000280892.10)	-328	ENST00000450253.7	ENSG00000151247	ENST00000507665			EIF4E			protein_coding
chr7-13	chr7	2524245	2524507	+	1	NA	intron (ENST00000493850.1, intron 1 of 5)	protein_coding-intron (ENST00000222725.10, intron 1 of 7)	783	ENST00000493850.1	ENSG00000106003	ENST00000359574			LFNG			protein_coding
chr7-193	chr7	538245	538507	+	1	NA	Intergenic	Intergenic	15780	ENST00000702988.1	ENSG00000223855	ENST00000689546			PDGFA-DT			lncRNA
chr20-96	chr20	59032174	59032436	+	1	NA	promoter-TSS (ENST00000243997.8)	protein_coding-promoter-TSS (ENST00000243997.8)	-13	ENST00000395663.1	ENSG00000124172	ENST00000395659			ATP5F1E			protein_coding
chr6-13	chr6	28136736	28136998	+	1	NA	promoter-TSS (ENST00000565046.1)	lncRNA-promoter-TSS (ENST00000565046.1)	18	ENST00000565046.1	ENSG00000261839	ENST00000565046			ENSG00000261839			lncRNA
chr1-1231	chr1	154558741	154559003	+	1	NA	promoter-TSS (ENST00000292211.5)	protein_coding-promoter-TSS (ENST00000292211.5)	156	ENST00000497453.1	ENSG00000160714	ENST00000476612			UBE2Q1			protein_coding
chr1-107	chr1	149712491	149712753	+	1	NA	intron (ENST00000617878.2, intron 3 of 4)	lncRNA-intron (ENST00000617878.2, intron 3 of 4)	11518	ENST00000651957.1	ENSG00000291158	ENST00000435115			LINC00869			lncRNA
chr7-192	chr7	151227238	151227500	+	1	NA	promoter-TSS (ENST00000222388.6)	protein_coding-promoter-TSS (ENST00000222388.6)	-164	ENST00000287844.7	ENSG00000033050	ENST00000441774			ABCF2			protein_coding
chr2-109	chr2	129979682	129979944	+	1	NA	exon (ENST00000410061.4, exon 1 of 1)	protein_coding-exon (ENST00000410061.4, exon 1 of 1)	147	ENST00000410061.4	ENSG00000222014	ENST00000410061			RAB6C			protein_coding
chr10-178	chr10	52884124	52884386	+	1	NA	Intergenic	Intergenic	31648	ENST00000364326.1	ENSG00000201196	ENST00000364326			Y_RNA			misc_RNA
chr14-111	chr14	49620662	49620924	+	1	NA	promoter-TSS (ENST00000298289.7)	protein_coding-promoter-TSS (ENST00000298289.7)	-6	ENST00000305386.4	ENSG00000168282	ENST00000305386			MGAT2			protein_coding
chr8-77	chr8	141041602	141041864	+	1	NA	Intergenic	Intergenic	-13557	ENST00000517606.1	ENSG00000253266	ENST00000522882			ENSG00000253266			lncRNA
chr8-760	chr8	70669273	70669535	+	1	NA	promoter-TSS (ENST00000276590.5)	protein_coding-promoter-TSS (ENST00000276590.5)	-4	ENST00000520273.1	ENSG00000221947	ENST00000520273			XKR9			protein_coding
chr1-179	chr1	233112970	233113232	+	1	NA	intron (ENST00000490102.6, intron 2 of 4)	protein_coding-intron (ENST00000258229.14, intron 21 of 33)	22087	ENST00000484041.5	ENSG00000135749	ENST00000519530			PCNX2			protein_coding
chr4-35	chr4	3467006	3467268	+	1	NA	intron (ENST00000643608.1, intron 2 of 7)	protein_coding-intron (ENST00000340083.6, intron 2 of 6)	3826	ENST00000507039.5	ENSG00000175920	ENST00000340083			DOK7			protein_coding
chr16-304	chr16	81403578	81403840	+	1	NA	Intergenic	Intergenic	18691	ENST00000581455.1	ENSG00000284473	ENST00000581455			MIR4720			miRNA
chr2-177	chr2	120541288	120541550	+	1	NA	Intergenic	Intergenic	2907	ENST00000413991.1	ENSG00000237614	ENST00000655876			ENSG00000237614			lncRNA
chr14-457	chr14	93184688	93184950	+	1	NA	promoter-TSS (ENST00000283534.4)	protein_coding-promoter-TSS (ENST00000283534.4)	78	ENST00000298894.5	ENSG00000165943	ENST00000556883			MOAP1			protein_coding
chr3-406	chr3	153161989	153162251	+	1	NA	promoter-TSS (ENST00000323534.5)	protein_coding-promoter-TSS (ENST00000323534.5)	-106	ENST00000323534.5	ENSG00000181467	ENST00000323534			RAP2B			protein_coding
chr13-141	chr13	99501112	99501374	+	1	NA	promoter-TSS (ENST00000366259.2)	lncRNA-promoter-TSS (ENST00000366259.2)	-191	ENST00000366259.2	ENSG00000203441	ENST00000366259			LINC00449			lncRNA
chr5-60	chr5	58069907	58070169	+	1	NA	Intergenic	Intergenic	43294	ENST00000661072.1	ENSG00000248132	ENST00000505861			LINC02101			lncRNA
chr17-12	chr17	59786560	59786822	+	1	NA	intron (ENST00000710770.1, intron 7 of 12)	protein_coding-intron (ENST00000262291.9, intron 7 of 11)	-50546	ENST00000710771.1	ENSG00000062716	ENST00000591877			VMP1			protein_coding
chr20-6	chr20	47663818	47664080	+	1	NA	promoter-TSS (ENST00000433632.1)	protein_coding-promoter-TSS (ENST00000433632.1)	-395	ENST00000433632.1	ENSG00000196562	ENST00000433632			SULF2			protein_coding
chr20-70	chr20	60062925	60063187	+	1	NA	intron (ENST00000625080.1, intron 2 of 3)	lncRNA-intron (ENST00000625080.1, intron 2 of 3)	7131	ENST00000625080.1	ENSG00000176659	ENST00000701068			LINC02910			lncRNA
chr19-46	chr19	50969384	50969646	+	1	NA	promoter-TSS (ENST00000310157.7)	protein_coding-promoter-TSS (ENST00000310157.7)	76	ENST00000310157.7	ENSG00000167755	ENST00000599881			KLK6			protein_coding
chr15-432	chr15	92645631	92645893	+	1	NA	promoter-TSS (ENST00000553393.5)	protein_coding-promoter-TSS (ENST00000553393.5)	-164	ENST00000553393.5	ENSG00000185442	ENST00000555613			FAM174B			protein_coding
chr7-101	chr7	73738940	73739202	+	1	NA	promoter-TSS (ENST00000222800.8)	protein_coding-promoter-TSS (ENST00000222800.8)	-219	ENST00000480445.5	ENSG00000106077	ENST00000468331			ABHD11			protein_coding
chr1-925	chr1	155177332	155177594	+	1	NA	intron (ENST00000611379.1, intron 5 of 9)	protein_coding-intron (ENST00000334634.9, intron 5 of 9)	2709	ENST00000611379.1	ENSG00000163462	ENST00000334634			TRIM46			protein_coding
chr9-305	chr9	131092638	131092900	+	1	NA	TTS (ENST00000462567.1)	protein_coding-TTS (ENST00000462567.1)	-3707	ENST00000372309.7	ENSG00000126878	ENST00000372314			AIF1L			protein_coding
chr3-23	chr3	23115232	23115494	+	1	NA	Intergenic	Intergenic	-19009	ENST00000399435.2	ENSG00000215016	ENST00000399435			RPL24P7			processed_pseudogene
chr19-331	chr19	49987226	49987488	+	1	NA	TTS (ENST00000593919.5)	protein_coding-TTS (ENST00000593919.5)	5553	ENST00000593912.5	ENSG00000105053	ENST00000601341			VRK3			protein_coding
chr8-41	chr8	79765264	79765526	+	1	NA	TTS (ENST00000518733.1)	protein_coding-TTS (ENST00000518733.1)	1080	ENST00000674192.1	ENSG00000164683	ENST00000523531			HEY1			protein_coding
chr15-90	chr15	77527323	77527585	+	1	NA	intron (ENST00000561283.2, intron 1 of 1)	lncRNA-intron (ENST00000561283.2, intron 1 of 1)	1914	ENST00000561283.2	ENSG00000259362	ENST00000561283			ENSG00000259362			lncRNA
chr2-172	chr2	96556967	96557229	+	1	NA	Intergenic	Intergenic	9708	ENST00000497920.1	ENSG00000196843	ENST00000467498			ARID5A			protein_coding
chr12-16	chr12	52949787	52950049	+	1	NA	promoter-TSS (ENST00000546826.5)	protein_coding-promoter-TSS (ENST00000546826.5)	2	ENST00000551318.1	ENSG00000170421	ENST00000546542			KRT8			protein_coding
chr2-30	chr2	207930799	207931061	+	1	NA	exon (ENST00000427836.8, exon 5 of 8)	protein_coding-exon (ENST00000427836.8, exon 5 of 8)	46520	ENST00000447645.5	ENSG00000178385	ENST00000457206			PLEKHM3			protein_coding
chr19-100	chr19	4388784	4389046	+	1	NA	intron (ENST00000598564.5, intron 1 of 9)	protein_coding-intron (ENST00000269886.7, intron 1 of 9)	1695	ENST00000593591.5	ENSG00000141985	ENST00000598230			SH3GL1			protein_coding
chr7-356	chr7	94907583	94907845	+	1	NA	promoter-TSS (ENST00000340694.8)	protein_coding-promoter-TSS (ENST00000340694.8)	39	ENST00000424654.5	ENSG00000158528	ENST00000456331			PPP1R9A			protein_coding
chr17-1824	chr17	79831884	79832146	+	1	NA	Intergenic	Intergenic	5866	ENST00000495122.1	ENSG00000141582	ENST00000448310			CBX4			protein_coding
chr8-52	chr8	55773227	55773489	+	1	NA	promoter-TSS (ENST00000260129.6)	protein_coding-promoter-TSS (ENST00000260129.6)	-6	ENST00000519784.5	ENSG00000167904	ENST00000519460			TMEM68			protein_coding
chr16-101	chr16	23641251	23641513	+	1	NA	promoter-TSS (ENST00000261584.9)	protein_coding-promoter-TSS (ENST00000261584.9)	-61	ENST00000697383.1	ENSG00000083093	ENST00000697380			PALB2			protein_coding
chr16-320	chr16	1782647	1782909	+	1	NA	promoter-TSS (ENST00000262302.14)	protein_coding-promoter-TSS (ENST00000262302.14)	-24	ENST00000564070.1	ENSG00000162032	ENST00000565550			SPSB3			protein_coding
chr21-15	chr21	45287911	45288173	+	1	NA	promoter-TSS (ENST00000331343.11)	protein_coding-promoter-TSS (ENST00000331343.11)	5	ENST00000400362.4	ENSG00000223768	ENST00000701789			LINC00205			lncRNA
chr5-262	chr5	90409924	90410186	+	1	NA	promoter-TSS (ENST00000283122.8)	protein_coding-promoter-TSS (ENST00000283122.8)	22	ENST00000546238.2	ENSG00000255647	ENST00000624106			ENSG00000255647			lncRNA
chr9-148	chr9	124940973	124941235	+	1	NA	promoter-TSS (ENST00000373555.9)	protein_coding-promoter-TSS (ENST00000373555.9)	-21	ENST00000373555.9	ENSG00000136935	ENST00000421514			GOLGA1			protein_coding
chr21-81	chr21	34888142	34888404	+	1	NA	exon (ENST00000344691.8, exon 1 of 6)	protein_coding-exon (ENST00000344691.8, exon 1 of 6)	417	ENST00000358356.9	ENSG00000159216	ENST00000358356			RUNX1			protein_coding
chr12-38	chr12	52148751	52149013	+	1	NA	Intergenic	Intergenic	-15233	ENST00000640420.1	ENSG00000258279	ENST00000668114			LINC00592			lncRNA
chr6-169	chr6	159461305	159461567	+	1	NA	Intergenic	Intergenic	65091	ENST00000404609.2	ENSG00000216480	ENST00000404609			RPL21P69			processed_pseudogene
chr7-169	chr7	36048177	36048439	+	1	NA	intron (ENST00000446024.1, intron 3 of 3)	lncRNA-intron (ENST00000446024.1, intron 3 of 3)	-16407	ENST00000650410.1	ENSG00000285573	ENST00000650410			ENSG00000285573			lncRNA
chr22-1	chr22	48090072	48090334	+	1	NA	Intergenic	Intergenic	37557	ENST00000624219.1	ENSG00000278890	ENST00000624219			ENSG00000278890			lncRNA
chr15-109	chr15	40953217	40953479	+	1	NA	promoter-TSS (ENST00000487220.1)	protein_coding-promoter-TSS (ENST00000487220.1)	-123	ENST00000617768.5	ENSG00000128965	ENST00000444189			CHAC1			protein_coding
chr8-208	chr8	89757834	89758096	+	1	NA	promoter-TSS (ENST00000504145.6)	lncRNA-promoter-TSS (ENST00000504145.6)	148	ENST00000517696.1	ENSG00000104312	ENST00000220751			RIPK2			protein_coding
chr12-260	chr12	51083495	51083757	+	1	NA	promoter-TSS (ENST00000228515.6)	protein_coding-promoter-TSS (ENST00000228515.6)	17	ENST00000548981.5	ENSG00000110925	ENST00000552899			CSRNP2			protein_coding
chr2-774	chr2	102619239	102619501	+	1	NA	promoter-TSS (ENST00000233969.3)	protein_coding-promoter-TSS (ENST00000233969.3)	-183	ENST00000233969.3	ENSG00000115616	ENST00000467657			SLC9A2			protein_coding
chr19-134	chr19	3520670	3520932	+	1	NA	TTS (ENST00000516599.1)	snoRNA-TTS (ENST00000516599.1)	519	ENST00000516599.1	ENSG00000252408	ENST00000516599			ENSG00000252408			snoRNA
chr19-20	chr19	4706873	4707135	+	1	NA	intron (ENST00000703254.1, intron 4 of 21)	protein_coding-intron (ENST00000262960.14, intron 4 of 21)	-2853	ENST00000599163.5	ENSG00000142002	ENST00000601764			DPP9			protein_coding
chr7-396	chr7	2511455	2511717	+	1	NA	promoter-TSS (ENST00000402506.5)	protein_coding-promoter-TSS (ENST00000402506.5)	-943	ENST00000402506.5	ENSG00000106003	ENST00000359574			LFNG			protein_coding
chr3-126	chr3	112991164	112991426	+	1	NA	promoter-TSS (ENST00000467752.5)	protein_coding-promoter-TSS (ENST00000467752.5)	-123	ENST00000467752.5	ENSG00000163607	ENST00000383677			GTPBP8			protein_coding
chr4-3	chr4	83034779	83035041	+	1	NA	promoter-TSS (ENST00000264389.7)	protein_coding-promoter-TSS (ENST00000264389.7)	-261	ENST00000511891.5	ENSG00000138663	ENST00000509317			COPS4			protein_coding
chr10-66	chr10	7818411	7818673	+	1	NA	promoter-TSS (ENST00000344293.6)	protein_coding-promoter-TSS (ENST00000344293.6)	14	ENST00000687522.1	ENSG00000165632	ENST00000686593			TAF3			protein_coding
chr11-444	chr11	62727239	62727501	+	1	NA	promoter-TSS (ENST00000294161.10)	protein_coding-promoter-TSS (ENST00000294161.10)	14	ENST00000403734.2	ENSG00000234857	ENST00000403734			HNRNPUL2-BSCL2			protein_coding
chr16-117	chr16	4152398	4152660	+	1	NA	Intergenic	Intergenic	21974	ENST00000572673.1	ENSG00000262471	ENST00000572673			ENSG00000262471			processed_pseudogene
chr16-370	chr16	4374914	4375176	+	1	NA	intron (ENST00000304735.4, intron 1 of 1)	protein_coding-intron (ENST00000251166.9, intron 9 of 27)	3197	ENST00000304735.4	ENSG00000168140	ENST00000304735			VASN			protein_coding
chr16-278	chr16	2603199	2603461	+	1	NA	promoter-TSS (ENST00000399702.6)	lncRNA-promoter-TSS (ENST00000399702.6)	-6	ENST00000399702.6	ENSG00000291228	ENST00000566272			ENSG00000291228			lncRNA
chr1-151	chr1	203273065	203273327	+	1	NA	promoter-TSS (ENST00000484834.5)	protein_coding-promoter-TSS (ENST00000484834.5)	-25	ENST00000666545.1	ENSG00000231507	ENST00000701093			LINC01353			lncRNA
chr5-80	chr5	82163	82425	+	1	NA	Intergenic	Intergenic	-9874	ENST00000637938.2	ENSG00000153404	ENST00000502646			PLEKHG4B			protein_coding
chr21-40	chr21	41966212	41966474	+	1	NA	Intergenic	Intergenic	-12325	ENST00000380486.4	ENSG00000157617	ENST00000490479			C2CD2			protein_coding
chr8-61	chr8	100417295	100417557	+	1	NA	intron (ENST00000664475.1, intron 1 of 1)	lncRNA-intron (ENST00000664475.1, intron 1 of 1)	-2882	ENST00000654832.1	ENSG00000253824	ENST00000654832			ENSG00000253824			lncRNA
chr17-2633	chr17	67491104	67491366	+	1	NA	intron (ENST00000584554.1, intron 2 of 5)	protein_coding-intron (ENST00000580974.6, intron 1 of 9)	-19650	ENST00000582790.2	ENSG00000263690	ENST00000582790			MIR548D2			miRNA
chr10-9	chr10	5488277	5488539	+	1	NA	Intergenic	Intergenic	5400	ENST00000701633.1	ENSG00000288922	ENST00000689579			ENSG00000288922			lncRNA
chr14-106	chr14	104342049	104342311	+	1	NA	Intergenic	Intergenic	36771	ENST00000557687.1	ENSG00000258598	ENST00000557687			ENSG00000258598			lncRNA
chr12-25	chr12	13135870	13136132	+	1	NA	intron (ENST00000537625.1, intron 8 of 8)	protein_coding-intron (ENST00000537625.1, intron 8 of 8)	-32318	ENST00000542415.5	ENSG00000111305	ENST00000651961			GSG1			protein_coding
chr7-226	chr7	72605175	72605437	+	1	NA	intron (ENST00000620995.5, intron 13 of 13)	protein_coding-intron (ENST00000612372.4, intron 11 of 11)	-92597	ENST00000581927.1	ENSG00000264494	ENST00000581927			MIR4650-2			miRNA
chr10-32	chr10	126013573	126013835	+	1	NA	exon (ENST00000368679.8, exon 23 of 23)	protein_coding-exon (ENST00000368679.8, exon 23 of 23)	9556	ENST00000477963.1	ENSG00000203780	ENST00000445510			FANK1			protein_coding
chr7-36	chr7	151851134	151851396	+	1	NA	intron (ENST00000474383.1, intron 1 of 1)	protein_coding-intron (ENST00000287878.9, intron 1 of 15)	25523	ENST00000474383.1	ENSG00000106617	ENST00000392801			PRKAG2			protein_coding
chr6-36	chr6	151399782	151400044	+	1	NA	intron (ENST00000682641.1, intron 11 of 11)	protein_coding-intron (ENST00000682641.1, intron 11 of 11)	-8354	ENST00000325144.5	ENSG00000181472	ENST00000325144			ZBTB2			protein_coding
chr3-47	chr3	124552327	124552589	+	1	NA	intron (ENST00000393496.5, intron 1 of 15)	protein_coding-intron (ENST00000354186.8, intron 32 of 58)	-10242	ENST00000471431.1	ENSG00000160145	ENST00000477496			KALRN			protein_coding
chr11-2	chr11	68213740	68214002	+	1	NA	promoter-TSS (ENST00000304363.9)	protein_coding-promoter-TSS (ENST00000304363.9)	-19	ENST00000700526.1	ENSG00000110066	ENST00000533271			KMT5B			protein_coding
chr15-226	chr15	43777363	43777625	+	1	NA	promoter-TSS (ENST00000319359.8)	protein_coding-promoter-TSS (ENST00000319359.8)	-179	ENST00000433927.1	ENSG00000128886	ENST00000497700			ELL3			protein_coding
chr3-606	chr3	169321570	169321832	+	1	NA	intron (ENST00000485957.1, intron 2 of 2)	protein_coding-intron (ENST00000485957.1, intron 2 of 2)	-52463	ENST00000481315.1	ENSG00000085276	ENST00000487503			MECOM			protein_coding
chr15-276	chr15	80999735	80999997	+	1	NA	exon (ENST00000620635.1, exon 1 of 1)	lncRNA-exon (ENST00000620635.1, exon 1 of 1)	115	ENST00000620635.1	ENSG00000277782	ENST00000620635			ENSG00000277782			lncRNA
chr1-916	chr1	152110242	152110504	+	1	NA	exon (ENST00000614923.2, exon 3 of 3)	protein_coding-exon (ENST00000614923.2, exon 3 of 3)	5071	ENST00000614923.2	ENSG00000159450	ENST00000614923			TCHH			protein_coding
chr3-87	chr3	149480452	149480714	+	1	NA	intron (ENST00000463068.1, intron 1 of 2)	protein_coding-intron (ENST00000305354.5, intron 2 of 4)	4799	ENST00000463068.1	ENSG00000169903	ENST00000465758			TM4SF4			protein_coding
chr19-185	chr19	35317536	35317798	+	1	NA	intron (ENST00000700969.1, intron 1 of 1)	lncRNA-intron (ENST00000700969.1, intron 1 of 1)	1381	ENST00000700969.1	ENSG00000289845	ENST00000700969			ENSG00000289845			lncRNA
chr7-152	chr7	129780371	129780633	+	1	NA	promoter-TSS (ENST00000704491.1)	lncRNA-promoter-TSS (ENST00000704491.1)	92	ENST00000704491.1	ENSG00000290319	ENST00000704491			ENSG00000290319			lncRNA
chr4-22	chr4	127782367	127782629	+	1	NA	exon (ENST00000296464.9, exon 1 of 19)	protein_coding-exon (ENST00000296464.9, exon 1 of 19)	176	ENST00000508549.5	ENSG00000164070	ENST00000505726			HSPA4L			protein_coding
chr10-37	chr10	30682445	30682707	+	1	NA	intron (ENST00000422642.6, intron 2 of 18)	transcribed_unprocessed_pseudogene-intron (ENST00000422642.6, intron 2 of 18)	-11086	ENST00000435645.1	ENSG00000290952	ENST00000435645			ENSG00000290952			lncRNA
chr9-709	chr9	22446780	22447042	+	1	NA	promoter-TSS (ENST00000325870.3)	protein_coding-promoter-TSS (ENST00000325870.3)	87	ENST00000325870.3	ENSG00000176399	ENST00000325870			DMRTA1			protein_coding
chr20-56	chr20	60053291	60053553	+	1	NA	Intergenic	Intergenic	-2431	ENST00000660831.1	ENSG00000176659	ENST00000701068			LINC02910			lncRNA
chr7-153	chr7	134316908	134317170	+	1	NA	promoter-TSS (ENST00000378509.9)	protein_coding-promoter-TSS (ENST00000378509.9)	-109	ENST00000378509.9	ENSG00000205060	ENST00000470969			SLC35B4			protein_coding
chr10-216	chr10	92574085	92574347	+	1	NA	promoter-TSS (ENST00000265986.11)	protein_coding-promoter-TSS (ENST00000265986.11)	111	ENST00000676757.1	ENSG00000138160	ENST00000677720			KIF11			protein_coding
chr1-24	chr1	172746413	172746675	+	1	NA	Intergenic	Intergenic	-2016	ENST00000458247.1	ENSG00000229785	ENST00000458247			SLC25A38P1			processed_pseudogene
chr6-153	chr6	36577397	36577659	+	1	NA	Intergenic	Intergenic	-16825	ENST00000613941.4	ENSG00000112081	ENST00000620941			SRSF3			protein_coding
chr5-40	chr5	173824252	173824514	+	1	NA	Intergenic	Intergenic	-15344	ENST00000518675.1	ENSG00000254211	ENST00000522571			LINC01485			lncRNA
chr15-31	chr15	51366978	51367240	+	1	NA	promoter-TSS (ENST00000558785.1)	lncRNA-promoter-TSS (ENST00000558785.1)	-268	ENST00000558785.1	ENSG00000259194	ENST00000558785			ENSG00000259194			lncRNA
chr4-118	chr4	82374410	82374672	+	1	NA	promoter-TSS (ENST00000313899.12)	protein_coding-promoter-TSS (ENST00000313899.12)	-27	ENST00000688760.1	ENSG00000272677	ENST00000609575			HNRNPD-DT			lncRNA
chr1-130	chr1	112705280	112705542	+	1	NA	promoter-TSS (ENST00000414971.1)	protein_coding-promoter-TSS (ENST00000414971.1)	-414	ENST00000534717.5	ENSG00000155366	ENST00000414971			RHOC			protein_coding
chr20-222	chr20	47992255	47992517	+	1	NA	Intergenic	Intergenic	-2259	ENST00000671461.1	ENSG00000237423	ENST00000673791			LINC01522			lncRNA
chr11-182	chr11	64269780	64270042	+	1	NA	promoter-TSS (ENST00000546139.5)	protein_coding-promoter-TSS (ENST00000546139.5)	-151	ENST00000546139.5	ENSG00000173264	ENST00000545366			GPR137			protein_coding
chr8-110	chr8	21266341	21266603	+	1	NA	intron (ENST00000659453.1, intron 2 of 3)	lncRNA-intron (ENST00000657734.1, intron 2 of 4)	31383	ENST00000657734.1	ENSG00000254092	ENST00000655445			ENSG00000254092			lncRNA
chr9-53	chr9	127740794	127741056	+	1	NA	TTS (ENST00000468969.6)	protein_coding-TTS (ENST00000468969.6)	3795	ENST00000484160.1	ENSG00000095370	ENST00000488685			SH2D3C			protein_coding
chr14-13	chr14	54312215	54312477	+	1	NA	Intergenic	Intergenic	-84503	ENST00000555837.5	ENSG00000100526	ENST00000555837			CDKN3			protein_coding
chr17-1162	chr17	51153416	51153678	+	1	NA	promoter-TSS (ENST00000013034.3)	protein_coding-promoter-TSS (ENST00000013034.3)	-12	ENST00000393196.8	ENSG00000239672	ENST00000487481			NME1			protein_coding
chr15-134	chr15	55318968	55319230	+	1	NA	promoter-TSS (ENST00000164305.10)	protein_coding-promoter-TSS (ENST00000164305.10)	8	ENST00000565225.1	ENSG00000225973	ENST00000436697			PIGBOS1			protein_coding
chr14-579	chr14	92348125	92348387	+	1	NA	intron (ENST00000676001.1, intron 3 of 17)	protein_coding-intron (ENST00000393265.6, intron 2 of 16)	25063	ENST00000531433.5	ENSG00000140090	ENST00000525557			SLC24A4			protein_coding
chr15-20	chr15	63896819	63897081	+	1	NA	Intergenic	Intergenic	6920	ENST00000618167.1	ENSG00000275785	ENST00000618167			ENSG00000275785			unprocessed_pseudogene
chr3-1232	chr3	15858853	15859115	+	1	NA	intron (ENST00000439830.5, intron 1 of 5)	protein_coding-intron (ENST00000399451.6, intron 1 of 27)	438	ENST00000412318.5	ENSG00000206560	ENST00000498713			ANKRD28			protein_coding
chr16-282	chr16	4847267	4847529	+	1	NA	promoter-TSS (ENST00000262376.11)	protein_coding-promoter-TSS (ENST00000262376.11)	-83	ENST00000262376.11	ENSG00000118900	ENST00000587027			UBN1			protein_coding
chr3-139	chr3	142578744	142579006	+	1	NA	promoter-TSS (ENST00000350721.9)	protein_coding-promoter-TSS (ENST00000350721.9)	-142	ENST00000653868.1	ENSG00000175054	ENST00000656582			ATR			protein_coding
chrX-184	chrX	153794383	153794645	+	1	NA	promoter-TSS (ENST00000217901.10)	protein_coding-promoter-TSS (ENST00000217901.10)	-2	ENST00000370092.7	ENSG00000067829	ENST00000444338			IDH3G			protein_coding
chr2-231	chr2	201451486	201451748	+	1	NA	promoter-TSS (ENST00000194530.8)	protein_coding-promoter-TSS (ENST00000194530.8)	-117	ENST00000430254.1	ENSG00000115993	ENST00000486291			TRAK2			protein_coding
chr1-27	chr1	202018443	202018705	+	1	NA	Intergenic	Intergenic	4796	ENST00000475698.1	ENSG00000163435	ENST00000446188			ELF3			protein_coding
chr15-124	chr15	77075617	77075879	+	1	NA	intron (ENST00000558745.5, intron 1 of 6)	protein_coding-intron (ENST00000558745.5, intron 1 of 6)	-4626	ENST00000561277.5	ENSG00000140391	ENST00000558745			TSPAN3			protein_coding
chr11-412	chr11	118316682	118316944	+	1	NA	TTS (ENST00000361763.9)	protein_coding-TTS (ENST00000361763.9)	4669	ENST00000531913.1	ENSG00000198851	ENST00000528435			CD3E			protein_coding
chr14-12	chr14	93045142	93045404	+	1	NA	intron (ENST00000555495.5, intron 1 of 8)	protein_coding-intron (ENST00000267615.11, intron 3 of 10)	-8299	ENST00000553655.1	ENSG00000100605	ENST00000555495			ITPK1			protein_coding
chr19-50	chr19	46600961	46601223	+	1	NA	promoter-TSS (ENST00000291295.14)	protein_coding-promoter-TSS (ENST00000291295.14)	18	ENST00000391918.6	ENSG00000160014	ENST00000391918			CALM3			protein_coding
chr14-17	chr14	64960914	64961176	+	1	NA	intron (ENST00000642625.1, intron 1 of 7)	protein_coding-intron (ENST00000267512.9, intron 1 of 6)	-10218	ENST00000555256.1	ENSG00000139998	ENST00000426039			RAB15			protein_coding
chr1-383	chr1	230642304	230642566	+	1	NA	promoter-TSS (ENST00000366668.7)	protein_coding-promoter-TSS (ENST00000366668.7)	-46	ENST00000366669.9	ENSG00000135775	ENST00000478710			COG2			protein_coding
chr2-467	chr2	101113455	101113717	+	1	NA	intron (ENST00000463469.5, intron 4 of 4)	protein_coding-intron (ENST00000376840.8, intron 1 of 19)	-3623	ENST00000487392.1	ENSG00000204634	ENST00000485875			TBC1D8			protein_coding
chr17-904	chr17	65628359	65628621	+	1	NA	intron (ENST00000577662.1, intron 3 of 6)	protein_coding-intron (ENST00000577662.1, intron 3 of 6)	12535	ENST00000585168.1	ENSG00000154240	ENST00000706798			CEP112			protein_coding
chr12-115	chr12	120469866	120470128	+	1	NA	promoter-TSS (ENST00000229390.8)	protein_coding-promoter-TSS (ENST00000229390.8)	114	ENST00000548342.5	ENSG00000088986	ENST00000550845			DYNLL1			protein_coding
chr21-6	chr21	25607386	25607648	+	1	NA	promoter-TSS (ENST00000307301.11)	protein_coding-promoter-TSS (ENST00000307301.11)	0	ENST00000307301.11	ENSG00000154719	ENST00000419219			MRPL39			protein_coding
chr16-1	chr16	11915977	11916239	+	1	NA	promoter-TSS (ENST00000420576.6)	protein_coding-promoter-TSS (ENST00000420576.6)	-26	ENST00000420576.6	ENSG00000103342	ENST00000434724			GSPT1			protein_coding
chr22-101	chr22	36387935	36388197	+	1	NA	promoter-TSS (ENST00000216181.11)	protein_coding-promoter-TSS (ENST00000216181.11)	-56	ENST00000685191.1	ENSG00000100345	ENST00000685708			MYH9			protein_coding
chr8-55	chr8	102808227	102808489	+	1	NA	promoter-TSS (ENST00000665815.1)	lncRNA-promoter-TSS (ENST00000665815.1)	-177	ENST00000665815.1	ENSG00000253669	ENST00000665815			GASAL1			lncRNA
chr3-44	chr3	123409947	123410209	+	1	NA	intron (ENST00000491190.5, intron 1 of 22)	protein_coding-intron (ENST00000309879.9, intron 1 of 20)	3059	ENST00000699715.1	ENSG00000173175	ENST00000699714			ADCY5			protein_coding
chr3-1169	chr3	170049748	170050010	+	1	NA	promoter-TSS (ENST00000485735.6)	protein_coding-promoter-TSS (ENST00000485735.6)	24	ENST00000485735.6	ENSG00000173890	ENST00000476668			GPR160			protein_coding
chr1-63	chr1	202112885	202113147	+	1	NA	Intergenic	Intergenic	-9870	ENST00000683302.1	ENSG00000170075	ENST00000683302			GPR37L1			protein_coding
chr22-65	chr22	28800570	28800832	+	1	NA	promoter-TSS (ENST00000216037.10)	protein_coding-promoter-TSS (ENST00000216037.10)	-3	ENST00000418292.1	ENSG00000226471	ENST00000692644			ENSG00000226471			lncRNA
chr1-382	chr1	209653129	209653391	+	1	NA	promoter-TSS (ENST00000356082.9)	protein_coding-promoter-TSS (ENST00000356082.9)	-835	ENST00000356082.9	ENSG00000196878	ENST00000391911			LAMB3			protein_coding
chr7-123	chr7	6081492	6081754	+	1	NA	promoter-TSS (ENST00000428901.1)	lncRNA-promoter-TSS (ENST00000428901.1)	-48	ENST00000687125.1	ENSG00000231704	ENST00000670544			ENSG00000231704			lncRNA
chr2-18	chr2	7031868	7032130	+	1	NA	intron (ENST00000432850.1, intron 6 of 6)	protein_coding-intron (ENST00000320892.11, intron 8 of 8)	35059	ENST00000432850.1	ENSG00000151692	ENST00000471060			RNF144A			protein_coding
chr3-33	chr3	134374425	134374687	+	1	NA	promoter-TSS (ENST00000249883.10)	protein_coding-promoter-TSS (ENST00000249883.10)	4	ENST00000512955.1	ENSG00000114019	ENST00000514516			AMOTL2			protein_coding
chr13-8	chr13	96053263	96053525	+	1	NA	promoter-TSS (ENST00000376712.4)	protein_coding-promoter-TSS (ENST00000376712.4)	-1	ENST00000376712.4	ENSG00000102595	ENST00000461329			UGGT2			protein_coding
chr1-453	chr1	21626808	21627070	+	1	NA	intron (ENST00000611549.4, intron 2 of 24)	protein_coding-intron (ENST00000317967.11, intron 3 of 7)	-4371	ENST00000374761.6	ENSG00000076864	ENST00000447293			RAP1GAP			protein_coding
chr12-774	chr12	100200683	100200945	+	1	NA	promoter-TSS (ENST00000188312.7)	protein_coding-promoter-TSS (ENST00000188312.7)	-1	ENST00000188312.7	ENSG00000075089	ENST00000548180			ACTR6			protein_coding
chr18-4	chr18	45802703	45802965	+	1	NA	intron (ENST00000696484.1, intron 42 of 42)	protein_coding-intron (ENST00000696481.1, intron 15 of 15)	3953	ENST00000696491.1	ENSG00000152223	ENST00000696785			EPG5			protein_coding
chr17-107	chr17	49707902	49708164	+	1	NA	promoter-TSS (ENST00000240333.12)	protein_coding-promoter-TSS (ENST00000240333.12)	57	ENST00000507773.6	ENSG00000121073	ENST00000513508			SLC35B1			protein_coding
chrX-59	chrX	100981007	100981269	+	1	NA	intron (ENST00000450457.6, intron 3 of 8)	protein_coding-intron (ENST00000450049.7, intron 3 of 7)	-5658	ENST00000372953.8	ENSG00000174225	ENST00000450457			ARL13A			protein_coding
chr7-574	chr7	2169985	2170247	+	1	NA	intron (ENST00000459731.1, intron 1 of 2)	protein_coding-intron (ENST00000265854.12, intron 10 of 18)	5269	ENST00000491858.5	ENSG00000002822	ENST00000469871			MAD1L1			protein_coding
chr6-123	chr6	44246379	44246641	+	1	NA	promoter-TSS (ENST00000353801.7)	protein_coding-promoter-TSS (ENST00000353801.7)	344	ENST00000620073.4	ENSG00000096384	ENST00000620073			HSP90AB1			protein_coding
chr21-96	chr21	44773617	44773879	+	1	NA	TTS (ENST00000497664.5)	protein_coding-TTS (ENST00000497664.5)	1688	ENST00000481546.1	ENSG00000184787	ENST00000462569			UBE2G2			protein_coding
chr6-122	chr6	39280211	39280473	+	1	NA	Intergenic	Intergenic	34077	ENST00000373231.9	ENSG00000124780	ENST00000503878			KCNK17			protein_coding
chr12-148	chr12	52244026	52244288	+	1	NA	promoter-TSS (ENST00000552322.5)	protein_coding-promoter-TSS (ENST00000552322.5)	-221	ENST00000552322.5	ENSG00000135480	ENST00000552400			KRT7			protein_coding
chr3-765	chr3	150408586	150408848	+	1	NA	exon (ENST00000361875.8, exon 1 of 4)	protein_coding-exon (ENST00000361875.8, exon 1 of 4)	419	ENST00000361875.8	ENSG00000196428	ENST00000466814			TSC22D2			protein_coding
chr3-1495	chr3	128867032	128867294	+	1	NA	intron (ENST00000498297.2, intron 3 of 4)	lncRNA-intron (ENST00000498297.2, intron 3 of 4)	-1559	ENST00000480931.1	ENSG00000231305	ENST00000480931			IFT122P3			lncRNA
chr13-181	chr13	30577334	30577596	+	1	NA	intron (ENST00000405805.5, intron 1 of 4)	protein_coding-intron (ENST00000405805.5, intron 1 of 4)	23795	ENST00000433704.1	ENSG00000224117	ENST00000433704			PTPN2P2			processed_pseudogene
chr1-452	chr1	12595954	12596216	+	1	NA	exon (ENST00000430996.2, exon 1 of 4)	protein_coding-exon (ENST00000430996.2, exon 1 of 4)	223	ENST00000430996.2	ENSG00000162496	ENST00000430996			DHRS3			protein_coding
chr5-1	chr5	178078292	178078554	+	1	NA	intron (ENST00000651413.2, intron 14 of 14)	lncRNA-intron (ENST00000651413.2, intron 14 of 14)	13062	ENST00000651483.1	ENSG00000204677	ENST00000662167			FAM153CP			lncRNA
chr12-159	chr12	114668128	114668390	+	1	NA	Intergenic	Intergenic	-10197	ENST00000362350.1	ENSG00000199220	ENST00000362350			Y_RNA			misc_RNA
chr19-31	chr19	4375222	4375484	+	1	NA	intron (ENST00000598564.5, intron 1 of 9)	protein_coding-intron (ENST00000269886.7, intron 1 of 9)	4939	ENST00000598230.5	ENSG00000141985	ENST00000598230			SH3GL1			protein_coding
chr16-487	chr16	10580263	10580525	+	1	NA	intron (ENST00000359543.8, intron 1 of 4)	protein_coding-intron (ENST00000342147.4, intron 1 of 1)	204	ENST00000359543.8	ENSG00000213853	ENST00000342147			EMP2			protein_coding
chr7-122	chr7	914133	914395	+	1	NA	intron (ENST00000649206.1, intron 4 of 10)	protein_coding-intron (ENST00000265846.10, intron 4 of 10)	6625	ENST00000437486.5	ENSG00000105963	ENST00000265846			ADAP1			protein_coding
chr4-25	chr4	6673910	6674172	+	1	NA	promoter-TSS (ENST00000444232.3)	protein_coding-promoter-TSS (ENST00000444232.3)	-34	ENST00000635031.2	ENSG00000170846	ENST00000645429			MRFAP1L2			protein_coding
chr7-127	chr7	91880738	91881000	+	1	NA	promoter-TSS (ENST00000351870.8)	protein_coding-promoter-TSS (ENST00000351870.8)	78	ENST00000668948.1	ENSG00000287672	ENST00000668948			ENSG00000287672			lncRNA
chr2-20	chr2	69997609	69997871	+	1	NA	intron (ENST00000630457.2, intron 2 of 3)	lncRNA-intron (ENST00000411429.5, intron 4 of 4)	14476	ENST00000598586.1	ENSG00000179818	ENST00000664483			PCBP1-AS1			lncRNA
chr9-185	chr9	137168122	137168384	+	1	NA	TTS (ENST00000371542.3)	protein_coding-TTS (ENST00000371542.3)	330	ENST00000462584.1	ENSG00000176884	ENST00000473811			GRIN1			protein_coding
chr6-127	chr6	7389890	7390152	+	1	NA	promoter-TSS (ENST00000296742.11)	protein_coding-promoter-TSS (ENST00000296742.11)	213	ENST00000379834.7	ENSG00000124784	ENST00000264874			RIOK1			protein_coding
chr11-138	chr11	62787193	62787455	+	1	NA	promoter-TSS (ENST00000333449.9)	protein_coding-promoter-TSS (ENST00000333449.9)	-78	ENST00000333449.9	ENSG00000185475	ENST00000532345			TMEM179B			protein_coding
chr11-5	chr11	1796643	1796905	+	1	NA	Intergenic	Intergenic	4221	ENST00000445859.1	ENSG00000230980	ENST00000445859			RPL36AP39			processed_pseudogene
chr11-128	chr11	68659246	68659508	+	1	NA	Intergenic	Intergenic	-24402	ENST00000538401.1	ENSG00000069482	ENST00000265643			GAL			protein_coding
chr7-315	chr7	151819278	151819540	+	1	NA	intron (ENST00000652321.2, intron 1 of 15)	protein_coding-intron (ENST00000287878.9, intron 1 of 15)	-4385	ENST00000651378.1	ENSG00000106617	ENST00000392801			PRKAG2			protein_coding
chr17-781	chr17	75472135	75472397	+	1	NA	intron (ENST00000582186.5, intron 2 of 4)	protein_coding-intron (ENST00000314256.12, intron 2 of 31)	-4232	ENST00000375248.9	ENSG00000177728	ENST00000581723			TMEM94			protein_coding
chr9-178	chr9	129495899	129496161	+	1	NA	promoter-TSS (ENST00000453213.2)	lncRNA-promoter-TSS (ENST00000453213.2)	585	ENST00000607931.1	ENSG00000204054	ENST00000653047			LINC00963			lncRNA
chr13-164	chr13	112588118	112588380	+	1	NA	promoter-TSS (ENST00000261965.8)	protein_coding-promoter-TSS (ENST00000261965.8)	-44	ENST00000649778.1	ENSG00000126216	ENST00000464139			TUBGCP3			protein_coding
chr6-239	chr6	30061102	30061364	+	1	NA	promoter-TSS (ENST00000332435.10)	protein_coding-promoter-TSS (ENST00000332435.10)	-24	ENST00000376782.6	ENSG00000066379	ENST00000376785			POLR1H			protein_coding
chr5-19	chr5	151252553	151252815	+	1	NA	promoter-TSS (ENST00000357164.4)	protein_coding-promoter-TSS (ENST00000357164.4)	-501	ENST00000357164.4	ENSG00000196743	ENST00000523004			GM2A			protein_coding
chr19-226	chr19	4800890	4801152	+	1	NA	exon (ENST00000269856.5, exon 1 of 1)	protein_coding-exon (ENST00000269856.5, exon 1 of 1)	-5462	ENST00000596170.1	ENSG00000269604	ENST00000596170			ENSG00000269604			lncRNA
chr9-501	chr9	126642956	126643218	+	1	NA	intron (ENST00000526117.6, intron 2 of 7)	protein_coding-intron (ENST00000355497.10, intron 2 of 7)	2331	ENST00000457964.1	ENSG00000238010	ENST00000457964			ENSG00000238010			lncRNA
chr5-133	chr5	139293498	139293760	+	1	NA	promoter-TSS (ENST00000394805.8)	protein_coding-promoter-TSS (ENST00000394805.8)	-45	ENST00000512876.5	ENSG00000015479	ENST00000502944			MATR3			protein_coding
chr9-96	chr9	134359478	134359740	+	1	NA	intron (ENST00000481739.2, intron 1 of 9)	protein_coding-intron (ENST00000481739.2, intron 1 of 9)	-12362	ENST00000356384.4	ENSG00000186350	ENST00000481739			RXRA			protein_coding
chr2-290	chr2	131004726	131004988	+	1	NA	intron (ENST00000409303.6, intron 1 of 9)	protein_coding-intron (ENST00000326016.10, intron 4 of 13)	-6826	ENST00000355771.7	ENSG00000136002	ENST00000409303			ARHGEF4			protein_coding
chr17-106	chr17	17511952	17512214	+	1	NA	TTS (ENST00000461404.1)	protein_coding-TTS (ENST00000461404.1)	4732	ENST00000582325.1	ENSG00000265511	ENST00000582325			ENSG00000265511			lncRNA
chr1-206	chr1	84690614	84690876	+	1	NA	promoter-TSS (ENST00000342203.8)	protein_coding-promoter-TSS (ENST00000342203.8)	12	ENST00000476905.6	ENSG00000117155	ENST00000603677			SSX2IP			protein_coding
chr2-143	chr2	20446985	20447247	+	1	NA	promoter-TSS (ENST00000272233.6)	protein_coding-promoter-TSS (ENST00000272233.6)	42	ENST00000272233.6	ENSG00000143878	ENST00000272233			RHOB			protein_coding
chr9-78	chr9	119963872	119964134	+	1	NA	Intergenic	Intergenic	-9091	ENST00000454204.1	ENSG00000225960	ENST00000454204			ENSG00000225960			lncRNA
chr8-204	chr8	17922462	17922724	+	1	NA	promoter-TSS (ENST00000325083.13)	protein_coding-promoter-TSS (ENST00000325083.13)	-249	ENST00000522275.6	ENSG00000078674	ENST00000518877			PCM1			protein_coding
chr19-118	chr19	9054840	9055102	+	1	NA	Intergenic	Intergenic	28427	ENST00000589199.1	ENSG00000267154	ENST00000589199			OR1M4P			unprocessed_pseudogene
chr4-29	chr4	6574818	6575080	+	1	NA	promoter-TSS (ENST00000285599.8)	protein_coding-promoter-TSS (ENST00000285599.8)	-240	ENST00000285599.8	ENSG00000013288	ENST00000504960			MAN2B2			protein_coding
chr6-407	chr6	69894604	69894866	+	1	NA	intron (ENST00000620364.5, intron 2 of 50)	protein_coding-intron (ENST00000620364.5, intron 2 of 50)	27186	ENST00000476656.1	ENSG00000082293	ENST00000476656			COL19A1			protein_coding
chr20-726	chr20	63864100	63864362	+	1	NA	promoter-TSS (ENST00000601296.2)	lncRNA-promoter-TSS (ENST00000601296.2)	62	ENST00000601296.2	ENSG00000268858	ENST00000601296			ENSG00000268858			lncRNA
chr2-667	chr2	241890896	241891158	+	1	NA	intron (ENST00000701629.1, intron 2 of 3)	lncRNA-intron (ENST00000415434.5, intron 2 of 3)	8111	ENST00000452112.5	ENSG00000216921	ENST00000401641			FAM240C			protein_coding
chr3-353	chr3	40506090	40506352	+	1	NA	intron (ENST00000433723.2, intron 1 of 4)	protein_coding-intron (ENST00000314529.10, intron 1 of 4)	113	ENST00000433723.2	ENSG00000177842	ENST00000649142			ZNF620			protein_coding
chr2-471	chr2	110741647	110741909	+	1	NA	intron (ENST00000448863.1, intron 1 of 3)	protein_coding-intron (ENST00000340561.8, intron 1 of 10)	8923	ENST00000448863.1	ENSG00000153093	ENST00000439055			ACOXL			protein_coding
chr1-493	chr1	153521081	153521343	+	1	NA	Intergenic	Intergenic	-12218	ENST00000420695.3	ENSG00000238279	ENST00000420695			ENSG00000238279			lncRNA
chr1-43	chr1	151540111	151540373	+	1	NA	promoter-TSS (ENST00000368848.6)	protein_coding-promoter-TSS (ENST00000368848.6)	-63	ENST00000392712.7	ENSG00000143367	ENST00000490156			TUFT1			protein_coding
chrX-55	chrX	15854838	15855100	+	1	NA	promoter-TSS (ENST00000329235.6)	protein_coding-promoter-TSS (ENST00000329235.6)	-38	ENST00000329235.6	ENSG00000182287	ENST00000671830			AP1S2			protein_coding
chr11-37	chr11	62591575	62591837	+	1	NA	promoter-TSS (ENST00000278279.7)	protein_coding-promoter-TSS (ENST00000278279.7)	-69	ENST00000308436.11	ENSG00000149016	ENST00000278279			TUT1			protein_coding
chr13-42	chr13	43058383	43058645	+	1	NA	intron (ENST00000474320.1, intron 1 of 3)	protein_coding-intron (ENST00000379221.4, intron 1 of 5)	34928	ENST00000379221.4	ENSG00000120675	ENST00000474320			DNAJC15			protein_coding
chr3-64	chr3	139343873	139344135	+	1	NA	promoter-TSS (ENST00000310776.9)	protein_coding-promoter-TSS (ENST00000310776.9)	0	ENST00000693155.1	ENSG00000175110	ENST00000691070			MRPS22			protein_coding
chr17-1639	chr17	8249184	8249446	+	1	NA	promoter-TSS (ENST00000314666.11)	protein_coding-promoter-TSS (ENST00000314666.11)	26	ENST00000314666.11	ENSG00000178921	ENST00000581288			PFAS			protein_coding
chr2-785	chr2	119223548	119223810	+	1	NA	promoter-TSS (ENST00000393106.6)	protein_coding-promoter-TSS (ENST00000393106.6)	-152	ENST00000393106.6	ENSG00000115107	ENST00000409811			STEAP3			protein_coding
chr11-32	chr11	74417376	74417638	+	1	NA	intron (ENST00000533008.1, intron 2 of 3)	lncRNA-intron (ENST00000531906.5, intron 2 of 2)	18270	ENST00000578416.1	ENSG00000264402	ENST00000578416			MIR548AL			miRNA
chr21-169	chr21	9735623	9735885	+	1	NA	Intergenic	Intergenic	73969	ENST00000623933.1	ENSG00000293035	ENST00000651050			LINC01667			lncRNA
chr8-184	chr8	144755725	144755987	+	1	NA	promoter-TSS (ENST00000292562.12)	protein_coding-promoter-TSS (ENST00000292562.12)	-325	ENST00000292562.12	ENSG00000198169	ENST00000530353			ZNF251			protein_coding
chr4-2	chr4	77076015	77076277	+	1	NA	promoter-TSS (ENST00000237654.9)	protein_coding-promoter-TSS (ENST00000237654.9)	97	ENST00000685678.2	ENSG00000289496	ENST00000685678			ENSG00000289496			lncRNA
chr12-95	chr12	49842931	49843193	+	1	NA	promoter-TSS (ENST00000333924.6)	protein_coding-promoter-TSS (ENST00000333924.6)	32	ENST00000550861.1	ENSG00000186666	ENST00000550861			BCDIN3D			protein_coding
chr1-149	chr1	202023133	202023395	+	1	NA	Intergenic	Intergenic	-5342	ENST00000453255.1	ENSG00000232296	ENST00000453255			ENSG00000232296			processed_pseudogene
chr8-74	chr8	63007977	63008239	+	1	NA	intron (ENST00000674864.1, intron 7 of 7)	protein_coding-intron (ENST00000674864.1, intron 7 of 7)	-4960	ENST00000524309.1	ENSG00000240915	ENST00000524309			ENSG00000240915			lncRNA
chr10-2	chr10	101353800	101354062	+	1	NA	promoter-TSS (ENST00000370183.2)	protein_coding-promoter-TSS (ENST00000370183.2)	-102	ENST00000393441.8	ENSG00000166167	ENST00000493877			BTRC			protein_coding
chr5-15	chr5	140011344	140011606	+	1	NA	intron (ENST00000541337.5, intron 1 of 7)	protein_coding-intron (ENST00000289409.8, intron 1 of 9)	-8017	ENST00000384587.1	ENSG00000207317	ENST00000384587			Y_RNA			misc_RNA
chr1-186	chr1	109100055	109100317	+	1	NA	promoter-TSS (ENST00000458748.1)	scaRNA-promoter-TSS (ENST00000458748.1)	-7	ENST00000602755.1	ENSG00000270066	ENST00000602755			ENSG00000270066			lncRNA
chr3-16	chr3	107999534	107999796	+	1	NA	Intergenic	Intergenic	37857	ENST00000652445.1	ENSG00000279277	ENST00000652445			ENSG00000279277			lncRNA
chr20-40	chr20	50423203	50423465	+	1	NA	Intergenic	Intergenic	6149	ENST00000497504.3	ENSG00000244376	ENST00000497504			RN7SL636P			misc_RNA
chr2-662	chr2	240457294	240457556	+	1	NA	promoter-TSS (ENST00000404327.3)	lncRNA-promoter-TSS (ENST00000404327.3)	-9	ENST00000427506.5	ENSG00000063660	ENST00000455111			GPC1			protein_coding
chr7-296	chr7	77536643	77536905	+	1	NA	promoter-TSS (ENST00000248594.11)	protein_coding-promoter-TSS (ENST00000248594.11)	-521	ENST00000248594.11	ENSG00000127947	ENST00000519553			PTPN12			protein_coding
chr20-1425	chr20	5126522	5126784	+	1	NA	promoter-TSS (ENST00000379160.3)	protein_coding-promoter-TSS (ENST00000379160.3)	-27	ENST00000379160.3	ENSG00000132646	ENST00000379143			PCNA			protein_coding
chr11-33	chr11	118436218	118436480	+	1	NA	promoter-TSS (ENST00000389506.10)	protein_coding-promoter-TSS (ENST00000389506.10)	-107	ENST00000529852.3	ENSG00000118058	ENST00000389506			KMT2A			protein_coding
chr2-711	chr2	37196579	37196841	+	1	NA	promoter-TSS (ENST00000407963.2)	protein_coding-promoter-TSS (ENST00000407963.2)	-112	ENST00000407963.2	ENSG00000138068	ENST00000433192			SULT6B1			protein_coding
chr11-9	chr11	76788749	76789011	+	1	NA	intron (ENST00000525167.1, intron 1 of 1)	protein_coding-intron (ENST00000333090.5, intron 1 of 1)	-2872	ENST00000527881.1	ENSG00000182704	ENST00000527881			TSKU			protein_coding
chr20-1894	chr20	45857309	45857571	+	1	NA	promoter-TSS (ENST00000217455.9)	protein_coding-promoter-TSS (ENST00000217455.9)	-35	ENST00000481938.5	ENSG00000101473	ENST00000481938			ACOT8			protein_coding
chr20-1423	chr20	829030	829292	+	1	NA	Intergenic	Intergenic	-4554	ENST00000381941.8	ENSG00000125898	ENST00000304189			FAM110A			protein_coding
chr1-1850	chr1	247111764	247112026	+	1	NA	exon (ENST00000623686.1, exon 1 of 1)	lncRNA-exon (ENST00000623686.1, exon 1 of 1)	522	ENST00000623686.1	ENSG00000221953	ENST00000623686			LINC02897			lncRNA
chr6-26	chr6	35297644	35297906	+	1	NA	promoter-TSS (ENST00000316637.7)	protein_coding-promoter-TSS (ENST00000316637.7)	-43	ENST00000316637.7	ENSG00000023892	ENST00000468102			DEF6			protein_coding
chr11-475	chr11	71448420	71448682	+	1	NA	promoter-TSS (ENST00000355527.8)	protein_coding-promoter-TSS (ENST00000355527.8)	-11	ENST00000529369.2	ENSG00000254682	ENST00000529369			DHCR7-DT			lncRNA
chr17-64	chr17	43483557	43483819	+	1	NA	promoter-TSS (ENST00000262415.8)	protein_coding-promoter-TSS (ENST00000262415.8)	-177	ENST00000592258.5	ENSG00000067596	ENST00000588996			DHX8			protein_coding
chr8-5	chr8	124474589	124474851	+	1	NA	promoter-TSS (ENST00000303545.4)	protein_coding-promoter-TSS (ENST00000303545.4)	-138	ENST00000669597.1	ENSG00000245149	ENST00000530778			RNF139-DT			lncRNA
chr11-173	chr11	18588692	18588954	+	1	NA	promoter-TSS (ENST00000300038.7)	protein_coding-promoter-TSS (ENST00000300038.7)	42	ENST00000636313.1	ENSG00000247595	ENST00000501599			MISFA			protein_coding
chr9-552	chr9	69759759	69760021	+	1	NA	promoter-TSS (ENST00000377200.9)	protein_coding-promoter-TSS (ENST00000377200.9)	51	ENST00000377200.9	ENSG00000188647	ENST00000377200			PTAR1			protein_coding
chr7-270	chr7	135714731	135714993	+	1	NA	intron (ENST00000682651.1, intron 2 of 15)	protein_coding-intron (ENST00000354042.8, intron 2 of 15)	-9055	ENST00000480376.1	ENSG00000164707	ENST00000354042			SLC13A4			protein_coding
chr12-122	chr12	52217271	52217533	+	1	NA	intron (ENST00000669936.1, intron 3 of 3)	lncRNA-intron (ENST00000669936.1, intron 3 of 3)	-3819	ENST00000639627.1	ENSG00000257137	ENST00000665543			LINC02874			lncRNA
chr1-657	chr1	45686623	45686885	+	1	NA	promoter-TSS (ENST00000290795.7)	protein_coding-promoter-TSS (ENST00000290795.7)	-101	ENST00000480083.5	ENSG00000159592	ENST00000487436			GPBP1L1			protein_coding
chr12-143	chr12	109477388	109477650	+	1	NA	promoter-TSS (ENST00000228495.11)	protein_coding-promoter-TSS (ENST00000228495.11)	-109	ENST00000539843.5	ENSG00000151148	ENST00000540230			UBE3B			protein_coding
chr2-554	chr2	61888581	61888843	+	1	NA	promoter-TSS (ENST00000394440.8)	protein_coding-promoter-TSS (ENST00000394440.8)	-12	ENST00000472729.1	ENSG00000173163	ENST00000311832			COMMD1			protein_coding
chr14-230	chr14	42215000	42215262	+	1	NA	Intergenic	Intergenic	53455	ENST00000555362.1	ENSG00000259149	ENST00000555362			ENSG00000259149			lncRNA
chr12-132	chr12	6278579	6278841	+	1	NA	Intergenic	Intergenic	-8285	ENST00000537967.1	ENSG00000256103	ENST00000537967			ATP5MFP5			processed_pseudogene
chr15-100	chr15	73683797	73684059	+	1	NA	promoter-TSS (ENST00000318424.9)	protein_coding-promoter-TSS (ENST00000318424.9)	-38	ENST00000567189.5	ENSG00000103855	ENST00000559978			CD276			protein_coding
chr17-239	chr17	50867626	50867888	+	1	NA	exon (ENST00000416263.3, exon 2 of 2)	lncRNA-exon (ENST00000416263.3, exon 2 of 2)	221	ENST00000268957.3	ENSG00000141232	ENST00000499247			TOB1			protein_coding
chr8-59	chr8	123182412	123182674	+	1	NA	promoter-TSS (ENST00000276699.10)	protein_coding-promoter-TSS (ENST00000276699.10)	-122	ENST00000690554.1	ENSG00000147689	ENST00000276699			FAM83A			protein_coding
chr1-34	chr1	44775476	44775738	+	1	NA	promoter-TSS (ENST00000364043.1)	snoRNA-promoter-TSS (ENST00000364043.1)	29	ENST00000470475.1	ENSG00000142937	ENST00000485390			RPS8			protein_coding
chr11-142	chr11	67674699	67674961	+	1	NA	promoter-TSS (ENST00000349015.7)	protein_coding-promoter-TSS (ENST00000349015.7)	10	ENST00000673873.1	ENSG00000132746	ENST00000673873			ALDH3B2			protein_coding
chr17-2382	chr17	39002403	39002665	+	1	NA	TTS (ENST00000583161.1)	lncRNA-TTS (ENST00000583161.1)	-5910	ENST00000580084.1	ENSG00000265428	ENST00000580084			ENSG00000265428			processed_pseudogene
chr3-482	chr3	134327682	134327944	+	1	NA	exon (ENST00000702198.1, exon 2 of 2)	lncRNA-exon (ENST00000702198.1, exon 2 of 2)	14237	ENST00000482019.1	ENSG00000240006	ENST00000702198			LINC02004			lncRNA
chr11-133	chr11	73660968	73661230	+	1	NA	TTS (ENST00000535582.5)	protein_coding-TTS (ENST00000535582.5)	790	ENST00000545106.1	ENSG00000021300	ENST00000398494			PLEKHB1			protein_coding
chr10-311	chr10	75262742	75263004	+	1	NA	intron (ENST00000666247.1, intron 2 of 3)	lncRNA-intron (ENST00000666247.1, intron 2 of 3)	6672	ENST00000449384.1	ENSG00000227271	ENST00000449384			RPL39P25			processed_pseudogene
chr19-145	chr19	40921109	40921371	+	1	NA	Intergenic	Intergenic	-2979	ENST00000593298.5	ENSG00000291083	ENST00000693208			CYP2B7P			lncRNA
chr7-479	chr7	5781463	5781725	+	1	NA	promoter-TSS (ENST00000389902.8)	protein_coding-promoter-TSS (ENST00000389902.8)	26	ENST00000416985.5	ENSG00000011275	ENST00000476345			RNF216			protein_coding
chr11-123	chr11	44862231	44862493	+	1	NA	intron (ENST00000533786.5, intron 3 of 6)	protein_coding-intron (ENST00000340160.7, intron 2 of 8)	2759	ENST00000520837.5	ENSG00000157570	ENST00000517621			TSPAN18			protein_coding
chr3-483	chr3	141361078	141361340	+	1	NA	intron (ENST00000509842.5, intron 1 of 7)	lncRNA-intron (ENST00000507698.1, intron 2 of 2)	5928	ENST00000507698.1	ENSG00000249417	ENST00000507698			ENSG00000249417			lncRNA
chr4-32	chr4	83013035	83013297	+	1	NA	promoter-TSS (ENST00000505397.1)	protein_coding-promoter-TSS (ENST00000505397.1)	-240	ENST00000505397.1	ENSG00000189308	ENST00000505905			LIN54			protein_coding
chr14-464	chr14	99746795	99747057	+	1	NA	intron (ENST00000555145.5, intron 1 of 4)	protein_coding-intron (ENST00000554479.5, intron 1 of 10)	9177	ENST00000555145.5	ENSG00000066629	ENST00000555812			EML1			protein_coding
chr20-15	chr20	54123726	54123988	+	1	NA	Intergenic	Intergenic	33441	ENST00000460643.1	ENSG00000019186	ENST00000395955			CYP24A1			protein_coding
chr20-500	chr20	324542	324804	+	1	NA	promoter-TSS (ENST00000342665.5)	protein_coding-promoter-TSS (ENST00000342665.5)	-212	ENST00000657126.1	ENSG00000225377	ENST00000414676			NRSN2-AS1			lncRNA
chrX-222	chrX	123960239	123960501	+	1	NA	promoter-TSS (ENST00000218089.13)	protein_coding-promoter-TSS (ENST00000218089.13)	-149	ENST00000455404.6	ENSG00000101972	ENST00000371144			STAG2			protein_coding
chr10-184	chr10	99659302	99659564	+	1	NA	promoter-TSS (ENST00000370489.5)	protein_coding-promoter-TSS (ENST00000370489.5)	-76	ENST00000370489.5	ENSG00000198018	ENST00000472998			ENTPD7			protein_coding
chr16-296	chr16	67846555	67846817	+	1	NA	promoter-TSS (ENST00000219169.9)	protein_coding-promoter-TSS (ENST00000219169.9)	137	ENST00000565132.5	ENSG00000102901	ENST00000565713			CENPT			protein_coding
chr1-58	chr1	146037953	146038215	+	1	NA	Intergenic	Intergenic	-1338	ENST00000636675.1	ENSG00000168509	ENST00000336751			HJV			protein_coding
chr9-3	chr9	134412425	134412687	+	1	NA	intron (ENST00000672570.1, intron 4 of 9)	protein_coding-intron (ENST00000356384.4, intron 6 of 11)	26434	ENST00000649020.1	ENSG00000186350	ENST00000481739			RXRA			protein_coding
chr16-7	chr16	327335	327597	+	1	NA	intron (ENST00000481769.1, intron 1 of 4)	protein_coding-intron (ENST00000262320.8, intron 2 of 10)	18856	ENST00000461023.5	ENSG00000103126	ENST00000262320			AXIN1			protein_coding
chr16-60	chr16	38890	39152	+	1	NA	promoter-TSS (ENST00000442856.1)	unprocessed_pseudogene-promoter-TSS (ENST00000442856.1)	-700	ENST00000442856.1	ENSG00000226942	ENST00000442856			IL9RP3			unprocessed_pseudogene
chr14-77	chr14	60248916	60249178	+	1	NA	promoter-TSS (ENST00000325658.3)	protein_coding-promoter-TSS (ENST00000325658.3)	-174	ENST00000395076.9	ENSG00000100614	ENST00000325642			PPM1A			protein_coding
chr10-161	chr10	132447769	132448031	+	1	NA	TTS (ENST00000490765.4)	lncRNA-TTS (ENST00000490765.4)	915	ENST00000701813.1	ENSG00000180066	ENST00000392630			LINC02870			lncRNA
chr15-55	chr15	68275248	68275510	+	1	NA	intron (ENST00000563057.1, intron 1 of 2)	lncRNA-intron (ENST00000563057.1, intron 1 of 2)	-2366	ENST00000306917.5	ENSG00000169018	ENST00000566739			FEM1B			protein_coding
chr3-74	chr3	9396340	9396602	+	1	NA	promoter-TSS (ENST00000660363.1)	lncRNA-promoter-TSS (ENST00000660363.1)	134	ENST00000521267.5	ENSG00000206573	ENST00000467069			THUMPD3-AS1			lncRNA
chr14-72	chr14	81221176	81221438	+	1	NA	promoter-TSS (ENST00000298173.7)	protein_coding-promoter-TSS (ENST00000298173.7)	70	ENST00000556268.1	ENSG00000165417	ENST00000434192			GTF2A1			protein_coding
chr5-93	chr5	32312927	32313189	+	1	NA	promoter-TSS (ENST00000264934.5)	protein_coding-promoter-TSS (ENST00000264934.5)	-71	ENST00000505419.5	ENSG00000150712	ENST00000280285			MTMR12			protein_coding
chr9-39	chr9	81070732	81070994	+	1	NA	Intergenic	Intergenic	-199568	ENST00000397864.2	ENSG00000226798	ENST00000397864			ENSG00000226798			lncRNA
chr1-21	chr1	114780616	114780878	+	1	NA	promoter-TSS (ENST00000060969.6)	protein_coding-promoter-TSS (ENST00000060969.6)	-62	ENST00000060969.6	ENSG00000052723	ENST00000506320			SIKE1			protein_coding
chr6-458	chr6	27792225	27792487	+	1	NA	Intergenic	Intergenic	-11245	ENST00000404972.2	ENSG00000218069	ENST00000404972			RSL24D1P1			processed_pseudogene
chr16-212	chr16	30060943	30061205	+	1	NA	intron (ENST00000395248.6, intron 5 of 15)	protein_coding-intron (ENST00000338110.11, intron 4 of 13)	-3090	ENST00000562302.1	ENSG00000149925	ENST00000395240			ALDOA			protein_coding
chr14-73	chr14	90396917	90397179	+	1	NA	promoter-TSS (ENST00000356978.9)	protein_coding-promoter-TSS (ENST00000356978.9)	8	ENST00000553630.1	ENSG00000198668	ENST00000553964			CALM1			protein_coding
chr1-128	chr1	205750297	205750559	+	1	NA	promoter-TSS (ENST00000367142.5)	protein_coding-promoter-TSS (ENST00000367142.5)	-246	ENST00000367142.5	ENSG00000069275	ENST00000464938			NUCKS1			protein_coding
chr8-16	chr8	133216513	133216775	+	1	NA	intron (ENST00000517423.5, intron 2 of 2)	protein_coding-intron (ENST00000220856.6, intron 2 of 3)	21283	ENST00000688585.1	ENSG00000289316	ENST00000688585			ENSG00000289316			lncRNA
chr19-183	chr19	18447047	18447309	+	1	NA	intron (ENST00000608165.1, intron 1 of 2)	protein_coding-intron (ENST00000262809.9, intron 8 of 11)	-1097	ENST00000623166.1	ENSG00000279262	ENST00000623166			ENSG00000279262			TEC
chr8-196	chr8	115333793	115334055	+	1	NA	Intergenic	Intergenic	158297	ENST00000518018.1	ENSG00000104447	ENST00000640765			TRPS1			protein_coding
chr20-177	chr20	62427535	62427797	+	1	NA	promoter-TSS (ENST00000252998.2)	protein_coding-promoter-TSS (ENST00000252998.2)	-127	ENST00000252998.2	ENSG00000130701	ENST00000252998			RBBP8NL			protein_coding
chr1-194	chr1	155688802	155689064	+	1	NA	promoter-TSS (ENST00000295566.8)	protein_coding-promoter-TSS (ENST00000295566.8)	40	ENST00000436865.5	ENSG00000163374	ENST00000361140			YY1AP1			protein_coding
chr3-5	chr3	37782619	37782881	+	1	NA	intron (ENST00000411817.2, intron 1 of 2)	protein_coding-intron (ENST00000264741.10, intron 25 of 27)	2735	ENST00000411817.2	ENSG00000144668	ENST00000264741			ITGA9			protein_coding
chr9-508	chr9	129107312	129107574	+	1	NA	TTS (ENST00000455830.2)	protein_coding-TTS (ENST00000455830.2)	1015	ENST00000679716.1	ENSG00000095321	ENST00000681325			CRAT			protein_coding
chr22-4	chr22	44455462	44455724	+	1	NA	Intergenic	Intergenic	12266	ENST00000415702.1	ENSG00000232655	ENST00000415702			LINC01656			lncRNA
chr12-20	chr12	130179158	130179420	+	1	NA	Intergenic	Intergenic	16825	ENST00000229030.5	ENSG00000111432	ENST00000229030			FZD10			protein_coding
chr16-401	chr16	84177209	84177471	+	1	NA	TTS (ENST00000341690.10)	protein_coding-TTS (ENST00000341690.10)	1199	ENST00000564928.1	ENSG00000154099	ENST00000378553			DNAAF1			protein_coding
chr16-146	chr16	28945491	28945753	+	1	NA	Intergenic	Intergenic	-5185	ENST00000564978.5	ENSG00000176953	ENST00000564978			NFATC2IP			protein_coding
chr9-22	chr9	88076818	88077080	+	1	NA	promoter-TSS (ENST00000661542.1)	lncRNA-promoter-TSS (ENST00000661542.1)	-7	ENST00000688975.1	ENSG00000287750	ENST00000701210			LINC03026			lncRNA
chr1-753	chr1	185585839	185586101	+	1	NA	intron (ENST00000665999.1, intron 2 of 4)	lncRNA-intron (ENST00000439633.7, intron 2 of 5)	42522	ENST00000665129.1	ENSG00000228309	ENST00000665999			LINC01350			lncRNA
chr7-388	chr7	157760313	157760575	+	1	NA	intron (ENST00000409483.5, intron 11 of 21)	protein_coding-intron (ENST00000389413.7, intron 11 of 21)	-19988	ENST00000448541.1	ENSG00000231515	ENST00000448541			ENSG00000231515			lncRNA
chr6-284	chr6	15021816	15022078	+	1	NA	promoter-TSS (ENST00000629853.2)	lncRNA-promoter-TSS (ENST00000629853.2)	17	ENST00000629853.2	ENSG00000234261	ENST00000659197			ENSG00000234261			lncRNA
chr17-8	chr17	59846436	59846698	+	1	NA	TTS (ENST00000364654.1)	snRNA-TTS (ENST00000364654.1)	977	ENST00000364654.1	ENSG00000201524	ENST00000364654			RNU6-450P			snRNA
chr1-135	chr1	6199583	6199845	+	1	NA	promoter-TSS (ENST00000234875.9)	protein_coding-promoter-TSS (ENST00000234875.9)	-119	ENST00000234875.9	ENSG00000116251	ENST00000462296			RPL22			protein_coding
chr20-137	chr20	56468513	56468775	+	1	NA	promoter-TSS (ENST00000023939.8)	protein_coding-promoter-TSS (ENST00000023939.8)	-14	ENST00000484084.5	ENSG00000022277	ENST00000023939			RTF2			protein_coding
chr20-2945	chr20	25310379	25310641	+	1	NA	promoter-TSS (ENST00000481556.1)	protein_coding-promoter-TSS (ENST00000481556.1)	-38	ENST00000481556.1	ENSG00000100997	ENST00000672406			ABHD12			protein_coding
chr9-199	chr9	113578995	113579257	+	1	NA	intron (ENST00000428429.1, intron 2 of 2)	protein_coding-intron (ENST00000342620.9, intron 1 of 4)	-1534	ENST00000374134.7	ENSG00000138835	ENST00000466314			RGS3			protein_coding
chr3-59	chr3	195443048	195443310	+	1	NA	promoter-TSS (ENST00000326793.11)	protein_coding-promoter-TSS (ENST00000326793.11)	-135	ENST00000490224.1	ENSG00000114331	ENST00000471593			ACAP2			protein_coding
chr19-38	chr19	12777664	12777926	+	1	NA	intron (ENST00000593143.5, intron 1 of 2)	protein_coding-intron (ENST00000586719.5, intron 1 of 8)	597	ENST00000591251.1	ENSG00000095066	ENST00000587178			HOOK2			protein_coding
chr1-608	chr1	201353397	201353659	+	1	NA	Intergenic	Intergenic	7829	ENST00000477035.1	ENSG00000118194	ENST00000476888			TNNT2			protein_coding
chr6-104	chr6	53548039	53548301	+	1	NA	promoter-TSS (ENST00000616923.5)	protein_coding-promoter-TSS (ENST00000616923.5)	36	ENST00000616923.5	ENSG00000001084	ENST00000504525			GCLC			protein_coding
chr12-174	chr12	59596112	59596374	+	1	NA	promoter-TSS (ENST00000549465.5)	protein_coding-promoter-TSS (ENST00000549465.5)	81	ENST00000549465.5	ENSG00000118596	ENST00000548444			SLC16A7			protein_coding
chr1-73	chr1	200738875	200739137	+	1	NA	promoter-TSS (ENST00000236925.8)	protein_coding-promoter-TSS (ENST00000236925.8)	113	ENST00000358823.7	ENSG00000118200	ENST00000358823			CAMSAP2			protein_coding
chr12-100	chr12	111685874	111686136	+	1	NA	promoter-TSS (ENST00000313698.9)	protein_coding-promoter-TSS (ENST00000313698.9)	-48	ENST00000313698.9	ENSG00000111271	ENST00000507688			ACAD10			protein_coding
chr8-139	chr8	125430033	125430295	+	1	NA	promoter-TSS (ENST00000311922.4)	protein_coding-promoter-TSS (ENST00000311922.4)	-194	ENST00000311922.4	ENSG00000173334	ENST00000521778			TRIB1			protein_coding
chr12-321	chr12	89769188	89769450	+	1	NA	intron (ENST00000651272.1, intron 2 of 6)	lncRNA-intron (ENST00000651272.1, intron 2 of 6)	15260	ENST00000517014.1	ENSG00000252823	ENST00000517014			RNU6-148P			snRNA
chr2-771	chr2	101001897	101002159	+	1	NA	promoter-TSS (ENST00000264258.8)	protein_coding-promoter-TSS (ENST00000264258.8)	-201	ENST00000409000.5	ENSG00000071082	ENST00000264258			RPL31			protein_coding
chr8-84	chr8	124856758	124857020	+	1	NA	intron (ENST00000666508.1, intron 3 of 4)	lncRNA-intron (ENST00000528090.5, intron 3 of 5)	627	ENST00000533496.1	ENSG00000255491	ENST00000533496			ENSG00000255491			lncRNA
chr14-817	chr14	105159443	105159705	+	1	NA	intron (ENST00000548203.1, intron 1 of 4)	protein_coding-intron (ENST00000331782.8, intron 2 of 25)	-1765	ENST00000553051.1	ENSG00000184916	ENST00000347004			JAG2			protein_coding
chr3-959	chr3	4688417	4688679	+	1	NA	exon (ENST00000302640.13, exon 29 of 61)	protein_coding-exon (ENST00000302640.13, exon 29 of 61)	-2776	ENST00000647673.1	ENSG00000150995	ENST00000491868			ITPR1			protein_coding
chr19-16	chr19	1181643	1181905	+	1	NA	intron (ENST00000585748.3, intron 2 of 11)	protein_coding-intron (ENST00000585748.3, intron 2 of 11)	4216	ENST00000585748.3	ENSG00000118046	ENST00000586358			STK11			protein_coding
chr1-365	chr1	151992681	151992943	+	1	NA	promoter-TSS (ENST00000368809.1)	protein_coding-promoter-TSS (ENST00000368809.1)	-234	ENST00000368809.1	ENSG00000197747	ENST00000368811			S100A10			protein_coding
chr12-488	chr12	2794567	2794829	+	1	NA	promoter-TSS (ENST00000001008.6)	protein_coding-promoter-TSS (ENST00000001008.6)	-272	ENST00000001008.6	ENSG00000004478	ENST00000001008			FKBP4			protein_coding
chr15-122	chr15	74461032	74461294	+	1	NA	promoter-TSS (ENST00000361351.8)	protein_coding-promoter-TSS (ENST00000361351.8)	-3	ENST00000395081.7	ENSG00000138629	ENST00000565494			UBL7			protein_coding
chr22-82	chr22	43015121	43015383	+	1	NA	promoter-TSS (ENST00000263246.8)	protein_coding-promoter-TSS (ENST00000263246.8)	-103	ENST00000263246.8	ENSG00000100266	ENST00000634914			PACSIN2			protein_coding
chrX-16	chrX	71532837	71533099	+	1	NA	promoter-TSS (ENST00000373701.7)	protein_coding-promoter-TSS (ENST00000373701.7)	-119	ENST00000699779.1	ENSG00000147162	ENST00000699751			OGT			protein_coding
chr9-48	chr9	77589538	77589800	+	1	NA	intron (ENST00000341700.7, intron 1 of 6)	protein_coding-intron (ENST00000341700.7, intron 1 of 6)	9424	ENST00000448540.1	ENSG00000228248	ENST00000448540			NUTF2P3			processed_pseudogene
chr12-331	chr12	122500897	122501159	+	1	NA	promoter-TSS (ENST00000536663.5)	protein_coding-promoter-TSS (ENST00000536663.5)	-96	ENST00000633063.3	ENSG00000033030	ENST00000544054			ZCCHC8			protein_coding
chr16-147	chr16	30395164	30395426	+	1	NA	promoter-TSS (ENST00000320159.2)	protein_coding-promoter-TSS (ENST00000320159.2)	-124	ENST00000320159.2	ENSG00000180035	ENST00000613509			ZNF48			protein_coding
chr9-88	chr9	128635305	128635567	+	1	NA	TTS (ENST00000451652.5)	protein_coding-TTS (ENST00000451652.5)	627	ENST00000483181.1	ENSG00000119333	ENST00000480613			DYNC2I2			protein_coding
chr5-56	chr5	139637466	139637728	+	1	NA	Intergenic	Intergenic	7405	ENST00000606683.1	ENSG00000272255	ENST00000606683			ENSG00000272255			lncRNA
chr12-89	chr12	67268705	67268967	+	1	NA	promoter-TSS (ENST00000539109.1)	protein_coding-promoter-TSS (ENST00000539109.1)	-522	ENST00000545606.6	ENSG00000111530	ENST00000545606			CAND1			protein_coding
chr9-136	chr9	110089873	110090135	+	1	NA	promoter-TSS (ENST00000480388.1)	protein_coding-promoter-TSS (ENST00000480388.1)	-193	ENST00000480388.1	ENSG00000157654	ENST00000497711			PALM2AKAP2			protein_coding
chr2-411	chr2	201071778	201072040	+	1	NA	promoter-TSS (ENST00000237889.9)	protein_coding-promoter-TSS (ENST00000237889.9)	-92	ENST00000237889.9	ENSG00000119013	ENST00000682325			NDUFB3			protein_coding
chr15-172	chr15	63599632	63599894	+	1	NA	promoter-TSS (ENST00000665700.1)	lncRNA-promoter-TSS (ENST00000665700.1)	-147	ENST00000665700.1	ENSG00000259248	ENST00000560350			USP3-AS1			lncRNA
chr19-569	chr19	11597851	11598113	+	1	NA	intron (ENST00000588174.1, intron 1 of 3)	protein_coding-intron (ENST00000361113.10, intron 1 of 3)	499	ENST00000361113.10	ENSG00000198551	ENST00000585493			ZNF627			protein_coding
chr14-61	chr14	20305862	20306124	+	1	NA	promoter-TSS (ENST00000258821.8)	protein_coding-promoter-TSS (ENST00000258821.8)	-33	ENST00000553828.1	ENSG00000136319	ENST00000554992			TTC5			protein_coding
chr6-245	chr6	34546764	34547026	+	1	NA	intron (ENST00000544425.2, intron 1 of 4)	protein_coding-intron (ENST00000374037.8, intron 1 of 5)	9434	ENST00000374037.8	ENSG00000124664	ENST00000374037			SPDEF			protein_coding
chr2-485	chr2	164842172	164842434	+	1	NA	promoter-TSS (ENST00000342193.8)	protein_coding-promoter-TSS (ENST00000342193.8)	101	ENST00000491126.6	ENSG00000082438	ENST00000474975			COBLL1			protein_coding
chrX-64	chrX	9351747	9352009	+	1	NA	Intergenic	Intergenic	-50873	ENST00000416620.2	ENSG00000232111	ENST00000416620			ENSG00000232111			processed_pseudogene
chr3-55	chr3	50359520	50359782	+	1	NA	promoter-TSS (ENST00000266025.4)	protein_coding-promoter-TSS (ENST00000266025.4)	-130	ENST00000266025.4	ENSG00000126062	ENST00000266025			TMEM115			protein_coding
chr17-47	chr17	28536814	28537076	+	1	NA	intron (ENST00000579795.6, intron 8 of 8)	protein_coding-intron (ENST00000226247.2, intron 7 of 7)	11228	ENST00000487844.1	ENSG00000109103	ENST00000335765			UNC119			protein_coding
chr19-188	chr19	37932372	37932634	+	1	NA	exon (ENST00000476317.2, exon 1 of 3)	protein_coding-exon (ENST00000476317.2, exon 1 of 3)	157	ENST00000476317.2	ENSG00000105738	ENST00000601881			SIPA1L3			protein_coding
chr8-44	chr8	109644867	109645129	+	1	NA	promoter-TSS (ENST00000276646.14)	protein_coding-promoter-TSS (ENST00000276646.14)	-176	ENST00000276646.14	ENSG00000147642	ENST00000276646			SYBU			protein_coding
chr16-235	chr16	20806065	20806327	+	1	NA	promoter-TSS (ENST00000261377.11)	protein_coding-promoter-TSS (ENST00000261377.11)	-77	ENST00000565884.5	ENSG00000196678	ENST00000564349			ERI2			protein_coding
chr20-2082	chr20	44531732	44531994	+	1	NA	promoter-TSS (ENST00000372887.5)	protein_coding-promoter-TSS (ENST00000372887.5)	-46	ENST00000372889.5	ENSG00000168734	ENST00000372892			PKIG			protein_coding
chr2-216	chr2	96858237	96858499	+	1	NA	promoter-TSS (ENST00000393537.5)	protein_coding-promoter-TSS (ENST00000393537.5)	-352	ENST00000393537.5	ENSG00000213337	ENST00000443120			ANKRD39			protein_coding
chr17-621	chr17	1967316	1967578	+	1	NA	intron (ENST00000331238.7, intron 1 of 1)	protein_coding-intron (ENST00000331238.7, intron 1 of 1)	-28167	ENST00000574520.3	ENSG00000262445	ENST00000574520			ENSG00000262445			lncRNA
chr9-162	chr9	133873256	133873518	+	1	NA	intron (ENST00000486113.1, intron 2 of 2)	protein_coding-intron (ENST00000371850.8, intron 2 of 29)	65914	ENST00000472905.1	ENSG00000160293	ENST00000486113			VAV2			protein_coding
chr8-33	chr8	101492538	101492800	+	1	NA	promoter-TSS (ENST00000395927.1)	protein_coding-promoter-TSS (ENST00000395927.1)	-89	ENST00000395927.1	ENSG00000083307	ENST00000517674			GRHL2			protein_coding
chr2-355	chr2	237076000	237076262	+	1	NA	intron (ENST00000418430.1, intron 1 of 1)	lncRNA-intron (ENST00000418430.1, intron 1 of 1)	8662	ENST00000665401.1	ENSG00000227252	ENST00000665401			COPS8-DT			lncRNA
chr17-1631	chr17	1684516	1684778	+	1	NA	exon (ENST00000572621.5, exon 1 of 42)	protein_coding-exon (ENST00000572621.5, exon 1 of 42)	154	ENST00000703538.1	ENSG00000174231	ENST00000573681			PRPF8			protein_coding
chr9-163	chr9	133992905	133993167	+	1	NA	promoter-TSS (ENST00000371850.8)	protein_coding-promoter-TSS (ENST00000371850.8)	-432	ENST00000371851.1	ENSG00000160293	ENST00000486113			VAV2			protein_coding
chr15-34	chr15	63121606	63121868	+	1	NA	promoter-TSS (ENST00000261893.9)	protein_coding-promoter-TSS (ENST00000261893.9)	-96	ENST00000413507.3	ENSG00000103642	ENST00000261893			LACTB			protein_coding
chr13-64	chr13	36819073	36819335	+	1	NA	promoter-TSS (ENST00000255476.3)	protein_coding-promoter-TSS (ENST00000255476.3)	-18	ENST00000255476.3	ENSG00000133111	ENST00000255476			RFXAP			protein_coding
chr20-1312	chr20	25103925	25104187	+	1	NA	Intergenic	Intergenic	4951	ENST00000256654.8	ENSG00000225069	ENST00000256654			ENSG00000225069			processed_pseudogene
chr2-94	chr2	69644097	69644359	+	1	NA	promoter-TSS (ENST00000406297.7)	protein_coding-promoter-TSS (ENST00000406297.7)	-197	ENST00000418066.2	ENSG00000196975	ENST00000484219			ANXA4			protein_coding
chr16-225	chr16	707185	707447	+	1	NA	promoter-TSS (ENST00000623057.2)	TEC-promoter-TSS (ENST00000623057.2)	-334	ENST00000623057.2	ENSG00000279255	ENST00000623057			ENSG00000279255			TEC
chr3-783	chr3	195804360	195804622	+	1	NA	intron (ENST00000480843.5, intron 1 of 23)	protein_coding-intron (ENST00000346145.8, intron 1 of 23)	7366	ENST00000346145.8	ENSG00000145113	ENST00000464234			MUC4			protein_coding
chr16-275	chr16	86844774	86845036	+	1	NA	Intergenic	Intergenic	-54451	ENST00000670133.1	ENSG00000287161	ENST00000670133			ENSG00000287161			lncRNA
chr4-305	chr4	73259065	73259327	+	1	NA	promoter-TSS (ENST00000330838.10)	protein_coding-promoter-TSS (ENST00000330838.10)	-13	ENST00000502790.1	ENSG00000250220	ENST00000502790			ANKRD17-DT			lncRNA
chr14-411	chr14	61280432	61280694	+	1	NA	promoter-TSS (ENST00000554835.1)	protein_coding-promoter-TSS (ENST00000554835.1)	-390	ENST00000555542.5	ENSG00000027075	ENST00000555082			PRKCH			protein_coding
chr7-210	chr7	131109893	131110155	+	1	NA	promoter-TSS (ENST00000416992.6)	protein_coding-promoter-TSS (ENST00000416992.6)	-72	ENST00000421797.6	ENSG00000128585	ENST00000352689			MKLN1			protein_coding
chr9-35	chr9	37465662	37465924	+	1	NA	promoter-TSS (ENST00000307750.5)	protein_coding-promoter-TSS (ENST00000307750.5)	-343	ENST00000307750.5	ENSG00000168795	ENST00000307750			ZBTB5			protein_coding
chr9-167	chr9	136482834	136483096	+	1	NA	promoter-TSS (ENST00000354376.3)	lncRNA-promoter-TSS (ENST00000354376.3)	75	ENST00000690691.1	ENSG00000148396	ENST00000313050			SEC16A			protein_coding
chr12-365	chr12	89524792	89525054	+	1	NA	promoter-TSS (ENST00000529983.3)	protein_coding-promoter-TSS (ENST00000529983.3)	-127	ENST00000529983.3	ENSG00000257594	ENST00000529983			GALNT4			protein_coding
chr9-129	chr9	81502695	81502957	+	1	NA	Intergenic	Intergenic	14518	ENST00000457409.1	ENSG00000237072	ENST00000457409			ENSG00000237072			processed_pseudogene
chr5-105	chr5	36745305	36745567	+	1	NA	Intergenic	Intergenic	-20232	ENST00000508745.2	ENSG00000250155	ENST00000510740			SLC1A3-AS1			lncRNA
chr3-52	chr3	133383208	133383470	+	1	NA	intron (ENST00000511388.1, intron 1 of 2)	protein_coding-intron (ENST00000321871.11, intron 4 of 5)	3622	ENST00000511388.1	ENSG00000144868	ENST00000511555			TMEM108			protein_coding
chr12-145	chr12	122659588	122659850	+	1	NA	Intergenic	Intergenic	25589	ENST00000613543.1	ENSG00000274191	ENST00000613543			ENSG00000274191			lncRNA
chr19-172	chr19	1254542	1254804	+	1	NA	TTS (ENST00000590136.1)	protein_coding-TTS (ENST00000590136.1)	989	ENST00000590136.1	ENSG00000167470	ENST00000591302			MIDN			protein_coding
chr14-181	chr14	51989287	51989549	+	1	NA	promoter-TSS (ENST00000261700.8)	protein_coding-promoter-TSS (ENST00000261700.8)	-96	ENST00000557553.5	ENSG00000087302	ENST00000553707			RTRAF			protein_coding
chr11-175	chr11	34433987	34434249	+	1	NA	Intergenic	Intergenic	3238	ENST00000405137.1	ENSG00000216708	ENST00000405137			CIR1P3			processed_pseudogene
chr9-2	chr9	92152056	92152318	+	1	NA	promoter-TSS (ENST00000434944.1)	lncRNA-promoter-TSS (ENST00000434944.1)	-407	ENST00000434944.1	ENSG00000290644	ENST00000430945			ENSG00000290644			lncRNA
chr10-144	chr10	59906507	59906769	+	1	NA	promoter-TSS (ENST00000263102.7)	protein_coding-promoter-TSS (ENST00000263102.7)	-82	ENST00000263102.7	ENSG00000108091	ENST00000491922			CCDC6			protein_coding
chr14-8	chr14	90383177	90383439	+	1	NA	promoter-TSS (ENST00000615251.1)	lncRNA-promoter-TSS (ENST00000615251.1)	-57	ENST00000615251.1	ENSG00000275198	ENST00000615251			LINC02960			lncRNA
chr16-87	chr16	30957597	30957859	+	1	NA	promoter-TSS (ENST00000262519.14)	protein_coding-promoter-TSS (ENST00000262519.14)	-26	ENST00000262519.14	ENSG00000099381	ENST00000684162			SETD1A			protein_coding
chr17-156	chr17	81722398	81722660	+	1	NA	Intergenic	Intergenic	6557	ENST00000573246.1	ENSG00000183048	ENST00000571876			SLC25A10			protein_coding
chr9-861	chr9	130962675	130962937	+	1	NA	Intergenic	Intergenic	-23520	ENST00000463475.1	ENSG00000130720	ENST00000448616			FIBCD1			protein_coding
chr11-473	chr11	71299500	71299762	+	1	NA	Intergenic	Intergenic	-47054	ENST00000601538.6	ENSG00000162105	ENST00000470759			SHANK2			protein_coding
chr16-82	chr16	72929469	72929731	+	1	NA	intron (ENST00000641206.2, intron 11 of 17)	protein_coding-intron (ENST00000268489.10, intron 3 of 9)	-39766	ENST00000563625.1	ENSG00000140836	ENST00000641018			ZFHX3			protein_coding
chr8-126	chr8	124855365	124855627	+	1	NA	intron (ENST00000666508.1, intron 3 of 4)	lncRNA-intron (ENST00000528090.5, intron 3 of 5)	2020	ENST00000533496.1	ENSG00000255491	ENST00000533496			ENSG00000255491			lncRNA
chr19-445	chr19	16565020	16565282	+	1	NA	promoter-TSS (ENST00000597851.1)	lncRNA-promoter-TSS (ENST00000597851.1)	-400	ENST00000597851.1	ENSG00000269085	ENST00000597851			ENSG00000269085			lncRNA
chr19-143	chr19	40226919	40227181	+	1	NA	promoter-TSS (ENST00000221818.5)	protein_coding-promoter-TSS (ENST00000221818.5)	-353	ENST00000599263.6	ENSG00000105219	ENST00000221818			CCNP			protein_coding
chrX-181	chrX	152958816	152959078	+	1	NA	intron (ENST00000695776.1, intron 18 of 24)	protein_coding-intron (ENST00000318504.12, intron 14 of 20)	17246	ENST00000454925.1	ENSG00000147394	ENST00000535861			ZNF185			protein_coding
chr3-175	chr3	129564930	129565192	+	1	NA	intron (ENST00000512744.5, intron 2 of 12)	protein_coding-intron (ENST00000324093.9, intron 25 of 35)	930	ENST00000512744.5	ENSG00000004399	ENST00000504524			PLXND1			protein_coding
chr15-16	chr15	71295009	71295271	+	1	NA	intron (ENST00000355327.7, intron 6 of 17)	protein_coding-intron (ENST00000261862.8, intron 6 of 17)	-36980	ENST00000648513.1	ENSG00000260586	ENST00000648513			ENSG00000260586			lncRNA
chr19-132	chr19	58475921	58476183	+	1	NA	promoter-TSS (ENST00000335841.8)	protein_coding-promoter-TSS (ENST00000335841.8)	-94	ENST00000594468.1	ENSG00000083838	ENST00000610298			ZNF446			protein_coding
chr1-124	chr1	151166450	151166712	+	1	NA	promoter-TSS (ENST00000368908.10)	protein_coding-promoter-TSS (ENST00000368908.10)	-88	ENST00000497147.1	ENSG00000163156	ENST00000497147			SCNM1			protein_coding
chr10-551	chr10	118592978	118593240	+	1	NA	TTS (ENST00000636925.1)	protein_coding-TTS (ENST00000636925.1)	2260	ENST00000636925.1	ENSG00000119973	ENST00000636925			PRLHR			protein_coding
chr14-164	chr14	63659749	63660011	+	1	NA	intron (ENST00000668431.1, intron 2 of 2)	lncRNA-intron (ENST00000656655.1, intron 2 of 2)	-8381	ENST00000363823.2	ENSG00000200693	ENST00000363823			U3			snoRNA
chr3-929	chr3	141311586	141311848	+	1	NA	exon (ENST00000636601.1, exon 8 of 9)	protein_coding-exon (ENST00000636601.1, exon 8 of 9)	-3784	ENST00000514722.1	ENSG00000249540	ENST00000514722			PHF5AP7			processed_pseudogene
chr1-31	chr1	24322274	24322536	+	1	NA	promoter-TSS (ENST00000236255.4)	protein_coding-promoter-TSS (ENST00000236255.4)	-504	ENST00000437965.1	ENSG00000232298	ENST00000437965			GRHL3-AS1			lncRNA
chr9-29	chr9	134702981	134703243	+	1	NA	intron (ENST00000371820.4, intron 4 of 65)	protein_coding-intron (ENST00000371817.8, intron 4 of 65)	-28481	ENST00000469093.1	ENSG00000130635	ENST00000371820			COL5A1			protein_coding
chr2-97	chr2	109644601	109644863	+	1	NA	Intergenic	Intergenic	-20477	ENST00000451001.1	ENSG00000230603	ENST00000451001			ENSG00000230603			processed_pseudogene
chr20-303	chr20	32475309	32475571	+	1	NA	intron (ENST00000621426.7, intron 4 of 10)	protein_coding-intron (ENST00000326071.8, intron 1 of 2)	8031	ENST00000359676.9	ENSG00000197183	ENST00000485364			NOL4L			protein_coding
chr12-90	chr12	92929453	92929715	+	1	NA	promoter-TSS (ENST00000322349.13)	protein_coding-promoter-TSS (ENST00000322349.13)	-253	ENST00000547833.5	ENSG00000102189	ENST00000553019			EEA1			protein_coding
chr2-234	chr2	232296002	232296264	+	1	NA	intron (ENST00000498319.2, intron 2 of 3)	protein_coding-intron (ENST00000273009.10, intron 13 of 13)	-32375	ENST00000429283.2	ENSG00000144535	ENST00000409401			DIS3L2			protein_coding
chr4-96	chr4	103019591	103019853	+	1	NA	promoter-TSS (ENST00000296422.12)	protein_coding-promoter-TSS (ENST00000296422.12)	-3	ENST00000394789.7	ENSG00000164037	ENST00000511253			SLC9B1			protein_coding
chr4-144	chr4	76051480	76051742	+	1	NA	intron (ENST00000504914.5, intron 1 of 2)	protein_coding-intron (ENST00000341029.9, intron 1 of 9)	-10196	ENST00000503860.1	ENSG00000169248	ENST00000306621			CXCL11			protein_coding
chr16-83	chr16	75064505	75064767	+	1	NA	intron (ENST00000564320.1, intron 2 of 5)	protein_coding-intron (ENST00000320619.10, intron 1 of 5)	-30508	ENST00000579084.1	ENSG00000186187	ENST00000568494			ZNRF1			protein_coding
chr3-188	chr3	122534098	122534360	+	1	NA	exon (ENST00000462315.5, exon 10 of 10)	protein_coding-exon (ENST00000462315.5, exon 10 of 10)	11774	ENST00000489652.1	ENSG00000138496	ENST00000466126			PARP9			protein_coding
chr1-1056	chr1	53238421	53238683	+	1	NA	promoter-TSS (ENST00000371466.4)	protein_coding-promoter-TSS (ENST00000371466.4)	2	ENST00000458151.2	ENSG00000226754	ENST00000458151			MAGOH-DT			lncRNA
chr16-186	chr16	1378998	1379260	+	1	NA	promoter-TSS (ENST00000513783.1)	protein_coding-promoter-TSS (ENST00000513783.1)	-8	ENST00000513783.1	ENSG00000059145	ENST00000674376			UNKL			protein_coding
chr3-61	chr3	64613145	64613407	+	1	NA	intron (ENST00000498707.5, intron 22 of 39)	protein_coding-intron (ENST00000295903.8, intron 21 of 38)	2874	ENST00000481060.2	ENSG00000163638	ENST00000467119			ADAMTS9			protein_coding
chr12-76	chr12	26769248	26769510	+	1	NA	intron (ENST00000545235.1, intron 1 of 4)	protein_coding-intron (ENST00000242737.5, intron 2 of 5)	-31464	ENST00000541141.1	ENSG00000256640	ENST00000541141			ENSG00000256640			processed_pseudogene
chr12-227	chr12	48106203	48106465	+	1	NA	promoter-TSS (ENST00000448372.6)	protein_coding-promoter-TSS (ENST00000448372.6)	-54	ENST00000548288.5	ENSG00000152556	ENST00000642730			PFKM			protein_coding
chr9-32	chr9	137423070	137423332	+	1	NA	promoter-TSS (ENST00000340951.9)	protein_coding-promoter-TSS (ENST00000340951.9)	10	ENST00000460390.6	ENSG00000187609	ENST00000478350			EXD3			protein_coding
chr2-112	chr2	220225138	220225400	+	1	NA	intron (ENST00000432993.1, intron 1 of 3)	lncRNA-intron (ENST00000432993.1, intron 1 of 3)	97723	ENST00000438633.1	ENSG00000235337	ENST00000438633			ENSG00000235337			lncRNA
chr19-95	chr19	44002871	44003133	+	1	NA	promoter-TSS (ENST00000429154.7)	protein_coding-promoter-TSS (ENST00000429154.7)	24	ENST00000585632.5	ENSG00000159882	ENST00000589275			ZNF230			protein_coding
chrX-67	chrX	53714525	53714787	+	1	NA	Intergenic	Intergenic	-27904	ENST00000704102.1	ENSG00000086758	ENST00000218328			HUWE1			protein_coding
chr2-113	chr2	241762293	241762555	+	1	NA	intron (ENST00000486953.5, intron 3 of 3)	protein_coding-intron (ENST00000321264.9, intron 9 of 9)	-6684	ENST00000417267.1	ENSG00000234793	ENST00000417267			ENSG00000234793			lncRNA
chr13-13	chr13	114281260	114281522	+	1	NA	promoter-TSS (ENST00000351487.5)	protein_coding-promoter-TSS (ENST00000351487.5)	-210	ENST00000375299.8	ENSG00000169062	ENST00000474056			UPF3A			protein_coding
chr17-406	chr17	63741841	63742103	+	1	NA	promoter-TSS (ENST00000245865.10)	protein_coding-promoter-TSS (ENST00000245865.10)	14	ENST00000392950.9	ENSG00000266173	ENST00000577375			STRADA			protein_coding
chr9-114	chr9	131502849	131503111	+	1	NA	promoter-TSS (ENST00000341012.13)	protein_coding-promoter-TSS (ENST00000341012.13)	2	ENST00000448212.5	ENSG00000130714	ENST00000677216			POMT1			protein_coding
chr8-47	chr8	143382707	143382969	+	1	NA	TTS (ENST00000522899.1)	protein_coding-TTS (ENST00000522899.1)	3501	ENST00000522899.1	ENSG00000158106	ENST00000289013			RHPN1			protein_coding
chr6-9	chr6	36122233	36122495	+	1	NA	Intergenic	Intergenic	-5445	ENST00000476951.5	ENSG00000156711	ENST00000476951			MAPK13			protein_coding
chr7-9	chr7	101729466	101729728	+	1	NA	Intergenic	Intergenic	-86307	ENST00000437600.9	ENSG00000257923	ENST00000485792			CUX1			protein_coding
chr16-912	chr16	27364614	27364876	+	1	NA	TTS (ENST00000170630.6)	protein_coding-TTS (ENST00000170630.6)	9397	ENST00000563886.1	ENSG00000077238	ENST00000565915			IL4R			protein_coding
chr3-914	chr3	107796823	107797085	+	1	NA	intron (ENST00000443253.1, intron 3 of 3)	protein_coding-intron (ENST00000325805.13, intron 15 of 17)	-1637	ENST00000458347.1	ENSG00000114439	ENST00000413213			BBX			protein_coding
chr6-108	chr6	159726871	159727133	+	1	NA	promoter-TSS (ENST00000337387.4)	protein_coding-promoter-TSS (ENST00000337387.4)	4	ENST00000614346.4	ENSG00000146457	ENST00000631126			WTAP			protein_coding
chr20-10	chr20	47455238	47455500	+	1	NA	Intergenic	Intergenic	23641	ENST00000425552.1	ENSG00000234075	ENST00000425552			RPL35AP			processed_pseudogene
chr1-604	chr1	183719365	183719627	+	1	NA	intron (ENST00000304685.8, intron 1 of 18)	protein_coding-intron (ENST00000304685.8, intron 1 of 18)	-9256	ENST00000604110.1	ENSG00000270994	ENST00000604110			ENSG00000270994			processed_pseudogene
chr8-87	chr8	55886464	55886726	+	1	NA	intron (ENST00000520220.6, intron 1 of 12)	protein_coding-intron (ENST00000519728.6, intron 1 of 12)	6760	ENST00000520220.6	ENSG00000254087	ENST00000420292			LYN			protein_coding
chr16-367	chr16	2768679	2768941	+	1	NA	promoter-TSS (ENST00000574331.5)	protein_coding-promoter-TSS (ENST00000574331.5)	64	ENST00000576878.1	ENSG00000167978	ENST00000571372			SRRM2			protein_coding
chr7-108	chr7	143248932	143249194	+	1	NA	intron (ENST00000436038.5, intron 1 of 4)	protein_coding-intron (ENST00000436038.5, intron 1 of 4)	4970	ENST00000436038.5	ENSG00000197448	ENST00000494735			GSTK1			protein_coding
chr6-99	chr6	10383564	10383826	+	1	NA	Intergenic	Intergenic	-17113	ENST00000405921.2	ENSG00000216781	ENST00000405921			RPL7L1P20			processed_pseudogene
chr17-73	chr17	17237140	17237402	+	1	NA	promoter-TSS (ENST00000285071.9)	protein_coding-promoter-TSS (ENST00000285071.9)	-83	ENST00000389171.4	ENSG00000154803	ENST00000285071			FLCN			protein_coding
chr2-117	chr2	26721747	26722009	+	1	NA	intron (ENST00000302909.4, intron 1 of 1)	protein_coding-intron (ENST00000302909.4, intron 1 of 1)	29156	ENST00000302909.4	ENSG00000171303	ENST00000302909			KCNK3			protein_coding
chr13-17	chr13	21670895	21671157	+	1	NA	promoter-TSS (ENST00000382353.6)	protein_coding-promoter-TSS (ENST00000382353.6)	-47	ENST00000382353.6	ENSG00000102678	ENST00000382353			FGF9			protein_coding
chr12-118	chr12	124827756	124828018	+	1	NA	intron (ENST00000541661.5, intron 1 of 2)	protein_coding-intron (ENST00000261693.11, intron 1 of 12)	-10180	ENST00000544327.1	ENSG00000073060	ENST00000680982			SCARB1			protein_coding
chrX-23	chrX	52935133	52935395	+	1	NA	intron (ENST00000613284.1, intron 3 of 3)	protein_coding-intron (ENST00000613284.1, intron 3 of 3)	9308	ENST00000650740.1	ENSG00000286118	ENST00000650740			ENSG00000286118			lncRNA
chr19-293	chr19	35006398	35006660	+	1	NA	intron (ENST00000603669.5, intron 3 of 4)	protein_coding-intron (ENST00000317991.10, intron 1 of 19)	-3144	ENST00000599476.1	ENSG00000089351	ENST00000411896			GRAMD1A			protein_coding
chr1-119	chr1	228140076	228140338	+	1	NA	promoter-TSS (ENST00000312726.9)	protein_coding-promoter-TSS (ENST00000312726.9)	-21	ENST00000462807.5	ENSG00000143774	ENST00000484953			GUK1			protein_coding
chr8-71	chr8	126558244	126558506	+	1	NA	promoter-TSS (ENST00000652209.1)	protein_coding-promoter-TSS (ENST00000652209.1)	103	ENST00000304916.4	ENSG00000168672	ENST00000517458			LRATD2			protein_coding
chr7-99	chr7	56196348	56196610	+	1	NA	Intergenic	Intergenic	-18500	ENST00000647804.1	ENSG00000285670	ENST00000647804			ENSG00000285670			lncRNA
chr1-1834	chr1	234655598	234655860	+	1	NA	promoter-TSS (ENST00000449012.1)	lncRNA-promoter-TSS (ENST00000449012.1)	-55	ENST00000665192.1	ENSG00000228044	ENST00000449012			ENSG00000228044			lncRNA
chr7-536	chr7	130989445	130989707	+	1	NA	intron (ENST00000702866.1, intron 1 of 2)	lncRNA-intron (ENST00000423414.5, intron 1 of 3)	-47974	ENST00000702534.1	ENSG00000231721	ENST00000701173			LINC-PINT			lncRNA
chr6-428	chr6	149925958	149926220	+	1	NA	Intergenic	Intergenic	-2968	ENST00000479265.1	ENSG00000203722	ENST00000479265			RAET1G			protein_coding
chr16-187	chr16	2035796	2036058	+	1	NA	promoter-TSS (ENST00000564033.1)	protein_coding-promoter-TSS (ENST00000564033.1)	-54	ENST00000564033.1	ENSG00000065054	ENST00000565086			NHERF2			protein_coding
chr16-512	chr16	57417058	57417320	+	1	NA	Intergenic	Intergenic	3320	ENST00000616880.1	ENSG00000102970	ENST00000219244			CCL17			protein_coding
chr1-158	chr1	117434016	117434278	+	1	NA	intron (ENST00000449370.6, intron 1 of 8)	protein_coding-intron (ENST00000356554.7, intron 5 of 12)	13550	ENST00000449370.6	ENSG00000198162	ENST00000421535			MAN1A2			protein_coding
chr14-254	chr14	93206868	93207130	+	1	NA	promoter-TSS (ENST00000013070.11)	protein_coding-promoter-TSS (ENST00000013070.11)	30	ENST00000556566.1	ENSG00000170270	ENST00000306954			GON7			protein_coding
chr15-25	chr15	65365348	65365610	+	1	NA	intron (ENST00000327987.9, intron 2 of 13)	protein_coding-intron (ENST00000327987.9, intron 2 of 13)	-9107	ENST00000558354.5	ENSG00000174498	ENST00000558354			IGDCC3			protein_coding
chr9-713	chr9	33159137	33159399	+	1	NA	intron (ENST00000535206.5, intron 1 of 2)	protein_coding-intron (ENST00000379731.5, intron 1 of 5)	-7680	ENST00000654325.1	ENSG00000233554	ENST00000654325			B4GALT1-AS1			lncRNA
chr8-115	chr8	94991186	94991448	+	1	NA	intron (ENST00000697364.1, intron 3 of 10)	protein_coding-intron (ENST00000396111.6, intron 2 of 9)	-16464	ENST00000521219.2	ENSG00000253528	ENST00000521219			ENSG00000253528			processed_pseudogene
chr18-1	chr18	499500	499762	+	1	NA	intron (ENST00000582147.1, intron 1 of 8)	protein_coding-intron (ENST00000400256.5, intron 1 of 9)	1070	ENST00000400256.5	ENSG00000158270	ENST00000582147			COLEC12			protein_coding
chr17-2401	chr17	47521493	47521755	+	1	NA	Intergenic	Intergenic	-1318	ENST00000525007.5	ENSG00000141279	ENST00000534807			NPEPPS			protein_coding
chr17-266	chr17	58022644	58022906	+	1	NA	Intergenic	Intergenic	-15429	ENST00000578430.1	ENSG00000136450	ENST00000578430			SRSF1			protein_coding
chr17-411	chr17	80474629	80474891	+	1	NA	promoter-TSS (ENST00000535681.1)	protein_coding-promoter-TSS (ENST00000535681.1)	-60	ENST00000702524.1	ENSG00000290024	ENST00000702524			ENSG00000290024			lncRNA
chr6-95	chr6	139996545	139996807	+	1	NA	intron (ENST00000664620.1, intron 1 of 3)	lncRNA-intron (ENST00000456896.6, intron 1 of 3)	-5582	ENST00000666152.1	ENSG00000287820	ENST00000666152			ENSG00000287820			lncRNA
chr12-31	chr12	116495355	116495617	+	1	NA	intron (ENST00000659057.1, intron 1 of 2)	lncRNA-intron (ENST00000659057.1, intron 1 of 2)	13413	ENST00000659057.1	ENSG00000258018	ENST00000552992			LINC02457			lncRNA
chr22-7	chr22	25400861	25401123	+	1	NA	intron (ENST00000650500.2, intron 1 of 7)	lncRNA-intron (ENST00000444995.7, intron 1 of 6)	4282	ENST00000650500.2	ENSG00000100068	ENST00000650500			LRP5L			transcribed_unprocessed_pseudogene
chr16-366	chr16	2339908	2340170	+	1	NA	promoter-TSS (ENST00000469908.5)	lncRNA-promoter-TSS (ENST00000469908.5)	558	ENST00000563623.5	ENSG00000167972	ENST00000301732			ABCA3			protein_coding
chr11-246	chr11	1485980	1486242	+	1	NA	intron (ENST00000529380.1, intron 1 of 1)	protein_coding-intron (ENST00000329957.7, intron 1 of 4)	668	ENST00000329957.7	ENSG00000182208	ENST00000531976			MOB2			protein_coding
chr16-935	chr16	30558004	30558266	+	1	NA	promoter-TSS (ENST00000568333.1)	protein_coding-promoter-TSS (ENST00000568333.1)	76	ENST00000568333.1	ENSG00000169951	ENST00000568333			ZNF764			protein_coding
chr19-148	chr19	50804819	50805081	+	1	NA	promoter-TSS (ENST00000593287.5)	lncRNA-promoter-TSS (ENST00000593287.5)	-21	ENST00000641834.2	ENSG00000293495	ENST00000596554			C19orf48P			lncRNA
chr1-1398	chr1	43991464	43991726	+	1	NA	promoter-TSS (ENST00000372318.8)	protein_coding-promoter-TSS (ENST00000372318.8)	-4	ENST00000372318.8	ENSG00000159214	ENST00000460543			CCDC24			protein_coding
chr7-95	chr7	138951954	138952216	+	1	NA	intron (ENST00000440172.5, intron 1 of 19)	protein_coding-intron (ENST00000422774.2, intron 1 of 19)	29233	ENST00000440172.5	ENSG00000122778	ENST00000422774			KIAA1549			protein_coding
chr21-75	chr21	42893293	42893555	+	1	NA	intron (ENST00000460740.1, intron 1 of 1)	protein_coding-intron (ENST00000340344.4, intron 1 of 2)	103	ENST00000460740.1	ENSG00000160194	ENST00000460740			NDUFV3			protein_coding
chr9-473	chr9	95426639	95426901	+	1	NA	promoter-TSS (ENST00000433644.2)	protein_coding-promoter-TSS (ENST00000433644.2)	26	ENST00000433644.2	ENSG00000158169	ENST00000490972			FANCC			protein_coding
chr11-381	chr11	65382103	65382365	+	1	NA	promoter-TSS (ENST00000526259.5)	protein_coding-promoter-TSS (ENST00000526259.5)	139	ENST00000534028.5	ENSG00000162241	ENST00000534338			SLC25A45			protein_coding
chr8-322	chr8	98941855	98942117	+	1	NA	intron (ENST00000523960.1, intron 1 of 2)	protein_coding-intron (ENST00000519420.1, intron 1 of 1)	585	ENST00000523601.5	ENSG00000104375	ENST00000518582			STK3			protein_coding
chr20-84	chr20	48697846	48698108	+	1	NA	intron (ENST00000371941.4, intron 7 of 39)	protein_coding-intron (ENST00000371941.4, intron 7 of 39)	-5293	ENST00000620554.1	ENSG00000124126	ENST00000482556			PREX1			protein_coding
chr4-178	chr4	77158183	77158445	+	1	NA	promoter-TSS (ENST00000395640.5)	protein_coding-promoter-TSS (ENST00000395640.5)	17	ENST00000395640.5	ENSG00000138764	ENST00000509972			CCNG2			protein_coding
chr12-109	chr12	62260188	62260450	+	1	NA	promoter-TSS (ENST00000280377.10)	protein_coding-promoter-TSS (ENST00000280377.10)	-19	ENST00000353364.7	ENSG00000135655	ENST00000549415			USP15			protein_coding
chr16-194	chr16	14334895	14335157	+	1	NA	Intergenic	Intergenic	12506	ENST00000641327.1	ENSG00000262454	ENST00000641906			MIR193BHG			lncRNA
chr16-626	chr16	85480790	85481052	+	1	NA	intron (ENST00000637419.1, intron 2 of 2)	protein_coding-intron (ENST00000637419.1, intron 2 of 2)	-8892	ENST00000620845.1	ENSG00000278716	ENST00000620845			ENSG00000278716			lncRNA
chr1-404	chr1	109162369	109162631	+	1	NA	TTS (ENST00000533147.5)	protein_coding-TTS (ENST00000533147.5)	894	ENST00000533374.1	ENSG00000116299	ENST00000531664			ELAPOR1			protein_coding
chr14-42	chr14	73602210	73602472	+	1	NA	intron (ENST00000664243.1, intron 1 of 1)	lncRNA-intron (ENST00000664243.1, intron 1 of 1)	-8604	ENST00000554229.1	ENSG00000205669	ENST00000645972			ACOT6			protein_coding
chr13-68	chr13	44917864	44918126	+	1	NA	Intergenic	Intergenic	71476	ENST00000379161.5	ENSG00000083635	ENST00000379161			NUFIP1			protein_coding
chr2-255	chr2	119759322	119759584	+	1	NA	promoter-TSS (ENST00000263708.7)	protein_coding-promoter-TSS (ENST00000263708.7)	-469	ENST00000263708.7	ENSG00000088179	ENST00000488279			PTPN4			protein_coding
chr15-38	chr15	70324262	70324524	+	1	NA	intron (ENST00000558226.1, intron 1 of 1)	lncRNA-intron (ENST00000558226.1, intron 1 of 1)	2817	ENST00000558226.1	ENSG00000259503	ENST00000558226			ENSG00000259503			lncRNA
chr15-434	chr15	96354372	96354634	+	1	NA	exon (ENST00000558382.2, exon 1 of 2)	lncRNA-exon (ENST00000558382.2, exon 1 of 2)	113	ENST00000558499.2	ENSG00000259275	ENST00000668783			ENSG00000259275			lncRNA
chr14-43	chr14	77007970	77008232	+	1	NA	Intergenic	Intergenic	-7492	ENST00000647580.1	ENSG00000285966	ENST00000647580			ENSG00000285966			lncRNA
chr8-23	chr8	98046116	98046378	+	1	NA	promoter-TSS (ENST00000287038.8)	protein_coding-promoter-TSS (ENST00000287038.8)	222	ENST00000521726.1	ENSG00000156482	ENST00000522156			RPL30			protein_coding
chr17-157	chr17	19724538	19724800	+	1	NA	Intergenic	Intergenic	5610	ENST00000577087.2	ENSG00000262681	ENST00000577087			ENSG00000262681			lncRNA
chrX-71	chrX	134919116	134919378	+	1	NA	promoter-TSS (ENST00000384353.1)	snRNA-promoter-TSS (ENST00000384353.1)	-831	ENST00000384353.1	ENSG00000207081	ENST00000384353			RNU6-616P			snRNA
chr2-316	chr2	24793225	24793487	+	1	NA	promoter-TSS (ENST00000260662.2)	protein_coding-promoter-TSS (ENST00000260662.2)	35	ENST00000328379.6	ENSG00000184924	ENST00000467797			PTRHD1			protein_coding
chr3-41	chr3	157160076	157160338	+	1	NA	promoter-TSS (ENST00000295925.5)	protein_coding-promoter-TSS (ENST00000295925.5)	-29	ENST00000477127.5	ENSG00000163660	ENST00000476744			CCNL1			protein_coding
chr6-310	chr6	52918122	52918384	+	1	NA	Intergenic	Intergenic	-8555	ENST00000211122.4	ENSG00000174156	ENST00000211122			GSTA3			protein_coding
chr12-50	chr12	52972065	52972327	+	1	NA	Intergenic	Intergenic	20454	ENST00000548496.1	ENSG00000111057	ENST00000388837			KRT18			protein_coding
chr5-70	chr5	177351558	177351820	+	1	NA	promoter-TSS (ENST00000303127.12)	protein_coding-promoter-TSS (ENST00000303127.12)	-13	ENST00000694905.1	ENSG00000169223	ENST00000514458			LMAN2			protein_coding
chr14-361	chr14	100025244	100025506	+	1	NA	intron (ENST00000544450.6, intron 1 of 10)	protein_coding-intron (ENST00000402714.6, intron 1 of 13)	5799	ENST00000554460.5	ENSG00000196405	ENST00000554695			EVL			protein_coding
chr17-1472	chr17	49361307	49361569	+	1	NA	promoter-TSS (ENST00000507337.2)	lncRNA-promoter-TSS (ENST00000507337.2)	249	ENST00000510360.6	ENSG00000248714	ENST00000502823			ZNF652-AS1			lncRNA
chr12-113	chr12	113246611	113246873	+	1	NA	intron (ENST00000551099.5, intron 3 of 3)	protein_coding-intron (ENST00000335509.11, intron 2 of 27)	2239	ENST00000428632.7	ENSG00000186815	ENST00000549279			TPCN1			protein_coding
chr14-47	chr14	103628221	103628483	+	1	NA	promoter-TSS (ENST00000246489.11)	protein_coding-promoter-TSS (ENST00000246489.11)	-825	ENST00000348520.10	ENSG00000126214	ENST00000445352			KLC1			protein_coding
chr9-180	chr9	131545340	131545602	+	1	NA	promoter-TSS (ENST00000636672.2)	protein_coding-promoter-TSS (ENST00000636672.2)	-52	ENST00000636672.2	ENSG00000283526	ENST00000636672			PRRT1B			protein_coding
chr16-4	chr16	71808836	71809098	+	1	NA	promoter-TSS (ENST00000299980.9)	protein_coding-promoter-TSS (ENST00000299980.9)	15	ENST00000565009.5	ENSG00000166747	ENST00000565009			AP1G1			protein_coding
chr8-67	chr8	99893579	99893841	+	1	NA	promoter-TSS (ENST00000297564.6)	protein_coding-promoter-TSS (ENST00000297564.6)	-3	ENST00000520468.7	ENSG00000164919	ENST00000520517			COX6C			protein_coding
chr20-1317	chr20	41344624	41344886	+	1	NA	intron (ENST00000632009.1, intron 1 of 19)	protein_coding-intron (ENST00000373257.8, intron 1 of 19)	3783	ENST00000632009.1	ENSG00000132793	ENST00000496565			LPIN3			protein_coding
chr19-390	chr19	42216719	42216981	+	1	NA	exon (ENST00000336034.8, exon 2 of 5)	protein_coding-exon (ENST00000336034.8, exon 2 of 5)	819	ENST00000336034.8	ENSG00000160570	ENST00000593804			DEDD2			protein_coding
chrX-47	chrX	154762800	154763062	+	1	NA	promoter-TSS (ENST00000369550.10)	protein_coding-promoter-TSS (ENST00000369550.10)	12	ENST00000696584.1	ENSG00000130826	ENST00000696581			DKC1			protein_coding
chr15-260	chr15	53072287	53072549	+	1	NA	intron (ENST00000692805.1, intron 1 of 1)	lncRNA-intron (ENST00000692805.1, intron 1 of 1)	37248	ENST00000692805.1	ENSG00000259237	ENST00000692805			LINC02490			lncRNA
chr4-8	chr4	55545815	55546077	+	1	NA	promoter-TSS (ENST00000381322.5)	protein_coding-promoter-TSS (ENST00000381322.5)	-14	ENST00000381322.5	ENSG00000134852	ENST00000435527			CLOCK			protein_coding
chr17-2664	chr17	75485639	75485901	+	1	NA	promoter-TSS (ENST00000580441.5)	protein_coding-promoter-TSS (ENST00000580441.5)	374	ENST00000584383.1	ENSG00000177728	ENST00000581723			TMEM94			protein_coding
chr1-293	chr1	229148183	229148445	+	1	NA	intron (ENST00000666388.1, intron 2 of 2)	lncRNA-intron (ENST00000662083.1, intron 1 of 4)	35781	ENST00000662083.1	ENSG00000236975	ENST00000658958			LINC02814			lncRNA
chr1-23	chr1	114511295	114511557	+	1	NA	promoter-TSS (ENST00000358465.7)	protein_coding-promoter-TSS (ENST00000358465.7)	-223	ENST00000358465.7	ENSG00000197323	ENST00000448034			TRIM33			protein_coding
chr9-313	chr9	137173180	137173442	+	1	NA	Intergenic	Intergenic	-1255	ENST00000413619.3	ENSG00000185863	ENST00000413619			TMEM210			protein_coding
chr7-182	chr7	103149036	103149298	+	1	NA	promoter-TSS (ENST00000341533.8)	protein_coding-promoter-TSS (ENST00000341533.8)	15	ENST00000417955.5	ENSG00000161048	ENST00000414118			NAPEPLD			protein_coding
chr15-41	chr15	74817378	74817640	+	1	NA	TTS (ENST00000562810.5)	protein_coding-TTS (ENST00000562810.5)	1286	ENST00000488000.6	ENSG00000261606	ENST00000564823			ENSG00000261606			lncRNA
chr11-157	chr11	62665198	62665460	+	1	NA	promoter-TSS (ENST00000383870.1)	snoRNA-promoter-TSS (ENST00000383870.1)	-7	ENST00000594728.1	ENSG00000214756	ENST00000398922			CSKMT			protein_coding
chr10-361	chr10	21495444	21495706	+	1	NA	TTS (ENST00000410139.1)	miRNA-TTS (ENST00000410139.1)	1066	ENST00000410139.1	ENSG00000222071	ENST00000410139			MIR1915			miRNA
chr5-289	chr5	179818898	179819160	+	1	NA	promoter-TSS (ENST00000481335.5)	protein_coding-promoter-TSS (ENST00000481335.5)	62	ENST00000481335.5	ENSG00000161011	ENST00000389805			SQSTM1			protein_coding
chr11-202	chr11	85030075	85030337	+	1	NA	intron (ENST00000706226.1, intron 5 of 26)	protein_coding-intron (ENST00000376104.7, intron 6 of 27)	-8551	ENST00000525816.1	ENSG00000213305	ENST00000525816			HNRNPCP6			processed_pseudogene
chr9-57	chr9	107819749	107820011	+	1	NA	Intergenic	Intergenic	-7966	ENST00000483093.3	ENSG00000244104	ENST00000483093			RN7SL659P			misc_RNA
chr2-490	chr2	175167745	175168007	+	1	NA	promoter-TSS (ENST00000401154.1)	miRNA-promoter-TSS (ENST00000401154.1)	-28	ENST00000449168.1	ENSG00000229750	ENST00000449168			ENSG00000229750			lncRNA
chr7-207	chr7	100049686	100049948	+	1	NA	promoter-TSS (ENST00000292450.9)	protein_coding-promoter-TSS (ENST00000292450.9)	23	ENST00000438937.1	ENSG00000166529	ENST00000477297			ZSCAN21			protein_coding
chr13-2	chr13	73133570	73133832	+	1	NA	Intergenic	Intergenic	-20683	ENST00000363397.1	ENSG00000200267	ENST00000363397			RNU6-66P			snRNA
chr9-312	chr9	136996459	136996721	+	1	NA	promoter-TSS (ENST00000473911.1)	protein_coding-promoter-TSS (ENST00000473911.1)	-22	ENST00000494426.2	ENSG00000169583	ENST00000480181			CLIC3			protein_coding
chr12-219	chr12	2034901	2035163	+	1	NA	intron (ENST00000683956.1, intron 1 of 46)	protein_coding-intron (ENST00000682462.1, intron 1 of 46)	-13320	ENST00000541871.1	ENSG00000151067	ENST00000399634			CACNA1C			protein_coding
chr4-49	chr4	7978442	7978704	+	1	NA	intron (ENST00000710854.1, intron 21 of 21)	protein_coding-intron (ENST00000341937.9, intron 19 of 19)	4859	ENST00000509819.1	ENSG00000163995	ENST00000512594			ABLIM2			protein_coding
chr2-12	chr2	28359341	28359603	+	1	NA	Intergenic	Intergenic	-32976	ENST00000460736.1	ENSG00000075426	ENST00000436647			FOSL2			protein_coding
chr1-1353	chr1	22296790	22297052	+	1	NA	Intergenic	Intergenic	26410	ENST00000487348.1	ENSG00000234397	ENST00000487348			PPIAP34			processed_pseudogene
chr20-49	chr20	51160521	51160783	+	1	NA	Intergenic	Intergenic	-28985	ENST00000421328.1	ENSG00000228820	ENST00000421328			RPSAP1			processed_pseudogene
chr3-179	chr3	12371799	12372061	+	1	NA	exon (ENST00000397023.5, exon 2 of 8)	protein_coding-exon (ENST00000397023.5, exon 2 of 8)	-4882	ENST00000682494.1	ENSG00000132170	ENST00000683749			PPARG			protein_coding
chr17-782	chr17	77255480	77255742	+	1	NA	Intergenic	Intergenic	2778	ENST00000582422.1	ENSG00000263718	ENST00000701682			SEPTIN9-DT			lncRNA
chr20-1573	chr20	45993441	45993703	+	1	NA	Intergenic	Intergenic	-15336	ENST00000372330.3	ENSG00000100985	ENST00000372330			MMP9			protein_coding
chr1-67	chr1	155135700	155135962	+	1	NA	promoter-TSS (ENST00000303343.12)	protein_coding-promoter-TSS (ENST00000303343.12)	3	ENST00000490276.5	ENSG00000169241	ENST00000368401			SLC50A1			protein_coding
chr17-196	chr17	18377494	18377756	+	1	NA	promoter-TSS (ENST00000399134.5)	protein_coding-promoter-TSS (ENST00000399134.5)	-153	ENST00000399134.5	ENSG00000214860	ENST00000399134			EVPLL			protein_coding
chr17-624	chr17	12522931	12523193	+	1	NA	Intergenic	Intergenic	-26702	ENST00000660226.2	ENSG00000179136	ENST00000671006			LINC00670			lncRNA
chr12-203	chr12	67483837	67484099	+	1	NA	intron (ENST00000650195.1, intron 3 of 4)	lncRNA-intron (ENST00000650195.1, intron 3 of 4)	-35861	ENST00000538573.1	ENSG00000203585	ENST00000650195			LINC02408			lncRNA
chr10-42	chr10	43356119	43356381	+	1	NA	Intergenic	Intergenic	-5458	ENST00000650340.1	ENSG00000285712	ENST00000650340			ENSG00000285712			lncRNA
chr2-299	chr2	199955460	199955722	+	1	NA	promoter-TSS (ENST00000354611.9)	protein_coding-promoter-TSS (ENST00000354611.9)	9	ENST00000392290.6	ENSG00000162972	ENST00000295079			MAIP1			protein_coding
chr10-43	chr10	43854184	43854446	+	1	NA	intron (ENST00000649239.1, intron 2 of 6)	lncRNA-intron (ENST00000649239.1, intron 2 of 6)	-3494	ENST00000654492.1	ENSG00000226808	ENST00000664505			LINC00840			lncRNA
chr3-191	chr3	161371450	161371712	+	1	NA	promoter-TSS (ENST00000497137.1)	protein_coding-promoter-TSS (ENST00000497137.1)	-64	ENST00000620149.2	ENSG00000196542	ENST00000620149			SPTSSB			protein_coding
chr6-187	chr6	125141409	125141671	+	1	NA	intron (ENST00000534368.5, intron 1 of 3)	protein_coding-intron (ENST00000534368.5, intron 1 of 3)	-12109	ENST00000304877.17	ENSG00000111907	ENST00000527711			TPD52L1			protein_coding
chr7-321	chr7	156516205	156516467	+	1	NA	intron (ENST00000656837.1, intron 1 of 1)	lncRNA-intron (ENST00000425712.1, intron 1 of 1)	-24155	ENST00000625073.1	ENSG00000279418	ENST00000625073			LINC00244			lncRNA
chr7-203	chr7	76297336	76297598	+	1	NA	Intergenic	Intergenic	-5206	ENST00000675134.1	ENSG00000106211	ENST00000675624			HSPB1			protein_coding
chr16-351	chr16	88455001	88455263	+	1	NA	intron (ENST00000569086.5, intron 1 of 5)	protein_coding-intron (ENST00000319555.8, intron 1 of 9)	1505	ENST00000563351.5	ENSG00000179588	ENST00000319555			ZFPM1			protein_coding
chr1-1726	chr1	181485779	181486041	+	1	NA	intron (ENST00000700187.1, intron 1 of 7)	protein_coding-intron (ENST00000360108.7, intron 1 of 46)	2147	ENST00000700187.1	ENSG00000198216	ENST00000700187			CACNA1E			protein_coding
chr5-109	chr5	106241591	106241853	+	1	NA	Intergenic	Intergenic	175519	ENST00000509159.1	ENSG00000251204	ENST00000509159			ENSG00000251204			processed_pseudogene
chr21-30	chr21	41956271	41956533	+	1	NA	Intergenic	Intergenic	-2384	ENST00000380486.4	ENSG00000157617	ENST00000490479			C2CD2			protein_coding
chr4-4	chr4	142474340	142474602	+	1	NA	promoter-TSS (ENST00000507861.5)	protein_coding-promoter-TSS (ENST00000507861.5)	-29	ENST00000692370.1	ENSG00000109452	ENST00000513000			INPP4B			protein_coding
chr11-61	chr11	34640300	34640562	+	1	NA	intron (ENST00000531794.5, intron 1 of 8)	protein_coding-intron (ENST00000257831.8, intron 1 of 8)	-1746	ENST00000529161.1	ENSG00000135373	ENST00000529527			EHF			protein_coding
chr19-18	chr19	49085248	49085510	+	1	NA	promoter-TSS (ENST00000221448.9)	protein_coding-promoter-TSS (ENST00000221448.9)	-40	ENST00000601065.5	ENSG00000104852	ENST00000601411			SNRNP70			protein_coding
chr16-557	chr16	3457965	3458227	+	1	NA	promoter-TSS (ENST00000414063.6)	protein_coding-promoter-TSS (ENST00000414063.6)	-9	ENST00000648681.1	ENSG00000122390	ENST00000572131			NAA60			protein_coding
chrX-31	chrX	72572745	72573007	+	1	NA	promoter-TSS (ENST00000373554.6)	protein_coding-promoter-TSS (ENST00000373554.6)	1	ENST00000373583.6	ENSG00000147099	ENST00000373554			HDAC8			protein_coding
chr1-115	chr1	113982600	113982862	+	1	NA	TTS (ENST00000320334.5)	protein_coding-TTS (ENST00000320334.5)	2231	ENST00000633022.1	ENSG00000116774	ENST00000320334			OLFML3			protein_coding
chr19-71	chr19	39154636	39154898	+	1	NA	intron (ENST00000599470.5, intron 1 of 7)	protein_coding-intron (ENST00000321944.8, intron 1 of 9)	-1935	ENST00000599657.5	ENSG00000130669	ENST00000321944			PAK4			protein_coding
chr16-264	chr16	28924772	28925034	+	1	NA	promoter-TSS (ENST00000561501.5)	protein_coding-promoter-TSS (ENST00000561501.5)	34	ENST00000567483.5	ENSG00000177548	ENST00000570030			RABEP2			protein_coding
chr11-344	chr11	121478309	121478571	+	1	NA	intron (ENST00000532451.1, intron 3 of 14)	protein_coding-intron (ENST00000260197.12, intron 3 of 47)	-25427	ENST00000501964.1	ENSG00000246790	ENST00000501964			SORL1-AS1			lncRNA
chr15-80	chr15	52019041	52019303	+	1	NA	promoter-TSS (ENST00000261845.7)	protein_coding-promoter-TSS (ENST00000261845.7)	-37	ENST00000681888.1	ENSG00000069956	ENST00000558063			MAPK6			protein_coding
chr2-60	chr2	66433457	66433719	+	1	NA	promoter-TSS (ENST00000454167.1)	lncRNA-promoter-TSS (ENST00000454167.1)	-118	ENST00000454167.1	ENSG00000226819	ENST00000454167			MEIS1-AS3			lncRNA
chr1-181	chr1	21324594	21324856	+	1	NA	intron (ENST00000649812.1, intron 1 of 19)	protein_coding-intron (ENST00000415912.6, intron 1 of 18)	20412	ENST00000463334.2	ENSG00000117298	ENST00000528294			ECE1			protein_coding
chr3-102	chr3	189937633	189937895	+	1	NA	Intergenic	Intergenic	26357	ENST00000490940.1	ENSG00000090530	ENST00000490940			P3H2			protein_coding
chr22-102	chr22	36468035	36468297	+	1	NA	intron (ENST00000487725.1, intron 3 of 3)	protein_coding-intron (ENST00000216185.7, intron 3 of 3)	13174	ENST00000403313.5	ENSG00000100348	ENST00000411915			TXN2			protein_coding
chr16-619	chr16	84246716	84246978	+	1	NA	Intergenic	Intergenic	-6835	ENST00000308251.6	ENSG00000168418	ENST00000308251			KCNG4			protein_coding
chr20-1575	chr20	47009176	47009438	+	1	NA	intron (ENST00000611592.4, intron 4 of 14)	protein_coding-intron (ENST00000317304.10, intron 3 of 13)	7847	ENST00000458636.2	ENSG00000064655	ENST00000479843			EYA2			protein_coding
chr1-327	chr1	201895902	201896164	+	1	NA	TTS (ENST00000367288.5)	protein_coding-TTS (ENST00000367288.5)	-2067	ENST00000458139.1	ENSG00000223774	ENST00000414927			ENSG00000223774			lncRNA
chr3-512	chr3	40524671	40524933	+	1	NA	promoter-TSS (ENST00000310898.5)	protein_coding-promoter-TSS (ENST00000310898.5)	-76	ENST00000310898.5	ENSG00000172888	ENST00000403205			ZNF621			protein_coding
chr7-46	chr7	40134591	40134853	+	1	NA	promoter-TSS (ENST00000306984.8)	protein_coding-promoter-TSS (ENST00000306984.8)	-100	ENST00000306984.8	ENSG00000168303	ENST00000306984			MPLKIP			protein_coding
chr15-553	chr15	82647646	82647908	+	1	NA	promoter-TSS (ENST00000560650.1)	lncRNA-promoter-TSS (ENST00000560650.1)	7	ENST00000560650.1	ENSG00000259462	ENST00000618020			CPEB1-AS1			lncRNA
chr19-99	chr19	617379	617641	+	1	NA	TTS (ENST00000251287.3)	protein_coding-TTS (ENST00000251287.3)	487	ENST00000592633.5	ENSG00000099821	ENST00000592863			POLRMT			protein_coding
chr3-1480	chr3	119677115	119677377	+	1	NA	promoter-TSS (ENST00000484810.5)	protein_coding-promoter-TSS (ENST00000484810.5)	48	ENST00000486606.5	ENSG00000138495	ENST00000490145			COX17			protein_coding
chr1-322	chr1	181104978	181105240	+	1	NA	Intergenic	Intergenic	16409	ENST00000367577.7	ENSG00000162783	ENST00000367577			IER5			protein_coding
chr3-1654	chr3	43690003	43690265	+	1	NA	promoter-TSS (ENST00000013894.3)	protein_coding-promoter-TSS (ENST00000013894.3)	21	ENST00000456453.5	ENSG00000011198	ENST00000646378			ABHD5			protein_coding
chr12-324	chr12	102824556	102824818	+	1	NA	promoter-TSS (ENST00000547179.1)	lncRNA-promoter-TSS (ENST00000547179.1)	-288	ENST00000547179.1	ENSG00000258169	ENST00000547179			LINC00485			lncRNA
chr6-86	chr6	10230636	10230898	+	1	NA	Intergenic	Intergenic	8731	ENST00000408656.1	ENSG00000221583	ENST00000408656			RNU6ATAC21P			snRNA
chr16-281	chr16	4351198	4351460	+	1	NA	promoter-TSS (ENST00000318059.8)	protein_coding-promoter-TSS (ENST00000318059.8)	-8	ENST00000318059.8	ENSG00000217930	ENST00000571941			PAM16			protein_coding
chr12-48	chr12	52069589	52069851	+	1	NA	promoter-TSS (ENST00000336854.9)	protein_coding-promoter-TSS (ENST00000336854.9)	-256	ENST00000552544.5	ENSG00000123395	ENST00000550604			ATG101			protein_coding
chr20-2061	chr20	63102153	63102415	+	1	NA	promoter-TSS (ENST00000433161.1)	lncRNA-promoter-TSS (ENST00000433161.1)	-20	ENST00000651299.1	ENSG00000231133	ENST00000608031			HAR1B			lncRNA
chr10-325	chr10	97714040	97714302	+	1	NA	promoter-TSS (ENST00000421644.2)	protein_coding-promoter-TSS (ENST00000421644.2)	441	ENST00000285605.8	ENSG00000155254	ENST00000434038			MARVELD1			protein_coding
chr5-30	chr5	179023558	179023820	+	1	NA	promoter-TSS (ENST00000444149.7)	protein_coding-promoter-TSS (ENST00000444149.7)	-115	ENST00000519896.5	ENSG00000234284	ENST00000522442			ZNF879			protein_coding
chr1-201	chr1	20187199	20187461	+	1	NA	promoter-TSS (ENST00000442226.1)	protein_coding-promoter-TSS (ENST00000442226.1)	-812	ENST00000679259.1	ENSG00000187980	ENST00000679259			PLA2G2C			protein_coding
chr16-346	chr16	77603938	77604200	+	1	NA	intron (ENST00000563289.1, intron 2 of 2)	lncRNA-intron (ENST00000563289.1, intron 2 of 2)	13263	ENST00000563289.1	ENSG00000261154	ENST00000563289			LINC02131			lncRNA
chr16-420	chr16	4640181	4640443	+	1	NA	exon (ENST00000569678.1, exon 1 of 2)	lncRNA-exon (ENST00000569678.1, exon 1 of 2)	311	ENST00000569678.1	ENSG00000261442	ENST00000569678			ENSG00000261442			lncRNA
chr1-460	chr1	37479722	37479984	+	1	NA	promoter-TSS (ENST00000472312.1)	protein_coding-promoter-TSS (ENST00000472312.1)	-146	ENST00000472312.1	ENSG00000163874	ENST00000472312			ZC3H12A			protein_coding
chr9-116	chr9	70419554	70419816	+	1	NA	TTS (ENST00000692582.2)	lncRNA-TTS (ENST00000692582.2)	1230	ENST00000692582.2	ENSG00000289159	ENST00000692582			ENSG00000289159			lncRNA
chr3-427	chr3	13539346	13539608	+	1	NA	Intergenic	Intergenic	-9648	ENST00000404922.8	ENSG00000163520	ENST00000421373			FBLN2			protein_coding
chr12-74	chr12	101608391	101608653	+	1	NA	intron (ENST00000551300.5, intron 2 of 31)	protein_coding-intron (ENST00000361466.7, intron 1 of 31)	-8657	ENST00000552198.5	ENSG00000196091	ENST00000545503			MYBPC1			protein_coding
chr4-6	chr4	169010038	169010300	+	1	NA	promoter-TSS (ENST00000306193.8)	protein_coding-promoter-TSS (ENST00000306193.8)	81	ENST00000506808.1	ENSG00000145439	ENST00000504561			CBR4			protein_coding
chr19-280	chr19	14207310	14207572	+	1	NA	Intergenic	Intergenic	-1254	ENST00000340736.10	ENSG00000072071	ENST00000340736			ADGRL1			protein_coding
chr20-1565	chr20	31572759	31573021	+	1	NA	exon (ENST00000412178.1, exon 2 of 3)	lncRNA-exon (ENST00000412178.1, exon 2 of 3)	373	ENST00000412178.1	ENSG00000230613	ENST00000412178			HM13-AS1			lncRNA
chr1-1358	chr1	24319293	24319555	+	1	NA	promoter-TSS (ENST00000350501.9)	protein_coding-promoter-TSS (ENST00000350501.9)	-1	ENST00000350501.9	ENSG00000158055	ENST00000350501			GRHL3			protein_coding
chr8-90	chr8	109539978	109540240	+	1	NA	promoter-TSS (ENST00000337573.10)	protein_coding-promoter-TSS (ENST00000337573.10)	34	ENST00000614147.1	ENSG00000147654	ENST00000395785			EBAG9			protein_coding
chr2-1095	chr2	187774596	187774858	+	1	NA	intron (ENST00000434418.2, intron 3 of 3)	lncRNA-intron (ENST00000434418.2, intron 3 of 3)	-50614	ENST00000438916.1	ENSG00000235616	ENST00000438916			ST13P2			processed_pseudogene
chr19-36	chr19	48752740	48753002	+	1	NA	promoter-TSS (ENST00000645652.2)	protein_coding-promoter-TSS (ENST00000645652.2)	-230	ENST00000645652.2	ENSG00000174951	ENST00000645652			FUT1			protein_coding
chr3-130	chr3	149129564	149129826	+	1	NA	promoter-TSS (ENST00000296051.7)	protein_coding-promoter-TSS (ENST00000296051.7)	4	ENST00000486530.1	ENSG00000163755	ENST00000296051			HPS3			protein_coding
chr2-380	chr2	70258182	70258444	+	1	NA	promoter-TSS (ENST00000451279.1)	protein_coding-promoter-TSS (ENST00000451279.1)	-106	ENST00000451279.1	ENSG00000116005	ENST00000264441			PCYOX1			protein_coding
chr3-24	chr3	49133570	49133832	+	1	NA	promoter-TSS (ENST00000305544.9)	protein_coding-promoter-TSS (ENST00000305544.9)	-583	ENST00000418109.5	ENSG00000172037	ENST00000477225			LAMB2			protein_coding
chr17-714	chr17	59756247	59756509	+	1	NA	intron (ENST00000589823.7, intron 5 of 11)	protein_coding-intron (ENST00000262291.9, intron 5 of 11)	21040	ENST00000592619.5	ENSG00000062716	ENST00000591877			VMP1			protein_coding
chr15-29	chr15	74374278	74374540	+	1	NA	promoter-TSS (ENST00000611178.1)	lncRNA-promoter-TSS (ENST00000611178.1)	-269	ENST00000611178.1	ENSG00000274937	ENST00000611178			ENSG00000274937			lncRNA
chr11-73	chr11	65546494	65546756	+	1	NA	promoter-TSS (ENST00000525443.1)	protein_coding-promoter-TSS (ENST00000525443.1)	134	ENST00000529189.5	ENSG00000168056	ENST00000685178			LTBP3			protein_coding
chr12-300	chr12	22544502	22544764	+	1	NA	promoter-TSS (ENST00000333957.8)	protein_coding-promoter-TSS (ENST00000333957.8)	-43	ENST00000658064.1	ENSG00000250166	ENST00000670175			C2CD5-AS1			lncRNA
chr1-71	chr1	151994071	151994333	+	1	NA	promoter-TSS (ENST00000368811.8)	protein_coding-promoter-TSS (ENST00000368811.8)	-329	ENST00000432386.1	ENSG00000229021	ENST00000432386			ENSG00000229021			lncRNA
chr8-119	chr8	143739170	143739432	+	1	NA	promoter-TSS (ENST00000534398.1)	protein_coding-promoter-TSS (ENST00000534398.1)	-95	ENST00000534398.1	ENSG00000203499	ENST00000533004			IQANK1			protein_coding
chr12-121	chr12	52215738	52216000	+	1	NA	intron (ENST00000669936.1, intron 3 of 3)	lncRNA-intron (ENST00000669936.1, intron 3 of 3)	-2286	ENST00000639627.1	ENSG00000257137	ENST00000665543			LINC02874			lncRNA
chr12-208	chr12	101727261	101727523	+	1	NA	TTS (ENST00000549872.5)	protein_coding-TTS (ENST00000549872.5)	1069	ENST00000546873.1	ENSG00000111666	ENST00000229266			CHPT1			protein_coding
chr19-59	chr19	48330115	48330377	+	1	NA	TTS (ENST00000599704.5)	protein_coding-TTS (ENST00000599704.5)	976	ENST00000597057.1	ENSG00000142227	ENST00000599255			EMP3			protein_coding
chr11-554	chr11	63868844	63869106	+	1	NA	promoter-TSS (ENST00000540169.5)	protein_coding-promoter-TSS (ENST00000540169.5)	-301	ENST00000540169.5	ENSG00000072518	ENST00000361128			MARK2			protein_coding
chr4-277	chr4	6993313	6993575	+	1	NA	promoter-TSS (ENST00000467966.1)	protein_coding-promoter-TSS (ENST00000467966.1)	-765	ENST00000467966.1	ENSG00000132405	ENST00000467966			TBC1D14			protein_coding
chr1-87	chr1	16143595	16143857	+	1	NA	intron (ENST00000358432.8, intron 3 of 16)	protein_coding-intron (ENST00000358432.8, intron 3 of 16)	2724	ENST00000480202.1	ENSG00000142627	ENST00000461614			EPHA2			protein_coding
chr1-269	chr1	116494381	116494643	+	1	NA	exon (ENST00000456414.2, exon 2 of 2)	lncRNA-exon (ENST00000456414.2, exon 2 of 2)	1162	ENST00000660250.1	ENSG00000286276	ENST00000660250			ENSG00000286276			lncRNA
chr2-80	chr2	218444529	218444791	+	1	NA	intron (ENST00000392114.6, intron 14 of 14)	protein_coding-intron (ENST00000248444.10, intron 19 of 19)	12145	ENST00000419986.1	ENSG00000127831	ENST00000454069			VIL1			protein_coding
chr19-62	chr19	55259072	55259334	+	1	NA	promoter-TSS (ENST00000412770.7)	protein_coding-promoter-TSS (ENST00000412770.7)	-186	ENST00000412770.7	ENSG00000105063	ENST00000591323			PPP6R1			protein_coding
chr17-473	chr17	50935392	50935654	+	1	NA	exon (ENST00000501718.2, exon 2 of 2)	lncRNA-exon (ENST00000501718.2, exon 2 of 2)	-8581	ENST00000506394.1	ENSG00000251665	ENST00000506394			ENSG00000251665			lncRNA
chr18-22	chr18	2191417	2191679	+	1	NA	intron (ENST00000579097.1, intron 1 of 3)	lncRNA-intron (ENST00000579097.1, intron 1 of 3)	48332	ENST00000579097.1	ENSG00000263745	ENST00000639316			ENSG00000263745			lncRNA
chr1-253	chr1	22412684	22412946	+	1	NA	Intergenic	Intergenic	-16023	ENST00000650433.1	ENSG00000184677	ENST00000404138			ZBTB40			protein_coding
chr12-165	chr12	7439822	7440084	+	1	NA	promoter-TSS (ENST00000538078.1)	processed_pseudogene-promoter-TSS (ENST00000538078.1)	37	ENST00000538078.1	ENSG00000255836	ENST00000538078			ENSG00000255836			processed_pseudogene
chr9-72	chr9	127417206	127417468	+	1	NA	Intergenic	Intergenic	-7037	ENST00000617266.2	ENSG00000196152	ENST00000342483			ZNF79			protein_coding
chr6-14	chr6	32459872	32460134	+	1	NA	exon (ENST00000449413.1, exon 2 of 2)	unprocessed_pseudogene-exon (ENST00000449413.1, exon 2 of 2)	13497	ENST00000449413.1	ENSG00000196301	ENST00000449413			HLA-DRB9			unprocessed_pseudogene
chr7-14	chr7	74993962	74994224	+	1	NA	intron (ENST00000616305.2, intron 1 of 8)	protein_coding-intron (ENST00000616305.2, intron 1 of 8)	-13795	ENST00000622472.1	ENSG00000274070	ENST00000616305			CASTOR2			protein_coding
chr19-63	chr19	5287468	5287730	+	1	NA	intron (ENST00000588552.5, intron 1 of 30)	protein_coding-intron (ENST00000262963.11, intron 1 of 37)	-1211	ENST00000590509.5	ENSG00000105426	ENST00000592099			PTPRS			protein_coding
chr12-463	chr12	119171271	119171533	+	1	NA	promoter-TSS (ENST00000676008.1)	protein_coding-promoter-TSS (ENST00000676008.1)	-153	ENST00000676008.1	ENSG00000152137	ENST00000674542			HSPB8			protein_coding
chr4-189	chr4	121823829	121824091	+	1	NA	promoter-TSS (ENST00000274026.10)	protein_coding-promoter-TSS (ENST00000274026.10)	-77	ENST00000274026.10	ENSG00000145386	ENST00000274026			CCNA2			protein_coding
chr8-31	chr8	85840921	85841183	+	1	NA	intron (ENST00000701641.1, intron 1 of 1)	lncRNA-intron (ENST00000517368.3, intron 1 of 3)	1347	ENST00000701641.1	ENSG00000253154	ENST00000690821			ENSG00000253154			lncRNA
chr7-439	chr7	106071445	106071707	+	1	NA	Intergenic	Intergenic	21676	ENST00000460770.1	ENSG00000008282	ENST00000706299			SYPL1			protein_coding
chr3-151	chr3	9397164	9397426	+	1	NA	promoter-TSS (ENST00000402198.7)	protein_coding-promoter-TSS (ENST00000402198.7)	133	ENST00000521609.5	ENSG00000206573	ENST00000467069			THUMPD3-AS1			lncRNA
chr12-510	chr12	49967557	49967819	+	1	NA	intron (ENST00000551733.5, intron 1 of 5)	protein_coding-intron (ENST00000489786.5, intron 1 of 6)	449	ENST00000551733.5	ENSG00000086159	ENST00000551733			AQP6			protein_coding
chr21-108	chr21	39523953	39524215	+	1	NA	Intergenic	Intergenic	-1499	ENST00000411867.1	ENSG00000235012	ENST00000411867			JCADP1			processed_pseudogene
chr19-163	chr19	39540036	39540298	+	1	NA	promoter-TSS (ENST00000390658.4)	protein_coding-promoter-TSS (ENST00000390658.4)	-6	ENST00000390658.4	ENSG00000176396	ENST00000390658			EID2			protein_coding
chr7-66	chr7	149239458	149239720	+	1	NA	promoter-TSS (ENST00000335870.7)	protein_coding-promoter-TSS (ENST00000335870.7)	-62	ENST00000335870.7	ENSG00000170260	ENST00000335870			ZNF212			protein_coding
chr1-257	chr1	42463006	42463268	+	1	NA	promoter-TSS (ENST00000468651.2)	protein_coding-promoter-TSS (ENST00000468651.2)	-84	ENST00000654683.1	ENSG00000186409	ENST00000471390			CCDC30			protein_coding
chr10-8	chr10	22683307	22683569	+	1	NA	intron (ENST00000605011.1, intron 1 of 4)	protein_coding-intron (ENST00000376573.9, intron 1 of 9)	8392	ENST00000605011.1	ENSG00000150867	ENST00000474335			PIP4K2A			protein_coding
chr15-14	chr15	52568971	52569233	+	1	NA	promoter-TSS (ENST00000249822.9)	protein_coding-promoter-TSS (ENST00000249822.9)	52	ENST00000569723.5	ENSG00000128989	ENST00000568196			ARPP19			protein_coding
chr1-126	chr1	169368010	169368272	+	1	NA	promoter-TSS (ENST00000367808.8)	protein_coding-promoter-TSS (ENST00000367808.8)	-54	ENST00000367808.8	ENSG00000117475	ENST00000426663			BLZF1			protein_coding
chr5-161	chr5	176388725	176388987	+	1	NA	promoter-TSS (ENST00000502577.1)	protein_coding-promoter-TSS (ENST00000502577.1)	71	ENST00000618911.4	ENSG00000048162	ENST00000502577			NOP16			protein_coding
chr6-66	chr6	29752617	29752879	+	1	NA	promoter-TSS (ENST00000606834.1)	lncRNA-promoter-TSS (ENST00000606834.1)	175	ENST00000648999.1	ENSG00000285761	ENST00000648999			ENSG00000285761			lncRNA
chr8-124	chr8	104589222	104589484	+	1	NA	promoter-TSS (ENST00000276654.10)	protein_coding-promoter-TSS (ENST00000276654.10)	-95	ENST00000276654.10	ENSG00000147650	ENST00000522046			LRP12			protein_coding
chr2-40	chr2	128306334	128306596	+	1	NA	intron (ENST00000494089.1, intron 1 of 1)	protein_coding-intron (ENST00000259241.7, intron 1 of 1)	11931	ENST00000469019.1	ENSG00000136720	ENST00000463963			HS6ST1			protein_coding
chr15-36	chr15	33068755	33069017	+	1	NA	promoter-TSS (ENST00000558197.1)	protein_coding-promoter-TSS (ENST00000558197.1)	-724	ENST00000558197.1	ENSG00000248905	ENST00000334528			FMN1			protein_coding
chr13-66	chr13	42049217	42049479	+	1	NA	intron (ENST00000379274.6, intron 2 of 29)	protein_coding-intron (ENST00000261491.9, intron 1 of 28)	526	ENST00000611224.1	ENSG00000102780	ENST00000628433			DGKH			protein_coding
chr2-166	chr2	27050633	27050895	+	1	NA	promoter-TSS (ENST00000323064.12)	protein_coding-promoter-TSS (ENST00000323064.12)	-244	ENST00000453161.5	ENSG00000084693	ENST00000441931			AGBL5			protein_coding
chr6-307	chr6	44681876	44682138	+	1	NA	Intergenic	Intergenic	-45914	ENST00000671451.1	ENSG00000286417	ENST00000671451			ENSG00000286417			lncRNA
chr1-683	chr1	108817183	108817445	+	1	NA	exon (ENST00000466413.1, exon 1 of 2)	protein_coding-exon (ENST00000466413.1, exon 1 of 2)	140	ENST00000466413.1	ENSG00000162641	ENST00000477908			AKNAD1			protein_coding
chr20-1566	chr20	32665451	32665713	+	1	NA	intron (ENST00000642630.1, intron 8 of 11)	protein_coding-intron (ENST00000642630.1, intron 8 of 11)	-8220	ENST00000360785.6	ENSG00000198547	ENST00000608990			C20orf203			protein_coding
chr14-478	chr14	103854123	103854385	+	1	NA	TTS (ENST00000555967.1)	lncRNA-TTS (ENST00000555967.1)	6533	ENST00000556586.1	ENSG00000258735	ENST00000556586			PPP1R13B-DT			lncRNA
chr18-69	chr18	48946255	48946517	+	1	NA	intron (ENST00000591805.5, intron 2 of 3)	protein_coding-intron (ENST00000262158.8, intron 2 of 3)	2119	ENST00000586093.1	ENSG00000101665	ENST00000587336			SMAD7			protein_coding
chr15-59	chr15	90930097	90930359	+	1	NA	promoter-TSS (ENST00000394275.7)	protein_coding-promoter-TSS (ENST00000394275.7)	10	ENST00000556319.1	ENSG00000140553	ENST00000418476			UNC45A			protein_coding
chr11-397	chr11	72793734	72793996	+	1	NA	promoter-TSS (ENST00000359373.9)	protein_coding-promoter-TSS (ENST00000359373.9)	182	ENST00000334805.11	ENSG00000214530	ENST00000543304			STARD10			protein_coding
chr11-335	chr11	73308402	73308664	+	1	NA	exon (ENST00000263674.4, exon 1 of 21)	protein_coding-exon (ENST00000263674.4, exon 1 of 21)	257	ENST00000263674.4	ENSG00000110237	ENST00000543530			ARHGEF17			protein_coding
chr2-214	chr2	73234098	73234360	+	1	NA	promoter-TSS (ENST00000258083.3)	protein_coding-promoter-TSS (ENST00000258083.3)	-7	ENST00000539919.5	ENSG00000135624	ENST00000399032			CCT7			protein_coding
chr1-393	chr1	19251512	19251774	+	1	NA	promoter-TSS (ENST00000330263.5)	protein_coding-promoter-TSS (ENST00000330263.5)	-91	ENST00000690451.1	ENSG00000127463	ENST00000467423			EMC1			protein_coding
chr1-33	chr1	12478246	12478508	+	1	NA	promoter-TSS (ENST00000645148.1)	protein_coding-promoter-TSS (ENST00000645148.1)	-172	ENST00000645148.1	ENSG00000048707	ENST00000543710			VPS13D			protein_coding
chr17-618	chr17	83189672	83189934	+	1	NA	intron (ENST00000652318.1, intron 2 of 3)	lncRNA-intron (ENST00000651869.1, intron 2 of 3)	-9849	ENST00000691786.1	ENSG00000262898	ENST00000572343			ENSG00000262898			lncRNA
chr16-191	chr16	3642685	3642947	+	1	NA	promoter-TSS (ENST00000407479.5)	protein_coding-promoter-TSS (ENST00000407479.5)	-64	ENST00000576050.5	ENSG00000213918	ENST00000576050			DNASE1			protein_coding
chr13-133	chr13	40771070	40771332	+	1	NA	promoter-TSS (ENST00000323563.8)	protein_coding-promoter-TSS (ENST00000323563.8)	-11	ENST00000323563.8	ENSG00000102738	ENST00000498078			MRPS31			protein_coding
chr7-302	chr7	100582269	100582531	+	1	NA	promoter-TSS (ENST00000470184.1)	protein_coding-promoter-TSS (ENST00000470184.1)	53	ENST00000470184.1	ENSG00000077454	ENST00000470184			LRCH4			protein_coding
chr2-399	chr2	152718174	152718436	+	1	NA	promoter-TSS (ENST00000326446.10)	protein_coding-promoter-TSS (ENST00000326446.10)	-19	ENST00000691523.1	ENSG00000177917	ENST00000495469			ARL6IP6			protein_coding
chr15-199	chr15	51569115	51569377	+	1	NA	intron (ENST00000560891.6, intron 2 of 43)	protein_coding-intron (ENST00000251076.9, intron 2 of 42)	34455	ENST00000560421.5	ENSG00000104093	ENST00000559769			DMXL2			protein_coding
chr20-1860	chr20	58855862	58856124	+	1	NA	TTS (ENST00000306120.4)	protein_coding-TTS (ENST00000306120.4)	2727	ENST00000349036.9	ENSG00000087460	ENST00000494081			GNAS			protein_coding
chr7-160	chr7	157289704	157289966	+	1	NA	Intergenic	Intergenic	-7149	ENST00000442017.1	ENSG00000229660	ENST00000442017			ENSG00000229660			lncRNA
chr7-17	chr7	139672007	139672269	+	1	NA	intron (ENST00000428878.6, intron 2 of 14)	protein_coding-intron (ENST00000342645.7, intron 1 of 10)	44875	ENST00000342645.7	ENSG00000064393	ENST00000342645			HIPK2			protein_coding
chr17-356	chr17	50055958	50056220	+	1	NA	promoter-TSS (ENST00000007722.11)	protein_coding-promoter-TSS (ENST00000007722.11)	21	ENST00000505306.5	ENSG00000005884	ENST00000506401			ITGA3			protein_coding
chr6-160	chr6	44237988	44238250	+	1	NA	Intergenic	Intergenic	6063	ENST00000646878.1	ENSG00000112759	ENST00000371755			SLC29A1			protein_coding
chr8-365	chr8	70402176	70402438	+	1	NA	promoter-TSS (ENST00000518287.6)	protein_coding-promoter-TSS (ENST00000518287.6)	-228	ENST00000518287.6	ENSG00000140396	ENST00000518363			NCOA2			protein_coding
chr5-18	chr5	17305987	17306249	+	1	NA	promoter-TSS (ENST00000505520.1)	processed_pseudogene-promoter-TSS (ENST00000505520.1)	-263	ENST00000505520.1	ENSG00000185296	ENST00000505520			ENSG00000185296			processed_pseudogene
chr11-43	chr11	66958278	66958540	+	1	NA	promoter-TSS (ENST00000393958.7)	protein_coding-promoter-TSS (ENST00000393958.7)	-23	ENST00000651854.1	ENSG00000173599	ENST00000528403			PC			protein_coding
chr16-167	chr16	85422324	85422586	+	1	NA	intron (ENST00000637419.1, intron 2 of 2)	protein_coding-intron (ENST00000637419.1, intron 2 of 2)	64992	ENST00000568080.1	ENSG00000131149	ENST00000253458			GSE1			protein_coding
chr10-61	chr10	94299554	94299816	+	1	NA	intron (ENST00000692396.1, intron 24 of 32)	protein_coding-intron (ENST00000371375.2, intron 23 of 30)	6631	ENST00000686807.1	ENSG00000138193	ENST00000371375			PLCE1			protein_coding
chr20-30	chr20	56735306	56735568	+	1	NA	Intergenic	Intergenic	5040	ENST00000458293.2	ENSG00000231604	ENST00000458293			ENSG00000231604			lncRNA
chr2-820	chr2	177354643	177354905	+	1	NA	intron (ENST00000699508.1, intron 1 of 1)	lncRNA-intron (ENST00000397057.6, intron 1 of 8)	1975	ENST00000699350.1	ENSG00000116044	ENST00000699327			NFE2L2			protein_coding
chr3-27	chr3	194158990	194159252	+	1	NA	Intergenic	Intergenic	13447	ENST00000487718.3	ENSG00000242201	ENST00000487718			RN7SL215P			misc_RNA
chr8-73	chr8	143943202	143943464	+	1	NA	promoter-TSS (ENST00000357649.6)	protein_coding-promoter-TSS (ENST00000357649.6)	625	ENST00000354589.7	ENSG00000178209	ENST00000345136			PLEC			protein_coding
chr1-84	chr1	43974691	43974953	+	1	NA	promoter-TSS (ENST00000236067.8)	protein_coding-promoter-TSS (ENST00000236067.8)	-1	ENST00000647729.1	ENSG00000285649	ENST00000647729			ENSG00000285649			lncRNA
chr9-195	chr9	98255504	98255766	+	1	NA	promoter-TSS (ENST00000342112.9)	protein_coding-promoter-TSS (ENST00000342112.9)	-2	ENST00000375066.6	ENSG00000095383	ENST00000375063			TBC1D2			protein_coding
chr3-121	chr3	184135202	184135464	+	1	NA	promoter-TSS (ENST00000432569.2)	protein_coding-promoter-TSS (ENST00000432569.2)	-4	ENST00000649814.1	ENSG00000145191	ENST00000471832			EIF2B5			protein_coding
chr2-1	chr2	11498599	11498861	+	1	NA	intron (ENST00000628795.2, intron 1 of 2)	protein_coding-intron (ENST00000628795.2, intron 1 of 2)	16389	ENST00000628795.2	ENSG00000196208	ENST00000263834			GREB1			protein_coding
chr14-112	chr14	50312322	50312584	+	1	NA	promoter-TSS (ENST00000261699.8)	protein_coding-promoter-TSS (ENST00000261699.8)	124	ENST00000554204.7	ENSG00000125375	ENST00000426751			DMAC2L			protein_coding
chr2-137	chr2	237496478	237496740	+	1	NA	intron (ENST00000469619.5, intron 2 of 3)	protein_coding-intron (ENST00000264605.8, intron 2 of 15)	9333	ENST00000409373.5	ENSG00000115648	ENST00000409373			MLPH			protein_coding
chr11-42	chr11	73227897	73228159	+	1	NA	exon (ENST00000311131.6, exon 2 of 3)	protein_coding-exon (ENST00000311131.6, exon 2 of 3)	9571	ENST00000393596.2	ENSG00000175591	ENST00000311131			P2RY2			protein_coding
chr6-391	chr6	40396606	40396868	+	1	NA	intron (ENST00000700335.1, intron 3 of 3)	protein_coding-intron (ENST00000338305.7, intron 2 of 2)	-9543	ENST00000373171.3	ENSG00000226070	ENST00000700327			LINC00951			lncRNA
chr15-62	chr15	65057223	65057485	+	1	NA	intron (ENST00000434605.2, intron 4 of 4)	protein_coding-intron (ENST00000220062.9, intron 4 of 4)	-7552	ENST00000612943.1	ENSG00000277351	ENST00000612943			ENSG00000277351			lncRNA
chr18-53	chr18	9136845	9137107	+	1	NA	promoter-TSS (ENST00000400020.7)	protein_coding-promoter-TSS (ENST00000400020.7)	137	ENST00000581635.5	ENSG00000101745	ENST00000581635			ANKRD12			protein_coding
chr13-32	chr13	114065284	114065546	+	1	NA	intron (ENST00000334062.8, intron 2 of 23)	protein_coding-intron (ENST00000334062.8, intron 2 of 23)	-29222	ENST00000542651.2	ENSG00000185989	ENST00000334062			RASA3			protein_coding
chr11-47	chr11	61697161	61697423	+	1	NA	intron (ENST00000540717.1, intron 1 of 19)	protein_coding-intron (ENST00000257215.10, intron 1 of 19)	16825	ENST00000540717.1	ENSG00000134780	ENST00000257215			DAGLA			protein_coding
chr14-196	chr14	91325918	91326180	+	1	NA	exon (ENST00000389857.11, exon 11 of 30)	protein_coding-exon (ENST00000389857.11, exon 11 of 30)	-10179	ENST00000557507.1	ENSG00000015133	ENST00000553437			CCDC88C			protein_coding
chr2-132	chr2	96638265	96638527	+	1	NA	promoter-TSS (ENST00000354204.10)	protein_coding-promoter-TSS (ENST00000354204.10)	-18	ENST00000444759.5	ENSG00000114982	ENST00000452268			KANSL3			protein_coding
chr1-223	chr1	243255032	243255294	+	1	NA	promoter-TSS (ENST00000366541.8)	protein_coding-promoter-TSS (ENST00000366541.8)	53	ENST00000523581.1	ENSG00000143702	ENST00000366542			CEP170			protein_coding
chr9-75	chr9	5844884	5845146	+	1	NA	intron (ENST00000690753.1, intron 6 of 6)	protein_coding-intron (ENST00000690753.1, intron 6 of 6)	11411	ENST00000419465.1	ENSG00000223621	ENST00000419465			AK4P4			processed_pseudogene
chr15-249	chr15	100713616	100713878	+	1	NA	Intergenic	Intergenic	-2502	ENST00000559755.1	ENSG00000259579	ENST00000559755			ENSG00000259579			lncRNA
chr5-20	chr5	172772388	172772650	+	1	NA	promoter-TSS (ENST00000692849.1)	lncRNA-promoter-TSS (ENST00000692849.1)	-13	ENST00000692849.1	ENSG00000289170	ENST00000692849			ENSG00000289170			lncRNA
chr1-44	chr1	229508265	229508527	+	1	NA	promoter-TSS (ENST00000261396.6)	protein_coding-promoter-TSS (ENST00000261396.6)	27	ENST00000417605.2	ENSG00000223635	ENST00000417605			NUP133-DT			lncRNA
chr4-190	chr4	134132028	134132290	+	1	NA	intron (ENST00000658435.1, intron 2 of 3)	lncRNA-intron (ENST00000654404.1, intron 6 of 7)	69630	ENST00000421491.4	ENSG00000254535	ENST00000421491			PABPC4L			protein_coding
chrX-58	chrX	70220403	70220665	+	1	NA	Intergenic	Intergenic	1780	ENST00000477181.3	ENSG00000242657	ENST00000477181			RN7SL581P			misc_RNA
chr17-2095	chr17	31655032	31655294	+	1	NA	Intergenic	Intergenic	-54405	ENST00000578645.1	ENSG00000266448	ENST00000578645			ENSG00000266448			processed_pseudogene
chr7-379	chr7	138195381	138195643	+	1	NA	Intergenic	Intergenic	-7383	ENST00000364595.1	ENSG00000201465	ENST00000364595			ENSG00000201465			snoRNA
chr12-44	chr12	48781079	48781341	+	1	NA	intron (ENST00000550422.5, intron 2 of 20)	protein_coding-intron (ENST00000307885.4, intron 1 of 20)	-2786	ENST00000548820.1	ENSG00000174233	ENST00000548820			ADCY6			protein_coding
chr1-222	chr1	220046565	220046827	+	1	NA	promoter-TSS (ENST00000366923.8)	protein_coding-promoter-TSS (ENST00000366923.8)	-166	ENST00000477030.2	ENSG00000136628	ENST00000485821			EPRS1			protein_coding
chr2-133	chr2	100322304	100322566	+	1	NA	promoter-TSS (ENST00000393437.8)	protein_coding-promoter-TSS (ENST00000393437.8)	66	ENST00000393437.8	ENSG00000170500	ENST00000393437			LONRF2			protein_coding
chr13-9	chr13	24512428	24512690	+	1	NA	intron (ENST00000381989.4, intron 1 of 33)	protein_coding-intron (ENST00000381989.4, intron 1 of 33)	219	ENST00000381989.4	ENSG00000102699	ENST00000484989			PARP4			protein_coding
chr13-33	chr13	22915682	22915944	+	1	NA	promoter-TSS (ENST00000663150.1)	lncRNA-promoter-TSS (ENST00000663150.1)	-38	ENST00000668623.1	ENSG00000262619	ENST00000668623			LINC00621			lncRNA
chr2-19	chr2	30217955	30218217	+	1	NA	Intergenic	Intergenic	8091	ENST00000435671.1	ENSG00000231712	ENST00000435671			H3P5			processed_pseudogene
chr15-63	chr15	89756923	89757185	+	1	NA	Intergenic	Intergenic	-3537	ENST00000560219.2	ENSG00000188095	ENST00000560219			MESP2			protein_coding
chr9-134	chr9	105244264	105244526	+	1	NA	promoter-TSS (ENST00000374720.8)	protein_coding-promoter-TSS (ENST00000374720.8)	-227	ENST00000470972.5	ENSG00000070214	ENST00000374720			SLC44A1			protein_coding
chr11-8	chr11	69437071	69437333	+	1	NA	Intergenic	Intergenic	7541	ENST00000544004.1	ENSG00000255606	ENST00000544004			LINC02952			lncRNA
chr19-240	chr19	35318985	35319247	+	1	NA	promoter-TSS (ENST00000598537.5)	protein_coding-promoter-TSS (ENST00000598537.5)	-68	ENST00000700969.1	ENSG00000289845	ENST00000700969			ENSG00000289845			lncRNA
chr16-730	chr16	30856965	30857227	+	1	NA	intron (ENST00000572628.5, intron 5 of 5)	protein_coding-intron (ENST00000380317.8, intron 5 of 5)	-16342	ENST00000576194.1	ENSG00000099385	ENST00000576194			BCL7C			protein_coding
chr12-11	chr12	116390438	116390700	+	1	NA	Intergenic	Intergenic	21805	ENST00000548506.1	ENSG00000258346	ENST00000548506			ENSG00000258346			lncRNA
chr16-166	chr16	85306193	85306455	+	1	NA	promoter-TSS (ENST00000583199.1)	miRNA-promoter-TSS (ENST00000583199.1)	1	ENST00000583199.1	ENSG00000266307	ENST00000583199			MIR5093			miRNA
chr2-363	chr2	10303145	10303407	+	1	NA	promoter-TSS (ENST00000381765.7)	protein_coding-promoter-TSS (ENST00000381765.7)	372	ENST00000307845.8	ENSG00000115756	ENST00000423674			HPCAL1			protein_coding
chr9-364	chr9	136328086	136328348	+	1	NA	promoter-TSS (ENST00000573103.2)	lncRNA-promoter-TSS (ENST00000573103.2)	678	ENST00000440944.6	ENSG00000160360	ENST00000354753			GPSM1			protein_coding
chr9-7	chr9	128298999	128299261	+	1	NA	intron (ENST00000652598.1, intron 4 of 6)	protein_coding-intron (ENST00000652598.1, intron 4 of 6)	12224	ENST00000461180.1	ENSG00000167112	ENST00000461180			TRUB2			protein_coding
chr2-100	chr2	197499839	197500101	+	1	NA	promoter-TSS (ENST00000233893.10)	protein_coding-promoter-TSS (ENST00000233893.10)	-29	ENST00000677403.1	ENSG00000144381	ENST00000430176			HSPD1			protein_coding
chr12-85	chr12	120686744	120687006	+	1	NA	promoter-TSS (ENST00000228506.8)	protein_coding-promoter-TSS (ENST00000228506.8)	-274	ENST00000228506.8	ENSG00000110917	ENST00000228506			MLEC			protein_coding
chr8-194	chr8	101137176	101137438	+	1	NA	promoter-TSS (ENST00000365490.1)	misc_RNA-promoter-TSS (ENST00000365490.1)	-652	ENST00000365490.1	ENSG00000202360	ENST00000365490			RN7SKP249			misc_RNA
chr12-503	chr12	45280231	45280493	+	1	NA	intron (ENST00000550630.5, intron 3 of 4)	protein_coding-intron (ENST00000320560.13, intron 1 of 19)	-12315	ENST00000679426.1	ENSG00000177119	ENST00000680371			ANO6			protein_coding
chr4-10	chr4	86831552	86831814	+	1	NA	intron (ENST00000273905.7, intron 3 of 5)	protein_coding-intron (ENST00000273905.7, intron 3 of 5)	17441	ENST00000505535.1	ENSG00000145283	ENST00000505535			SLC10A6			protein_coding
chr7-106	chr7	140175384	140175646	+	1	NA	intron (ENST00000397560.7, intron 1 of 19)	protein_coding-intron (ENST00000397560.7, intron 1 of 19)	1468	ENST00000397560.7	ENSG00000006459	ENST00000472616			KDM7A			protein_coding
chr1-369	chr1	155745581	155745843	+	1	NA	promoter-TSS (ENST00000314835.5)	unprocessed_pseudogene-promoter-TSS (ENST00000314835.5)	-117	ENST00000314835.5	ENSG00000203761	ENST00000314835			MSTO2P			unprocessed_pseudogene
chr5-147	chr5	56429096	56429358	+	1	NA	Intergenic	Intergenic	35869	ENST00000653172.1	ENSG00000248727	ENST00000511661			LINC01948			lncRNA
chr20-271	chr20	57031268	57031530	+	1	NA	Intergenic	Intergenic	-74342	ENST00000442780.1	ENSG00000231078	ENST00000442780			ENSG00000231078			lncRNA
chr19-41	chr19	41884238	41884500	+	1	NA	promoter-TSS (ENST00000337665.8)	protein_coding-promoter-TSS (ENST00000337665.8)	-1	ENST00000378152.8	ENSG00000076928	ENST00000598587			ARHGEF1			protein_coding
chr2-367	chr2	28436643	28436905	+	1	NA	Intergenic	Intergenic	10829	ENST00000605056.1	ENSG00000270210	ENST00000605056			ENSG00000270210			lncRNA
chr15-205	chr15	73926364	73926626	+	1	NA	promoter-TSS (ENST00000261921.8)	protein_coding-promoter-TSS (ENST00000261921.8)	33	ENST00000261921.8	ENSG00000129038	ENST00000562548			LOXL1			protein_coding
chr14-197	chr14	100192685	100192947	+	1	NA	Intergenic	Intergenic	-33171	ENST00000305631.7	ENSG00000168350	ENST00000553834			DEGS2			protein_coding
chr14-433	chr14	73136384	73136646	+	1	NA	promoter-TSS (ENST00000324501.10)	protein_coding-promoter-TSS (ENST00000324501.10)	-3	ENST00000559361.6	ENSG00000080815	ENST00000700323			PSEN1			protein_coding
chr13-5	chr13	30617666	30617928	+	1	NA	promoter-TSS (ENST00000255304.9)	protein_coding-promoter-TSS (ENST00000255304.9)	104	ENST00000465952.5	ENSG00000132952	ENST00000465952			USPL1			protein_coding
chr12-519	chr12	53295509	53295771	+	1	NA	promoter-TSS (ENST00000243040.10)	protein_coding-promoter-TSS (ENST00000243040.10)	54	ENST00000678985.1	ENSG00000288663	ENST00000676632			ENSG00000288663			lncRNA
chr2-15	chr2	208025496	208025758	+	1	NA	promoter-TSS (ENST00000427836.8)	protein_coding-promoter-TSS (ENST00000427836.8)	-100	ENST00000427836.8	ENSG00000178385	ENST00000457206			PLEKHM3			protein_coding
chr14-423	chr14	68306824	68307086	+	1	NA	intron (ENST00000557045.5, intron 3 of 5)	protein_coding-intron (ENST00000460526.6, intron 8 of 10)	32573	ENST00000473054.1	ENSG00000240210	ENST00000473054			RPL7AP5			processed_pseudogene
chr18-3	chr18	267968	268230	+	1	NA	promoter-TSS (ENST00000261600.11)	protein_coding-promoter-TSS (ENST00000261600.11)	-14	ENST00000581677.2	ENSG00000263884	ENST00000581677			THOC1-DT			lncRNA
chr9-79	chr9	132799041	132799303	+	1	NA	intron (ENST00000477396.5, intron 12 of 14)	protein_coding-intron (ENST00000298545.4, intron 10 of 12)	-28960	ENST00000451318.2	ENSG00000224992	ENST00000451318			ENSG00000224992			lncRNA
chr3-34	chr3	128435201	128435463	+	1	NA	Intergenic	Intergenic	-28262	ENST00000471626.1	ENSG00000242049	ENST00000471626			DNAJB8-AS1			lncRNA
chr11-164	chr11	68763107	68763369	+	1	NA	intron (ENST00000540367.5, intron 13 of 17)	protein_coding-intron (ENST00000265641.10, intron 14 of 18)	10649	ENST00000537756.2	ENSG00000110090	ENST00000569129			CPT1A			protein_coding
chr15-99	chr15	71746773	71747035	+	1	NA	exon (ENST00000261862.8, exon 13 of 18)	protein_coding-exon (ENST00000261862.8, exon 13 of 18)	-45734	ENST00000621736.4	ENSG00000278570	ENST00000621736			NR2E3			protein_coding
chr14-161	chr14	55051313	55051575	+	1	NA	promoter-TSS (ENST00000395468.9)	protein_coding-promoter-TSS (ENST00000395468.9)	-203	ENST00000554364.1	ENSG00000168175	ENST00000395468			MAPK1IP1L			protein_coding
chr1-64	chr1	202808376	202808638	+	1	NA	promoter-TSS (ENST00000367264.7)	protein_coding-promoter-TSS (ENST00000367264.7)	-20	ENST00000648056.1	ENSG00000117139	ENST00000235790			KDM5B			protein_coding
chr10-72	chr10	5614040	5614302	+	1	NA	intron (ENST00000660276.1, intron 1 of 2)	lncRNA-intron (ENST00000660276.1, intron 1 of 2)	-2080	ENST00000674838.1	ENSG00000242147	ENST00000676006			LASTR			lncRNA
chr3-43	chr3	13537921	13538183	+	1	NA	Intergenic	Intergenic	-11073	ENST00000404922.8	ENSG00000163520	ENST00000421373			FBLN2			protein_coding
chr21-21	chr21	41704262	41704524	+	1	NA	Intergenic	Intergenic	9662	ENST00000457881.5	ENSG00000236384	ENST00000457881			LINC00479			lncRNA
chr7-968	chr7	157462026	157462288	+	1	NA	Intergenic	Intergenic	-4074	ENST00000444158.1	ENSG00000234210	ENST00000444158			ENSG00000234210			lncRNA
chr19-190	chr19	40348409	40348671	+	1	NA	promoter-TSS (ENST00000356508.9)	protein_coding-promoter-TSS (ENST00000356508.9)	-2	ENST00000700616.1	ENSG00000105223	ENST00000700620			PLD3			protein_coding
chr12-313	chr12	56079975	56080237	+	1	NA	promoter-TSS (ENST00000267101.8)	protein_coding-promoter-TSS (ENST00000267101.8)	-31	ENST00000411731.6	ENSG00000065361	ENST00000549644			ERBB3			protein_coding
chr10-73	chr10	8582010	8582272	+	1	NA	Intergenic	Intergenic	-37792	ENST00000425516.1	ENSG00000236420	ENST00000425516			CHCHD3P1			processed_pseudogene
chr17-1667	chr17	51166818	51167080	+	1	NA	exon (ENST00000376392.10, exon 5 of 7)	protein_coding-exon (ENST00000376392.10, exon 5 of 7)	385	ENST00000393190.4	ENSG00000243678	ENST00000393183			NME2			protein_coding
chr16-102	chr16	30065179	30065441	+	1	NA	promoter-TSS (ENST00000395240.7)	protein_coding-promoter-TSS (ENST00000395240.7)	-450	ENST00000642816.3	ENSG00000149925	ENST00000395240			ALDOA			protein_coding
chr15-18	chr15	89379853	89380115	+	1	NA	intron (ENST00000670238.1, intron 2 of 5)	lncRNA-intron (ENST00000536780.6, intron 3 of 6)	399	ENST00000665086.1	ENSG00000255571	ENST00000657897			MIR9-3HG			lncRNA
chr7-626	chr7	80611836	80612098	+	1	NA	intron (ENST00000534394.5, intron 1 of 11)	protein_coding-intron (ENST00000309881.11, intron 1 of 13)	9742	ENST00000526804.5	ENSG00000135218	ENST00000428497			CD36			protein_coding
chr1-16	chr1	24203470	24203732	+	1	NA	intron (ENST00000439059.2, intron 2 of 2)	lncRNA-intron (ENST00000439059.2, intron 2 of 2)	3361	ENST00000439059.2	ENSG00000230023	ENST00000439059			LINC02800			lncRNA
chr17-1151	chr17	83096873	83097135	+	1	NA	Intergenic	Intergenic	-1373	ENST00000619443.1	ENSG00000274370	ENST00000619443			ENSG00000274370			lncRNA
chr19-80	chr19	3557547	3557809	+	1	NA	promoter-TSS (ENST00000355415.7)	protein_coding-promoter-TSS (ENST00000355415.7)	-92	ENST00000355415.7	ENSG00000161091	ENST00000589157			MFSD12			protein_coding
chr3-149	chr3	66220786	66221048	+	1	NA	promoter-TSS (ENST00000336733.10)	protein_coding-promoter-TSS (ENST00000336733.10)	13	ENST00000689520.1	ENSG00000144741	ENST00000483224			SLC25A26			protein_coding
chr20-79	chr20	63114758	63115020	+	1	NA	Intergenic	Intergenic	-1329	ENST00000665943.1	ENSG00000287324	ENST00000665943			ENSG00000287324			lncRNA
chr17-357	chr17	55433224	55433486	+	1	NA	Intergenic	Intergenic	-11431	ENST00000571578.1	ENSG00000108960	ENST00000649377			MMD			protein_coding
chr19-315	chr19	45769366	45769628	+	1	NA	promoter-TSS (ENST00000317578.7)	protein_coding-promoter-TSS (ENST00000317578.7)	-245	ENST00000317578.7	ENSG00000177045	ENST00000560168			SIX5			protein_coding
chr10-141	chr10	37976382	37976644	+	1	NA	promoter-TSS (ENST00000412789.1)	lncRNA-promoter-TSS (ENST00000412789.1)	79	ENST00000467975.2	ENSG00000175395	ENST00000302609			ZNF25			protein_coding
chr7-415	chr7	42493544	42493806	+	1	NA	Intergenic	Intergenic	212772	ENST00000455947.2	ENSG00000238284	ENST00000455947			LINC01448			lncRNA
chr19-553	chr19	5790641	5790903	+	1	NA	promoter-TSS (ENST00000592491.1)	protein_coding-promoter-TSS (ENST00000592491.1)	182	ENST00000585587.1	ENSG00000141994	ENST00000585587			DUS3L			protein_coding
chr8-21	chr8	30723005	30723267	+	1	NA	intron (ENST00000643653.1, intron 1 of 13)	protein_coding-intron (ENST00000221130.11, intron 1 of 12)	3809	ENST00000643525.1	ENSG00000104687	ENST00000546342			GSR			protein_coding
chr6-22	chr6	30717483	30717745	+	1	NA	promoter-TSS (ENST00000376406.8)	protein_coding-promoter-TSS (ENST00000376406.8)	-167	ENST00000425072.5	ENSG00000137337	ENST00000489540			MDC1			protein_coding
chr16-34	chr16	87779136	87779398	+	1	NA	promoter-TSS (ENST00000570159.1)	lncRNA-promoter-TSS (ENST00000570159.1)	-70	ENST00000701573.1	ENSG00000260498	ENST00000701573			ENSG00000260498			lncRNA
chr10-198	chr10	35447710	35447972	+	1	NA	intron (ENST00000470025.1, intron 1 of 2)	protein_coding-intron (ENST00000265375.13, intron 2 of 10)	-3272	ENST00000659071.1	ENSG00000287945	ENST00000659071			ENSG00000287945			lncRNA
chr11-26	chr11	1772575	1772837	+	1	NA	Intergenic	Intergenic	-1039	ENST00000658619.1	ENSG00000287484	ENST00000658619			ENSG00000287484			lncRNA
chr20-217	chr20	57693071	57693333	+	1	NA	intron (ENST00000472841.1, intron 1 of 1)	protein_coding-intron (ENST00000265626.8, intron 1 of 3)	-1372	ENST00000395814.5	ENSG00000124225	ENST00000265626			PMEPA1			protein_coding
chr8-70	chr8	123041840	123042102	+	1	NA	promoter-TSS (ENST00000520368.5)	protein_coding-promoter-TSS (ENST00000520368.5)	3	ENST00000520368.5	ENSG00000156787	ENST00000518099			TBC1D31			protein_coding
chr9-284	chr9	97238257	97238519	+	1	NA	promoter-TSS (ENST00000375204.2)	lncRNA-promoter-TSS (ENST00000375204.2)	-61	ENST00000527128.5	ENSG00000254876	ENST00000527128			SUGT1P4-STRA6LP			lncRNA
chr20-178	chr20	1466871	1467133	+	1	NA	promoter-TSS (ENST00000216879.9)	protein_coding-promoter-TSS (ENST00000216879.9)	-84	ENST00000476071.5	ENSG00000088833	ENST00000478168			NSFL1C			protein_coding
chr7-508	chr7	98797252	98797514	+	1	NA	Intergenic	Intergenic	-2559	ENST00000384475.1	ENSG00000207204	ENST00000384475			RNU6-393P			snRNA
chr1-614	chr1	203321032	203321294	+	1	NA	Intergenic	Intergenic	-2064	ENST00000365430.1	ENSG00000202300	ENST00000365430			RNU6-487P			snRNA
chr5-67	chr5	139482218	139482480	+	1	NA	promoter-TSS (ENST00000502362.2)	protein_coding-promoter-TSS (ENST00000502362.2)	-5	ENST00000502362.2	ENSG00000184584	ENST00000652271			STING1			protein_coding
chr5-406	chr5	72848000	72848262	+	1	NA	promoter-TSS (ENST00000506351.6)	protein_coding-promoter-TSS (ENST00000506351.6)	10	ENST00000679378.1	ENSG00000083312	ENST00000511754			TNPO1			protein_coding
chr1-289	chr1	211258928	211259190	+	1	NA	promoter-TSS (ENST00000367005.8)	protein_coding-promoter-TSS (ENST00000367005.8)	-220	ENST00000367006.8	ENSG00000117625	ENST00000367006			RCOR3			protein_coding
chr9-104	chr9	131734231	131734493	+	1	NA	intron (ENST00000683357.1, intron 1 of 26)	protein_coding-intron (ENST00000372189.7, intron 1 of 23)	3176	ENST00000372189.7	ENSG00000107263	ENST00000372190			RAPGEF1			protein_coding
chr16-418	chr16	3401192	3401454	+	1	NA	promoter-TSS (ENST00000304926.7)	protein_coding-promoter-TSS (ENST00000304926.7)	79	ENST00000344823.9	ENSG00000103343	ENST00000268655			ZNF174			protein_coding
chr8-348	chr8	143684294	143684556	+	1	NA	promoter-TSS (ENST00000358656.9)	protein_coding-promoter-TSS (ENST00000358656.9)	-27	ENST00000525185.5	ENSG00000181135	ENST00000534303			ZNF707			protein_coding
chr20-5	chr20	53725248	53725510	+	1	NA	Intergenic	Intergenic	-13349	ENST00000663196.1	ENSG00000287886	ENST00000663196			ENSG00000287886			lncRNA
chr20-138	chr20	23357985	23358247	+	1	NA	promoter-TSS (ENST00000442440.2)	lncRNA-promoter-TSS (ENST00000442440.2)	5	ENST00000693649.1	ENSG00000232645	ENST00000442440			LINC01431			lncRNA
chr5-23	chr5	176822186	176822448	+	1	NA	intron (ENST00000509580.2, intron 1 of 15)	protein_coding-intron (ENST00000329542.9, intron 1 of 14)	11758	ENST00000329542.9	ENSG00000113763	ENST00000513890			UNC5A			protein_coding
chr4-36	chr4	128062110	128062372	+	1	NA	intron (ENST00000704293.1, intron 1 of 17)	protein_coding-intron (ENST00000326639.11, intron 1 of 19)	109	ENST00000704293.1	ENSG00000138709	ENST00000512292			LARP1B			protein_coding
chr12-214	chr12	124130732	124130994	+	1	NA	intron (ENST00000545615.1, intron 2 of 3)	protein_coding-intron (ENST00000389727.8, intron 2 of 4)	45102	ENST00000621669.1	ENSG00000275389	ENST00000621669			ENSG00000275389			lncRNA
chr20-128	chr20	57351072	57351334	+	1	NA	promoter-TSS (ENST00000371242.6)	protein_coding-promoter-TSS (ENST00000371242.6)	-20	ENST00000371242.6	ENSG00000101146	ENST00000395841			RAE1			protein_coding
chr2-102	chr2	10460486	10460748	+	1	NA	Intergenic	Intergenic	6819	ENST00000670859.1	ENSG00000257135	ENST00000670859			ODC1-DT			lncRNA
chr3-329	chr3	138915911	138916173	+	1	NA	Intergenic	Intergenic	-26085	ENST00000463301.1	ENSG00000242244	ENST00000463301			ATP5MC1P3			processed_pseudogene
chr7-199	chr7	47475138	47475400	+	1	NA	intron (ENST00000705350.1, intron 4 of 30)	protein_coding-intron (ENST00000311160.14, intron 4 of 30)	6016	ENST00000415929.5	ENSG00000136205	ENST00000413551			TNS3			protein_coding
chr2-37	chr2	160632405	160632667	+	1	NA	Intergenic	Intergenic	-138729	ENST00000348849.8	ENSG00000153250	ENST00000409075			RBMS1			protein_coding
chr19-83	chr19	39435879	39436141	+	1	NA	promoter-TSS (ENST00000251453.8)	protein_coding-promoter-TSS (ENST00000251453.8)	-61	ENST00000251453.8	ENSG00000105193	ENST00000601390			RPS16			protein_coding
chr1-172	chr1	151281309	151281571	+	1	NA	promoter-TSS (ENST00000324048.9)	protein_coding-promoter-TSS (ENST00000324048.9)	-178	ENST00000443959.1	ENSG00000143373	ENST00000436614			ZNF687			protein_coding
chr22-16	chr22	50190290	50190552	+	1	NA	promoter-TSS (ENST00000395827.5)	protein_coding-promoter-TSS (ENST00000395827.5)	-177	ENST00000395827.5	ENSG00000170638	ENST00000463233			TRABD			protein_coding
chr9-92	chr9	125296908	125297170	+	1	NA	intron (ENST00000495955.5, intron 3 of 27)	protein_coding-intron (ENST00000297933.11, intron 3 of 27)	-1847	ENST00000394104.6	ENSG00000165219	ENST00000469498			GAPVD1			protein_coding
chr3-631	chr3	33798883	33799145	+	1	NA	promoter-TSS (ENST00000498147.5)	protein_coding-promoter-TSS (ENST00000498147.5)	74	ENST00000498147.5	ENSG00000170248	ENST00000430877			PDCD6IP			protein_coding
chr1-30	chr1	150010575	150010837	+	1	NA	promoter-TSS (ENST00000417191.2)	protein_coding-promoter-TSS (ENST00000417191.2)	20	ENST00000581312.6	ENSG00000264522	ENST00000417191			OTUD7B			protein_coding
chr15-492	chr15	63473222	63473484	+	1	NA	Intergenic	Intergenic	-3997	ENST00000560465.2	ENSG00000259268	ENST00000560465			ENSG00000259268			lncRNA
chr7-3	chr7	47576043	47576305	+	1	NA	intron (ENST00000434451.1, intron 1 of 6)	protein_coding-intron (ENST00000311160.14, intron 1 of 30)	5457	ENST00000434451.1	ENSG00000136205	ENST00000413551			TNS3			protein_coding
chr14-153	chr14	31208192	31208454	+	1	NA	promoter-TSS (ENST00000399332.6)	protein_coding-promoter-TSS (ENST00000399332.6)	-519	ENST00000553700.5	ENSG00000092148	ENST00000553957			HECTD1			protein_coding
chr16-143	chr16	15489475	15489737	+	1	NA	intron (ENST00000570249.5, intron 2 of 4)	protein_coding-intron (ENST00000300006.9, intron 1 of 5)	-12660	ENST00000452191.6	ENSG00000166780	ENST00000452191			BMERB1			protein_coding
chr2-191	chr2	96819169	96819431	+	1	NA	intron (ENST00000377060.7, intron 1 of 6)	protein_coding-intron (ENST00000305510.4, intron 1 of 7)	3032	ENST00000305510.4	ENSG00000168763	ENST00000465224			CNNM3			protein_coding
chr14-28	chr14	96104797	96105059	+	1	NA	Intergenic	Intergenic	65544	ENST00000553782.1	ENSG00000227051	ENST00000553782			C14orf132			protein_coding
chr6-3	chr6	43725226	43725488	+	1	NA	intron (ENST00000424283.1, intron 2 of 2)	lncRNA-intron (ENST00000424283.1, intron 2 of 2)	12477	ENST00000424283.1	ENSG00000236961	ENST00000424283			ENSG00000236961			lncRNA
chr3-218	chr3	138187254	138187516	+	1	NA	promoter-TSS (ENST00000358441.6)	protein_coding-promoter-TSS (ENST00000358441.6)	35	ENST00000489213.5	ENSG00000114098	ENST00000489213			ARMC8			protein_coding
chr6-68	chr6	44313251	44313513	+	1	NA	promoter-TSS (ENST00000244571.5)	protein_coding-promoter-TSS (ENST00000244571.5)	-35	ENST00000244571.5	ENSG00000124608	ENST00000244571			AARS2			protein_coding
chr9-458	chr9	89667860	89668122	+	1	NA	intron (ENST00000672445.1, intron 2 of 2)	lncRNA-intron (ENST00000617436.2, intron 2 of 5)	5009	ENST00000672445.1	ENSG00000237372	ENST00000617436			LINC03062			lncRNA
chr20-1489	chr20	50243185	50243447	+	1	NA	Intergenic	Intergenic	-4327	ENST00000651976.1	ENSG00000224397	ENST00000692392			PELATON			lncRNA
chr19-87	chr19	48543482	48543744	+	1	NA	Intergenic	Intergenic	-8559	ENST00000201586.7	ENSG00000088002	ENST00000323090			SULT2B1			protein_coding
chr10-6	chr10	45470657	45470919	+	1	NA	intron (ENST00000602712.2, intron 3 of 4)	protein_coding-intron (ENST00000319836.7, intron 3 of 6)	-8584	ENST00000476962.1	ENSG00000165406	ENST00000602712			MARCHF8			protein_coding
chr7-68	chr7	6630428	6630690	+	1	NA	Intergenic	Intergenic	-6759	ENST00000382252.6	ENSG00000205903	ENST00000427912			ZNF316			protein_coding
chr14-360	chr14	99962362	99962624	+	1	NA	Intergenic	Intergenic	-2036	ENST00000604654.1	ENSG00000271198	ENST00000604654			VDAC3P1			processed_pseudogene
chr5-327	chr5	90558960	90559222	+	1	NA	intron (ENST00000640281.1, intron 1 of 6)	protein_coding-intron (ENST00000405460.9, intron 1 of 89)	254	ENST00000640281.1	ENSG00000164199	ENST00000639431			ADGRV1			protein_coding
chr17-2380	chr17	32342097	32342359	+	1	NA	promoter-TSS (ENST00000577809.6)	protein_coding-promoter-TSS (ENST00000577809.6)	-19	ENST00000583221.5	ENSG00000108666	ENST00000580485			C17orf75			protein_coding
chr2-179	chr2	162344005	162344267	+	1	NA	promoter-TSS (ENST00000233612.8)	protein_coding-promoter-TSS (ENST00000233612.8)	1	ENST00000453113.6	ENSG00000115271	ENST00000453113			GCA			protein_coding
chr2-622	chr2	173963802	173964064	+	1	NA	promoter-TSS (ENST00000483084.1)	protein_coding-promoter-TSS (ENST00000483084.1)	136	ENST00000652005.2	ENSG00000172845	ENST00000310015			SP3			protein_coding
chr7-39	chr7	3156534	3156796	+	1	NA	intron (ENST00000403226.1, intron 1 of 2)	lncRNA-intron (ENST00000402115.5, intron 2 of 3)	1590	ENST00000458648.5	ENSG00000217455	ENST00000457522			ENSG00000217455			lncRNA
chr7-333	chr7	19708984	19709246	+	1	NA	promoter-TSS (ENST00000222567.6)	protein_coding-promoter-TSS (ENST00000222567.6)	-78	ENST00000222567.6	ENSG00000105849	ENST00000222567			POLR1F			protein_coding
chr16-172	chr16	19121960	19122222	+	1	NA	promoter-TSS (ENST00000567236.1)	lncRNA-promoter-TSS (ENST00000567236.1)	-462	ENST00000567236.1	ENSG00000261759	ENST00000567236			ENSG00000261759			lncRNA
chr6-39	chr6	33988313	33988575	+	1	NA	Intergenic	Intergenic	11607	ENST00000408770.1	ENSG00000221697	ENST00000408770			MIR1275			miRNA
chr4-169	chr4	28167613	28167875	+	1	NA	Intergenic	Intergenic	-58225	ENST00000668598.1	ENSG00000286321	ENST00000668598			ENSG00000286321			lncRNA
chr5-115	chr5	180313759	180314021	+	1	NA	exon (ENST00000253778.13, exon 14 of 19)	protein_coding-exon (ENST00000253778.13, exon 14 of 19)	10474	ENST00000510122.1	ENSG00000131459	ENST00000253778			GFPT2			protein_coding
chr19-4	chr19	2096221	2096483	+	1	NA	promoter-TSS (ENST00000357066.8)	protein_coding-promoter-TSS (ENST00000357066.8)	-26	ENST00000357066.8	ENSG00000172081	ENST00000588048			MOB3A			protein_coding
chr5-87	chr5	107557382	107557644	+	1	NA	intron (ENST00000509503.1, intron 1 of 3)	protein_coding-intron (ENST00000333274.11, intron 1 of 4)	-51322	ENST00000505499.1	ENSG00000184349	ENST00000505499			EFNA5			protein_coding
chr14-180	chr14	50039890	50040152	+	1	NA	promoter-TSS (ENST00000553914.6)	lncRNA-promoter-TSS (ENST00000553914.6)	-137	ENST00000553914.6	ENSG00000214900	ENST00000635379			LINC01588			lncRNA
chr2-151	chr2	96907503	96907765	+	1	NA	intron (ENST00000490605.3, intron 12 of 16)	protein_coding-intron (ENST00000490605.3, intron 12 of 16)	-4915	ENST00000661235.1	ENSG00000286654	ENST00000670174			ENSG00000286654			lncRNA
chr15-401	chr15	77633471	77633733	+	1	NA	promoter-TSS (ENST00000355300.7)	protein_coding-promoter-TSS (ENST00000355300.7)	-690	ENST00000355300.7	ENSG00000169783	ENST00000557798			LINGO1			protein_coding
chr13-51	chr13	19781954	19782216	+	1	NA	intron (ENST00000619300.4, intron 2 of 9)	protein_coding-intron (ENST00000338910.9, intron 1 of 8)	832	ENST00000471658.5	ENSG00000121390	ENST00000635562			PSPC1			protein_coding
chr3-259	chr3	194494330	194494592	+	1	NA	intron (ENST00000687055.1, intron 1 of 32)	lncRNA-intron (ENST00000437597.2, intron 2 of 2)	3903	ENST00000687055.1	ENSG00000133657	ENST00000645319			ATP13A3			protein_coding
chr3-40	chr3	155854438	155854700	+	1	NA	promoter-TSS (ENST00000359479.7)	protein_coding-promoter-TSS (ENST00000359479.7)	-113	ENST00000644855.1	ENSG00000169359	ENST00000460729			SLC33A1			protein_coding
chr7-300	chr7	100004015	100004277	+	1	NA	intron (ENST00000689825.2, intron 2 of 2)	lncRNA-intron (ENST00000671037.1, intron 2 of 3)	6381	ENST00000702863.1	ENSG00000286923	ENST00000702863			ENSG00000286923			lncRNA
chr7-167	chr7	16847405	16847667	+	1	NA	Intergenic	Intergenic	3189	ENST00000603589.1	ENSG00000270593	ENST00000603589			ENSG00000270593			processed_pseudogene
chr11-81	chr11	71928919	71929181	+	1	NA	promoter-TSS (ENST00000361756.8)	protein_coding-promoter-TSS (ENST00000361756.8)	-1	ENST00000526549.5	ENSG00000137522	ENST00000525243			RNF121			protein_coding
chr7-35	chr7	135510112	135510374	+	1	NA	promoter-TSS (ENST00000315544.6)	protein_coding-promoter-TSS (ENST00000315544.6)	-98	ENST00000707062.1	ENSG00000080802	ENST00000491203			CNOT4			protein_coding
chr12-1	chr12	66169866	66170128	+	1	NA	promoter-TSS (ENST00000286424.12)	protein_coding-promoter-TSS (ENST00000286424.12)	-1	ENST00000358230.8	ENSG00000155957	ENST00000534930			TMBIM4			protein_coding
chr6-35	chr6	37169721	37169983	+	1	NA	promoter-TSS (ENST00000373509.6)	protein_coding-promoter-TSS (ENST00000373509.6)	-300	ENST00000373509.6	ENSG00000137193	ENST00000479509			PIM1			protein_coding
chr16-115	chr16	89154022	89154284	+	1	NA	exon (ENST00000317447.9, exon 11 of 11)	protein_coding-exon (ENST00000317447.9, exon 11 of 11)	3553	ENST00000562750.1	ENSG00000176715	ENST00000537290			ACSF3			protein_coding
chr9-210	chr9	136728116	136728378	+	1	NA	promoter-TSS (ENST00000414282.5)	lncRNA-promoter-TSS (ENST00000414282.5)	-63	ENST00000685573.1	ENSG00000233016	ENST00000653276			SNHG7			lncRNA
chr1-390	chr1	10704670	10704932	+	1	NA	intron (ENST00000472814.1, intron 1 of 1)	protein_coding-intron (ENST00000344008.5, intron 3 of 15)	774	ENST00000472814.1	ENSG00000130940	ENST00000478524			CASZ1			protein_coding
chr3-80	chr3	193828577	193828839	+	1	NA	Intergenic	Intergenic	15301	ENST00000439074.2	ENSG00000229155	ENST00000445168			LINC02038			lncRNA
chr17-1882	chr17	56833979	56834241	+	1	NA	promoter-TSS (ENST00000284061.8)	protein_coding-promoter-TSS (ENST00000284061.8)	3	ENST00000572810.1	ENSG00000153933	ENST00000570738			DGKE			protein_coding
chr5-47	chr5	43064868	43065130	+	1	NA	promoter-TSS (ENST00000503599.5)	protein_coding-promoter-TSS (ENST00000503599.5)	-177	ENST00000503599.5	ENSG00000172262	ENST00000306938			ZNF131			protein_coding
chr4-101	chr4	183407115	183407377	+	1	NA	Intergenic	Intergenic	12559	ENST00000510299.2	ENSG00000248376	ENST00000510299			FBLP1			processed_pseudogene
chr11-15	chr11	64878753	64879015	+	1	NA	promoter-TSS (ENST00000320631.8)	protein_coding-promoter-TSS (ENST00000320631.8)	-263	ENST00000320631.8	ENSG00000110047	ENST00000320631			EHD1			protein_coding
chr17-703	chr17	48576695	48576957	+	1	NA	exon (ENST00000332503.6, exon 2 of 2)	protein_coding-exon (ENST00000332503.6, exon 2 of 2)	-1276	ENST00000464266.1	ENSG00000120093	ENST00000552000			HOXB3			protein_coding
chr8-285	chr8	125070199	125070461	+	1	NA	intron (ENST00000517845.5, intron 7 of 26)	protein_coding-intron (ENST00000318410.12, intron 9 of 28)	13526	ENST00000523397.1	ENSG00000164961	ENST00000523297			WASHC5			protein_coding
chr10-56	chr10	6202767	6203029	+	1	NA	promoter-TSS (ENST00000317350.8)	protein_coding-promoter-TSS (ENST00000317350.8)	-2	ENST00000360521.7	ENSG00000170525	ENST00000475881			PFKFB3			protein_coding
chr5-126	chr5	109409244	109409506	+	1	NA	promoter-TSS (ENST00000511624.1)	protein_coding-promoter-TSS (ENST00000511624.1)	-59	ENST00000511624.1	ENSG00000198961	ENST00000361189			PJA2			protein_coding
chr2-24	chr2	112275416	112275678	+	1	NA	promoter-TSS (ENST00000409871.6)	protein_coding-promoter-TSS (ENST00000409871.6)	-50	ENST00000409871.6	ENSG00000188177	ENST00000476511			ZC3H6			protein_coding
chr15-7	chr15	80743274	80743536	+	1	NA	intron (ENST00000560126.1, intron 2 of 3)	protein_coding-intron (ENST00000258884.5, intron 1 of 2)	29730	ENST00000658807.1	ENSG00000287108	ENST00000658807			ENSG00000287108			lncRNA
chr15-60	chr15	41230957	41231219	+	1	NA	promoter-TSS (ENST00000314992.9)	protein_coding-promoter-TSS (ENST00000314992.9)	-52	ENST00000560411.5	ENSG00000187446	ENST00000560397			CHP1			protein_coding
chr2-130	chr2	65056337	65056599	+	1	NA	promoter-TSS (ENST00000260569.4)	protein_coding-promoter-TSS (ENST00000260569.4)	3	ENST00000260569.4	ENSG00000011523	ENST00000704418			CEP68			protein_coding
chr13-30	chr13	33817944	33818206	+	1	NA	promoter-TSS (ENST00000380071.8)	protein_coding-promoter-TSS (ENST00000380071.8)	6	ENST00000434425.5	ENSG00000133119	ENST00000380071			RFC3			protein_coding
chr1-161	chr1	171485326	171485588	+	1	NA	promoter-TSS (ENST00000338920.8)	protein_coding-promoter-TSS (ENST00000338920.8)	-73	ENST00000647382.2	ENSG00000117523	ENST00000467601			PRRC2C			protein_coding
chr10-243	chr10	43082207	43082469	+	1	NA	intron (ENST00000498820.5, intron 1 of 4)	protein_coding-intron (ENST00000340058.6, intron 1 of 18)	5252	ENST00000615310.5	ENSG00000165731	ENST00000638465			RET			protein_coding
chr1-220	chr1	184051522	184051784	+	1	NA	promoter-TSS (ENST00000361641.6)	protein_coding-promoter-TSS (ENST00000361641.6)	2	ENST00000423085.7	ENSG00000198860	ENST00000645963			TSEN15			protein_coding
chr10-39	chr10	93438799	93439061	+	1	NA	intron (ENST00000488645.1, intron 4 of 5)	protein_coding-intron (ENST00000358334.9, intron 3 of 52)	43264	ENST00000488645.1	ENSG00000138119	ENST00000371489			MYOF			protein_coding
chr20-1624	chr20	50153352	50153614	+	1	NA	intron (ENST00000453505.6, intron 1 of 6)	protein_coding-intron (ENST00000341698.2, intron 1 of 7)	154	ENST00000341698.2	ENSG00000124208	ENST00000341698			PEDS1-UBE2V1			protein_coding
chr16-148	chr16	56370931	56371193	+	1	NA	intron (ENST00000567738.1, intron 5 of 7)	protein_coding-intron (ENST00000290649.10, intron 10 of 13)	-3459	ENST00000563285.1	ENSG00000159461	ENST00000567738			AMFR			protein_coding
chr13-155	chr13	44404379	44404641	+	1	NA	exon (ENST00000607312.1, exon 2 of 2)	lncRNA-exon (ENST00000607312.1, exon 2 of 2)	1419	ENST00000700923.1	ENSG00000237361	ENST00000432701			TUSC8			lncRNA
chr14-149	chr14	105086890	105087152	+	1	NA	Intergenic	Intergenic	-5716	ENST00000686753.2	ENSG00000257556	ENST00000686753			LINC02298			lncRNA
chr19-366	chr19	13169883	13170145	+	1	NA	Intergenic	Intergenic	-11226	ENST00000481802.1	ENSG00000213253	ENST00000481802			RPL12P42			processed_pseudogene
chr8-211	chr8	95071627	95071889	+	1	NA	TTS (ENST00000518598.1)	lncRNA-TTS (ENST00000518598.1)	-1156	ENST00000636546.1	ENSG00000283522	ENST00000636546			MIR3150A			miRNA
chr8-515	chr8	123693658	123693920	+	1	NA	intron (ENST00000419625.6, intron 6 of 10)	protein_coding-intron (ENST00000262219.10, intron 7 of 11)	34134	ENST00000520591.1	ENSG00000104537	ENST00000520519			ANXA13			protein_coding
chr7-159	chr7	156893232	156893494	+	1	NA	promoter-TSS (ENST00000353442.10)	protein_coding-promoter-TSS (ENST00000353442.10)	-147	ENST00000434453.1	ENSG00000105983	ENST00000353442			LMBR1			protein_coding
chr21-2	chr21	42376341	42376603	+	1	NA	intron (ENST00000652415.1, intron 11 of 12)	protein_coding-intron (ENST00000398405.5, intron 10 of 11)	6281	ENST00000478680.1	ENSG00000160183	ENST00000476848			TMPRSS3			protein_coding
chr8-105	chr8	108248644	108248906	+	1	NA	promoter-TSS (ENST00000220849.10)	protein_coding-promoter-TSS (ENST00000220849.10)	0	ENST00000676892.1	ENSG00000104408	ENST00000676892			EIF3E			protein_coding
chr1-429	chr1	180154865	180155127	+	1	NA	promoter-TSS (ENST00000367600.5)	protein_coding-promoter-TSS (ENST00000367600.5)	99	ENST00000367600.5	ENSG00000116260	ENST00000443059			QSOX1			protein_coding
chr1-558	chr1	109725562	109725824	+	1	NA	promoter-TSS (ENST00000431955.1)	lncRNA-promoter-TSS (ENST00000431955.1)	-127	ENST00000431955.1	ENSG00000241720	ENST00000431955			ENSG00000241720			lncRNA
chr6-136	chr6	41072420	41072682	+	1	NA	promoter-TSS (ENST00000341376.11)	protein_coding-promoter-TSS (ENST00000341376.11)	12	ENST00000467234.1	ENSG00000124596	ENST00000488238			OARD1			protein_coding
chr11-40	chr11	68903670	68903932	+	1	NA	promoter-TSS (ENST00000255078.8)	protein_coding-promoter-TSS (ENST00000255078.8)	1	ENST00000536637.1	ENSG00000197345	ENST00000536637			MRPL21			protein_coding
chr7-136	chr7	32490266	32490528	+	1	NA	promoter-TSS (ENST00000409292.5)	protein_coding-promoter-TSS (ENST00000409292.5)	-17	ENST00000409782.5	ENSG00000106355	ENST00000450169			LSM5			protein_coding
chr3-263	chr3	55569119	55569381	+	1	NA	intron (ENST00000487287.1, intron 3 of 3)	protein_coding-intron (ENST00000288221.11, intron 17 of 17)	38660	ENST00000473469.5	ENSG00000187672	ENST00000466358			ERC2			protein_coding
chr5-252	chr5	43008563	43008825	+	1	NA	Intergenic	Intergenic	-1151	ENST00000607715.1	ENSG00000271788	ENST00000607715			ENSG00000271788			lncRNA
chr14-54	chr14	105091604	105091866	+	1	NA	Intergenic	Intergenic	-1002	ENST00000686753.2	ENSG00000257556	ENST00000686753			LINC02298			lncRNA
chr7-88	chr7	158818564	158818826	+	1	NA	intron (ENST00000497111.1, intron 1 of 3)	protein_coding-intron (ENST00000251527.10, intron 1 of 21)	8946	ENST00000483958.5	ENSG00000117868	ENST00000251527			ESYT2			protein_coding
chr12-101	chr12	112524689	112524951	+	1	NA	Intergenic	Intergenic	23658	ENST00000687120.1	ENSG00000179295	ENST00000685487			PTPN11			protein_coding
chr6-114	chr6	26171872	26172134	+	1	NA	promoter-TSS (ENST00000634910.1)	protein_coding-promoter-TSS (ENST00000634910.1)	-56	ENST00000634910.1	ENSG00000274290	ENST00000614097			H2BC6			protein_coding
chr9-9	chr9	127561871	127562133	+	1	NA	intron (ENST00000478917.1, intron 1 of 3)	protein_coding-intron (ENST00000373312.4, intron 1 of 13)	6883	ENST00000478917.1	ENSG00000136830	ENST00000373314			NIBAN2			protein_coding
chr12-65	chr12	53220811	53221073	+	1	NA	promoter-TSS (ENST00000338561.9)	protein_coding-promoter-TSS (ENST00000338561.9)	-529	ENST00000543726.1	ENSG00000172819	ENST00000548284			RARG			protein_coding
chr20-2155	chr20	50068403	50068665	+	1	NA	Intergenic	Intergenic	-27030	ENST00000431460.1	ENSG00000231265	ENST00000431460			TRERNA1			lncRNA
chr3-19	chr3	8963332	8963594	+	1	NA	promoter-TSS (ENST00000264926.7)	protein_coding-promoter-TSS (ENST00000264926.7)	7	ENST00000421052.5	ENSG00000070950	ENST00000429790			RAD18			protein_coding
chr1-1312	chr1	235060717	235060979	+	1	NA	Intergenic	Intergenic	8948	ENST00000702857.1	ENSG00000280587	ENST00000702703			LINC01348			lncRNA
chr16-38	chr16	85612284	85612546	+	1	NA	promoter-TSS (ENST00000253458.12)	protein_coding-promoter-TSS (ENST00000253458.12)	-742	ENST00000411612.5	ENSG00000131149	ENST00000253458			GSE1			protein_coding
chr3-133	chr3	15292840	15293102	+	1	NA	intron (ENST00000465894.6, intron 3 of 4)	protein_coding-intron (ENST00000383791.8, intron 3 of 8)	-16926	ENST00000366391.6	ENSG00000131370	ENST00000417936			SH3BP5			protein_coding
chr9-384	chr9	75101072	75101334	+	1	NA	intron (ENST00000346234.7, intron 1 of 9)	protein_coding-intron (ENST00000346234.7, intron 1 of 9)	12689	ENST00000346234.7	ENSG00000134996	ENST00000346234			OSTF1			protein_coding
chr7-32	chr7	11261578	11261840	+	1	NA	intron (ENST00000445839.5, intron 1 of 3)	lncRNA-intron (ENST00000421121.5, intron 1 of 2)	-3174	ENST00000417106.1	ENSG00000226827	ENST00000417106			NPM1P11			processed_pseudogene
chr14-19	chr14	93043513	93043775	+	1	NA	intron (ENST00000555495.5, intron 1 of 8)	protein_coding-intron (ENST00000267615.11, intron 3 of 10)	-6670	ENST00000553655.1	ENSG00000100605	ENST00000555495			ITPK1			protein_coding
chr17-153	chr17	75549319	75549581	+	1	NA	intron (ENST00000583658.1, intron 1 of 4)	protein_coding-intron (ENST00000167462.9, intron 2 of 24)	3302	ENST00000583658.1	ENSG00000073350	ENST00000577200			LLGL2			protein_coding
chr6-32	chr6	31620311	31620573	+	1	NA	promoter-TSS (ENST00000376007.8)	protein_coding-promoter-TSS (ENST00000376007.8)	-36	ENST00000691329.1	ENSG00000289375	ENST00000691329			ENSG00000289375			lncRNA
chr11-6	chr11	74546788	74547050	+	1	NA	intron (ENST00000528481.5, intron 1 of 5)	protein_coding-intron (ENST00000528481.5, intron 1 of 5)	-45637	ENST00000532784.5	ENSG00000077514	ENST00000532954			POLD3			protein_coding
chr11-70	chr11	69494341	69494603	+	1	NA	exon (ENST00000642898.1, exon 7 of 7)	lncRNA-exon (ENST00000642898.1, exon 7 of 7)	8861	ENST00000642898.1	ENSG00000285094	ENST00000644563			LINC01488			lncRNA
chr1-535	chr1	24567996	24568258	+	1	NA	intron (ENST00000374392.3, intron 1 of 3)	protein_coding-intron (ENST00000374392.3, intron 1 of 3)	4500	ENST00000443086.2	ENSG00000227312	ENST00000443086			ENSG00000227312			processed_pseudogene
chr12-238	chr12	105107622	105107884	+	1	NA	promoter-TSS (ENST00000311317.8)	protein_coding-promoter-TSS (ENST00000311317.8)	-19	ENST00000620430.5	ENSG00000136051	ENST00000550613			WASHC4			protein_coding
chr1-231	chr1	109274872	109275134	+	1	NA	TTS (ENST00000489018.1)	protein_coding-TTS (ENST00000489018.1)	4179	ENST00000498157.1	ENSG00000143126	ENST00000498157			CELSR2			protein_coding
chr9-99	chr9	92738682	92738944	+	1	NA	intron (ENST00000375512.3, intron 1 of 7)	protein_coding-intron (ENST00000356884.11, intron 1 of 6)	25999	ENST00000375512.3	ENSG00000185963	ENST00000375512			BICD2			protein_coding
chr15-4	chr15	72231217	72231479	+	1	NA	promoter-TSS (ENST00000319622.10)	protein_coding-promoter-TSS (ENST00000319622.10)	38	ENST00000319622.10	ENSG00000067225	ENST00000564993			PKM			protein_coding
chr5-33	chr5	32714049	32714311	+	1	NA	intron (ENST00000415167.2, intron 1 of 7)	protein_coding-intron (ENST00000265074.13, intron 1 of 7)	1849	ENST00000507141.1	ENSG00000113389	ENST00000434067			NPR3			protein_coding
chr19-146	chr19	44113175	44113437	+	1	NA	promoter-TSS (ENST00000262894.11)	protein_coding-promoter-TSS (ENST00000262894.11)	-93	ENST00000262894.11	ENSG00000256294	ENST00000592780			ZNF225			protein_coding
chr4-26	chr4	38462596	38462858	+	1	NA	intron (ENST00000653888.1, intron 1 of 4)	lncRNA-intron (ENST00000512517.1, intron 2 of 7)	27695	ENST00000669996.1	ENSG00000249534	ENST00000653888			LINC01258			lncRNA
chr9-108	chr9	75028462	75028724	+	1	NA	promoter-TSS (ENST00000376830.3)	protein_coding-promoter-TSS (ENST00000376830.3)	-170	ENST00000376830.3	ENSG00000156017	ENST00000376830			CARNMT1			protein_coding
chr20-1181	chr20	51767142	51767404	+	1	NA	intron (ENST00000338821.6, intron 1 of 27)	protein_coding-intron (ENST00000311637.9, intron 1 of 22)	1055	ENST00000311637.9	ENSG00000054793	ENST00000477492			ATP9A			protein_coding
chr20-2771	chr20	52191306	52191568	+	1	NA	promoter-TSS (ENST00000656056.1)	lncRNA-promoter-TSS (ENST00000656056.1)	260	ENST00000361387.6	ENSG00000020256	ENST00000361387			ZFP64			protein_coding
chr12-582	chr12	112371073	112371335	+	1	NA	intron (ENST00000682272.1, intron 1 of 75)	protein_coding-intron (ENST00000377560.9, intron 1 of 75)	10888	ENST00000550724.2	ENSG00000173064	ENST00000547352			HECTD4			protein_coding
chr13-21	chr13	41311009	41311271	+	1	NA	promoter-TSS (ENST00000379406.8)	protein_coding-promoter-TSS (ENST00000379406.8)	-127	ENST00000379406.8	ENSG00000172766	ENST00000477452			NAA16			protein_coding
chr14-98	chr14	23320894	23321156	+	1	NA	promoter-TSS (ENST00000216727.9)	protein_coding-promoter-TSS (ENST00000216727.9)	-432	ENST00000397276.6	ENSG00000100836	ENST00000216727			PABPN1			protein_coding
chr12-117	chr12	123233330	123233592	+	1	NA	promoter-TSS (ENST00000253233.6)	protein_coding-promoter-TSS (ENST00000253233.6)	-1	ENST00000536130.2	ENSG00000130921	ENST00000536130			MTRFR			protein_coding
chr21-128	chr21	42955766	42956028	+	1	NA	Intergenic	Intergenic	-4883	ENST00000579137.1	ENSG00000264580	ENST00000579137			MIR5692B			miRNA
chr20-797	chr20	21768034	21768296	+	1	NA	Intergenic	Intergenic	12895	ENST00000484902.1	ENSG00000227063	ENST00000484902			RPL41P1			processed_pseudogene
chr6-2	chr6	43635721	43635983	+	1	NA	promoter-TSS (ENST00000372171.5)	protein_coding-promoter-TSS (ENST00000372171.5)	-7	ENST00000508232.1	ENSG00000124688	ENST00000508232			MAD2L1BP			protein_coding
chr1-528	chr1	244739968	244740230	+	1	NA	Intergenic	Intergenic	9075	ENST00000632004.1	ENSG00000282317	ENST00000632004			ENSG00000282317			lncRNA
chr17-620	chr17	83200371	83200633	+	1	NA	TTS (ENST00000651869.1)	lncRNA-TTS (ENST00000651869.1)	850	ENST00000691786.1	ENSG00000262898	ENST00000572343			ENSG00000262898			lncRNA
chr1-436	chr1	205317557	205317819	+	1	NA	intron (ENST00000367157.6, intron 1 of 6)	protein_coding-intron (ENST00000367157.6, intron 1 of 6)	4057	ENST00000367157.6	ENSG00000163545	ENST00000367157			NUAK2			protein_coding
chr5-222	chr5	176536639	176536901	+	1	NA	promoter-TSS (ENST00000509404.1)	protein_coding-promoter-TSS (ENST00000509404.1)	-440	ENST00000509404.1	ENSG00000146083	ENST00000504434			RNF44			protein_coding
chr16-25	chr16	85645306	85645568	+	1	NA	intron (ENST00000253458.12, intron 2 of 15)	protein_coding-intron (ENST00000253458.12, intron 2 of 15)	-8995	ENST00000412692.5	ENSG00000131149	ENST00000253458			GSE1			protein_coding
chr14-24	chr14	103693488	103693750	+	1	NA	promoter-TSS (ENST00000602669.1)	lncRNA-promoter-TSS (ENST00000602669.1)	-941	ENST00000602669.1	ENSG00000269940	ENST00000602669			ENSG00000269940			lncRNA
chr17-35	chr17	59619691	59619953	+	1	NA	promoter-TSS (ENST00000269122.8)	protein_coding-promoter-TSS (ENST00000269122.8)	-36	ENST00000393043.5	ENSG00000141367	ENST00000700715			CLTC			protein_coding
chr7-2	chr7	105012624	105012886	+	1	NA	TTS (ENST00000453677.1)	lncRNA-TTS (ENST00000453677.1)	269	ENST00000445184.1	ENSG00000228393	ENST00000690819			LINC01004			lncRNA
chr20-725	chr20	57305758	57306020	+	1	NA	Intergenic	Intergenic	-5965	ENST00000516255.1	ENSG00000252064	ENST00000516255			Y_RNA			misc_RNA
chr6-129	chr6	15817115	15817377	+	1	NA	intron (ENST00000702049.1, intron 1 of 2)	lncRNA-intron (ENST00000702049.1, intron 1 of 2)	12601	ENST00000702049.1	ENSG00000289953	ENST00000702049			ENSG00000289953			lncRNA
chr1-20	chr1	113812420	113812682	+	1	NA	promoter-TSS (ENST00000261441.9)	protein_coding-promoter-TSS (ENST00000261441.9)	-57	ENST00000664434.1	ENSG00000231128	ENST00000418238			ENSG00000231128			lncRNA
chr7-768	chr7	6842356	6842618	+	1	NA	Intergenic	Intergenic	-6693	ENST00000609433.1	ENSG00000273252	ENST00000609433			OR7E39P			unprocessed_pseudogene
chr17-105	chr17	82103976	82104238	+	1	NA	TTS (ENST00000582100.1)	protein_coding-TTS (ENST00000582100.1)	-2257	ENST00000583053.1	ENSG00000176155	ENST00000419322			CCDC57			protein_coding
chr7-129	chr7	121396352	121396614	+	1	NA	promoter-TSS (ENST00000359943.8)	protein_coding-promoter-TSS (ENST00000359943.8)	-119	ENST00000412653.5	ENSG00000196937	ENST00000497622			FAM3C			protein_coding
chr21-5	chr21	43343115	43343377	+	1	NA	Intergenic	Intergenic	-11207	ENST00000450205.1	ENSG00000237864	ENST00000450205			LINC00322			lncRNA
chr11-96	chr11	62855879	62856141	+	1	NA	promoter-TSS (ENST00000363981.1)	snoRNA-promoter-TSS (ENST00000363981.1)	6	ENST00000680729.1	ENSG00000168003	ENST00000377891			SLC3A2			protein_coding
chr19-151	chr19	1383753	1384015	+	1	NA	promoter-TSS (ENST00000233627.14)	protein_coding-promoter-TSS (ENST00000233627.14)	-6	ENST00000543289.5	ENSG00000115286	ENST00000538929			NDUFS7			protein_coding
chr1-1711	chr1	177585656	177585918	+	1	NA	intron (ENST00000664407.1, intron 3 of 6)	lncRNA-intron (ENST00000438575.6, intron 1 of 3)	11922	ENST00000458070.1	ENSG00000227579	ENST00000664407			ENSG00000227579			lncRNA
chr6-29	chr6	83193152	83193414	+	1	NA	promoter-TSS (ENST00000283977.9)	protein_coding-promoter-TSS (ENST00000283977.9)	2	ENST00000698524.1	ENSG00000013375	ENST00000698621			PGM3			protein_coding
chr18-20	chr18	21600660	21600922	+	1	NA	promoter-TSS (ENST00000269214.10)	protein_coding-promoter-TSS (ENST00000269214.10)	-87	ENST00000269214.10	ENSG00000141446	ENST00000269214			ESCO1			protein_coding
chr7-29	chr7	101442523	101442785	+	1	NA	intron (ENST00000613501.1, intron 2 of 12)	protein_coding-intron (ENST00000313669.12, intron 2 of 12)	-53574	ENST00000413033.1	ENSG00000233683	ENST00000413033			ENSG00000233683			processed_pseudogene
chr7-233	chr7	99500190	99500452	+	1	NA	promoter-TSS (ENST00000337673.7)	protein_coding-promoter-TSS (ENST00000337673.7)	3	ENST00000394177.3	ENSG00000160908	ENST00000481881			ZNF394			protein_coding
chr19-7	chr19	52690452	52690714	+	1	NA	promoter-TSS (ENST00000594682.6)	protein_coding-promoter-TSS (ENST00000594682.6)	-24	ENST00000706196.1	ENSG00000167766	ENST00000597161			ZNF83			protein_coding
chr19-60	chr19	50975835	50976097	+	1	NA	TTS (ENST00000304045.6)	protein_coding-TTS (ENST00000304045.6)	-6293	ENST00000597379.5	ENSG00000167755	ENST00000599881			KLK6			protein_coding
chr3-166	chr3	50150743	50151005	+	1	NA	intron (ENST00000437204.1, intron 1 of 3)	lncRNA-intron (ENST00000425674.1, intron 1 of 1)	-4171	ENST00000414301.5	ENSG00000001617	ENST00000002829			SEMA3F			protein_coding
chr11-198	chr11	75792051	75792313	+	1	NA	promoter-TSS (ENST00000603363.5)	protein_coding-promoter-TSS (ENST00000603363.5)	23	ENST00000603363.5	ENSG00000062282	ENST00000376262			DGAT2			protein_coding
chr10-26	chr10	14953963	14954225	+	1	NA	promoter-TSS (ENST00000357717.6)	protein_coding-promoter-TSS (ENST00000357717.6)	1	ENST00000378246.6	ENSG00000152457	ENST00000378254			DCLRE1C			protein_coding
chr1-18	chr1	202106390	202106652	+	1	NA	Intergenic	Intergenic	9762	ENST00000416794.1	ENSG00000227109	ENST00000416794			CRIP1P3			processed_pseudogene
chr20-2078	chr20	40962735	40962997	+	1	NA	Intergenic	Intergenic	-61339	ENST00000410680.1	ENSG00000222612	ENST00000410680			RNU2-52P			snRNA
chr7-232	chr7	91513099	91513361	+	1	NA	intron (ENST00000667625.1, intron 3 of 3)	lncRNA-intron (ENST00000418395.1, intron 3 of 5)	43618	ENST00000456952.1	ENSG00000235450	ENST00000456952			ENSG00000235450			lncRNA
chr3-214	chr3	123732581	123732843	+	1	NA	intron (ENST00000690457.1, intron 6 of 28)	protein_coding-intron (ENST00000346322.10, intron 8 of 29)	3058	ENST00000514623.1	ENSG00000065534	ENST00000686388			MYLK			protein_coding
chr20-501	chr20	25057183	25057445	+	1	NA	intron (ENST00000432802.6, intron 1 of 11)	protein_coding-intron (ENST00000323482.9, intron 1 of 13)	825	ENST00000323482.9	ENSG00000154930	ENST00000376726			ACSS1			protein_coding
chr7-200	chr7	56106515	56106777	+	1	NA	promoter-TSS (ENST00000395422.4)	protein_coding-promoter-TSS (ENST00000395422.4)	-170	ENST00000395422.4	ENSG00000106153	ENST00000395422			CHCHD2			protein_coding
chr1-778	chr1	246608722	246608984	+	1	NA	TTS (ENST00000417786.1)	lncRNA-TTS (ENST00000417786.1)	2980	ENST00000417786.1	ENSG00000225300	ENST00000417786			ENSG00000225300			lncRNA
chr10-40	chr10	104268813	104269075	+	1	NA	promoter-TSS (ENST00000338595.7)	protein_coding-promoter-TSS (ENST00000338595.7)	71	ENST00000450629.6	ENSG00000065621	ENST00000473401			GSTO2			protein_coding
chr3-359	chr3	53347515	53347777	+	1	NA	promoter-TSS (ENST00000294241.10)	protein_coding-promoter-TSS (ENST00000294241.10)	-60	ENST00000560624.5	ENSG00000272886	ENST00000294241			DCP1A			protein_coding
chr21-9	chr21	45513480	45513742	+	1	NA	exon (ENST00000311124.9, exon 6 of 6)	protein_coding-exon (ENST00000311124.9, exon 6 of 6)	1522	ENST00000468508.1	ENSG00000173638	ENST00000651099			SLC19A1			protein_coding
chr21-32	chr21	42309801	42310063	+	1	NA	Intergenic	Intergenic	3754	ENST00000489676.1	ENSG00000160180	ENST00000398431			TFF3			protein_coding
chr16-150	chr16	74609035	74609297	+	1	NA	Intergenic	Intergenic	-2022	ENST00000627032.2	ENSG00000090863	ENST00000422840			GLG1			protein_coding
chr19-275	chr19	11482508	11482770	+	1	NA	TTS (ENST00000293771.10)	protein_coding-TTS (ENST00000293771.10)	-1593	ENST00000359227.8	ENSG00000196361	ENST00000359227			ELAVL3			protein_coding
chr2-83	chr2	9631092	9631354	+	1	NA	promoter-TSS (ENST00000238081.8)	protein_coding-promoter-TSS (ENST00000238081.8)	-226	ENST00000238081.8	ENSG00000134308	ENST00000446619			YWHAQ			protein_coding
chr20-992	chr20	50413091	50413353	+	1	NA	Intergenic	Intergenic	16261	ENST00000497504.3	ENSG00000244376	ENST00000497504			RN7SL636P			misc_RNA
chr20-2	chr20	57264281	57264543	+	1	NA	intron (ENST00000450594.6, intron 1 of 5)	protein_coding-intron (ENST00000395863.8, intron 1 of 6)	1366	ENST00000433911.1	ENSG00000101144	ENST00000433911			BMP7			protein_coding
chr17-158	chr17	49887220	49887482	+	1	NA	promoter-TSS (ENST00000515692.1)	lncRNA-promoter-TSS (ENST00000515692.1)	-247	ENST00000515692.1	ENSG00000248954	ENST00000515692			ENSG00000248954			lncRNA
chr12-233	chr12	52236059	52236321	+	1	NA	intron (ENST00000547613.1, intron 2 of 4)	protein_coding-intron (ENST00000331817.6, intron 2 of 8)	-2498	ENST00000548088.1	ENSG00000135480	ENST00000552400			KRT7			protein_coding
chr11-39	chr11	67248648	67248910	+	1	NA	TTS (ENST00000525041.5)	protein_coding-TTS (ENST00000525041.5)	3240	ENST00000534486.1	ENSG00000173120	ENST00000531696			KDM2A			protein_coding
chr10-160	chr10	132408730	132408992	+	1	NA	intron (ENST00000305233.6, intron 2 of 2)	protein_coding-intron (ENST00000305233.6, intron 2 of 2)	-10222	ENST00000428814.1	ENSG00000231705	ENST00000428814			ENSG00000231705			lncRNA
chr11-243	chr11	118623229	118623491	+	1	NA	promoter-TSS (ENST00000617208.1)	protein_coding-promoter-TSS (ENST00000617208.1)	-724	ENST00000617208.1	ENSG00000019144	ENST00000526374			PHLDB1			protein_coding
chr4-123	chr4	88320962	88321224	+	1	NA	intron (ENST00000701526.1, intron 3 of 3)	lncRNA-intron (ENST00000701526.1, intron 3 of 3)	4319	ENST00000662571.1	ENSG00000246375	ENST00000500009			PPM1K-DT			lncRNA
chr2-43	chr2	73983758	73984020	+	1	NA	Intergenic	Intergenic	-1021	ENST00000409262.8	ENSG00000187605	ENST00000305799			TET3			protein_coding
chr11-232	chr11	70048761	70049023	+	1	NA	intron (ENST00000531349.6, intron 1 of 27)	protein_coding-intron (ENST00000531349.6, intron 1 of 27)	15032	ENST00000528316.5	ENSG00000248844	ENST00000511013			LINC02753			lncRNA
chr15-597	chr15	40857519	40857781	+	1	NA	TTS (ENST00000563135.5)	protein_coding-TTS (ENST00000563135.5)	1849	ENST00000568200.1	ENSG00000166145	ENST00000563135			SPINT1			protein_coding
chr17-263	chr17	41972944	41973206	+	1	NA	intron (ENST00000592105.1, intron 2 of 2)	protein_coding-intron (ENST00000393888.1, intron 3 of 3)	1466	ENST00000486438.1	ENSG00000173786	ENST00000591945			CNP			protein_coding
chr19-354	chr19	4182437	4182699	+	1	NA	promoter-TSS (ENST00000305232.10)	protein_coding-promoter-TSS (ENST00000305232.10)	-2	ENST00000601069.5	ENSG00000077463	ENST00000594341			SIRT6			protein_coding
chr21-37	chr21	40054411	40054673	+	1	NA	intron (ENST00000617870.4, intron 26 of 29)	protein_coding-intron (ENST00000400454.6, intron 29 of 32)	156066	ENST00000467565.1	ENSG00000183036	ENST00000467565			PCP4			protein_coding
chr3-620	chr3	11846802	11847064	+	1	NA	promoter-TSS (ENST00000273037.9)	protein_coding-promoter-TSS (ENST00000273037.9)	-14	ENST00000273037.9	ENSG00000144559	ENST00000455809			TAMM41			protein_coding
chr11-56	chr11	59810720	59810982	+	1	NA	promoter-TSS (ENST00000300151.5)	protein_coding-promoter-TSS (ENST00000300151.5)	-73	ENST00000300151.5	ENSG00000166902	ENST00000525470			MRPL16			protein_coding
chr2-206	chr2	11466109	11466371	+	1	NA	promoter-TSS (ENST00000307236.8)	protein_coding-promoter-TSS (ENST00000307236.8)	-63	ENST00000546212.2	ENSG00000169016	ENST00000498701			E2F6			protein_coding
chr6-25	chr6	35728098	35728360	+	1	NA	intron (ENST00000536438.5, intron 1 of 11)	protein_coding-intron (ENST00000536438.5, intron 1 of 11)	354	ENST00000536438.5	ENSG00000096060	ENST00000536438			FKBP5			protein_coding
chr17-54	chr17	74192920	74193182	+	1	NA	Intergenic	Intergenic	-10531	ENST00000439590.6	ENSG00000172809	ENST00000529123			RPL38			protein_coding
chr7-409	chr7	23299304	23299566	+	1	NA	promoter-TSS (ENST00000287543.4)	protein_coding-promoter-TSS (ENST00000287543.4)	94	ENST00000481564.1	ENSG00000156928	ENST00000481564			MALSU1			protein_coding
chr7-25	chr7	10940262	10940524	+	1	NA	promoter-TSS (ENST00000339600.6)	protein_coding-promoter-TSS (ENST00000339600.6)	-30	ENST00000604183.1	ENSG00000271185	ENST00000604183			ENSG00000271185			lncRNA
chr12-273	chr12	64404860	64405122	+	1	NA	promoter-TSS (ENST00000540203.5)	protein_coding-promoter-TSS (ENST00000540203.5)	-55	ENST00000540203.5	ENSG00000184575	ENST00000332707			XPOT			protein_coding
chr16-188	chr16	2226366	2226628	+	1	NA	intron (ENST00000565413.1, intron 1 of 5)	protein_coding-intron (ENST00000301727.9, intron 1 of 13)	-1896	ENST00000569796.1	ENSG00000167967	ENST00000567111			E4F1			protein_coding
chr3-15	chr3	40309453	40309715	+	1	NA	promoter-TSS (ENST00000232905.4)	protein_coding-promoter-TSS (ENST00000232905.4)	-25	ENST00000663881.1	ENSG00000280739	ENST00000631175			EIF1B-AS1			lncRNA
chr17-299	chr17	75525254	75525516	+	1	NA	promoter-TSS (ENST00000167462.9)	protein_coding-promoter-TSS (ENST00000167462.9)	305	ENST00000580578.5	ENSG00000073350	ENST00000577200			LLGL2			protein_coding
chr21-123	chr21	39527901	39528163	+	1	NA	exon (ENST00000411867.1, exon 2 of 2)	processed_pseudogene-exon (ENST00000411867.1, exon 2 of 2)	2449	ENST00000411867.1	ENSG00000235012	ENST00000411867			JCADP1			processed_pseudogene
chr15-87	chr15	100341958	100342220	+	1	NA	promoter-TSS (ENST00000268070.9)	protein_coding-promoter-TSS (ENST00000268070.9)	-84	ENST00000558960.1	ENSG00000140470	ENST00000268070			ADAMTS17			protein_coding
chr1-1058	chr1	55245844	55246106	+	1	NA	intron (ENST00000643232.1, intron 1 of 1)	lncRNA-intron (ENST00000643232.1, intron 1 of 1)	20334	ENST00000581938.1	ENSG00000265822	ENST00000581938			MIR4422			miRNA
chr16-399	chr16	80615900	80616162	+	1	NA	intron (ENST00000570137.7, intron 4 of 6)	protein_coding-intron (ENST00000561616.2, intron 3 of 3)	12348	ENST00000563684.1	ENSG00000260064	ENST00000563684			ENSG00000260064			lncRNA
chr12-192	chr12	47949502	47949764	+	1	NA	Intergenic	Intergenic	-6585	ENST00000395324.6	ENSG00000111424	ENST00000395324			VDR			protein_coding
chr14-290	chr14	74763041	74763303	+	1	NA	promoter-TSS (ENST00000325680.12)	protein_coding-promoter-TSS (ENST00000325680.12)	-144	ENST00000325680.12	ENSG00000119596	ENST00000325680			YLPM1			protein_coding
chr1-320	chr1	173714679	173714941	+	1	NA	promoter-TSS (ENST00000209884.5)	protein_coding-promoter-TSS (ENST00000209884.5)	-131	ENST00000479505.5	ENSG00000076321	ENST00000488983			KLHL20			protein_coding
chr10-15	chr10	5551716	5551978	+	1	NA	exon (ENST00000658565.1, exon 1 of 3)	lncRNA-exon (ENST00000658565.1, exon 1 of 3)	2430	ENST00000659334.1	ENSG00000287566	ENST00000658565			ENSG00000287566			lncRNA
chr1-1049	chr1	44213280	44213542	+	1	NA	promoter-TSS (ENST00000315913.9)	protein_coding-promoter-TSS (ENST00000315913.9)	-44	ENST00000361745.10	ENSG00000178028	ENST00000372290			DMAP1			protein_coding
chr14-189	chr14	68468720	68468982	+	1	NA	TTS (ENST00000468382.5)	protein_coding-TTS (ENST00000468382.5)	-3182	ENST00000555782.1	ENSG00000182185	ENST00000554244			RAD51B			protein_coding
chr16-400	chr16	81006827	81007089	+	1	NA	promoter-TSS (ENST00000219400.8)	protein_coding-promoter-TSS (ENST00000219400.8)	-61	ENST00000630396.1	ENSG00000103121	ENST00000563779			CMC2			protein_coding
chr2-34	chr2	240565841	240566103	+	1	NA	TTS (ENST00000405954.2)	protein_coding-TTS (ENST00000405954.2)	168	ENST00000451363.5	ENSG00000142327	ENST00000471657			RNPEPL1			protein_coding
chr17-1152	chr17	83195334	83195596	+	1	NA	intron (ENST00000651869.1, intron 3 of 3)	lncRNA-intron (ENST00000651869.1, intron 3 of 3)	-4187	ENST00000691786.1	ENSG00000262898	ENST00000572343			ENSG00000262898			lncRNA
chr5-357	chr5	175718794	175719056	+	1	NA	Intergenic	Intergenic	15027	ENST00000363778.1	ENSG00000200648	ENST00000363778			RNU6-226P			snRNA
chr5-16	chr5	96935790	96936052	+	1	NA	promoter-TSS (ENST00000231368.10)	protein_coding-promoter-TSS (ENST00000231368.10)	-100	ENST00000702626.1	ENSG00000247121	ENST00000665723			ENSG00000247121			lncRNA
chr3-1128	chr3	113019329	113019591	+	1	NA	promoter-TSS (ENST00000460707.1)	lncRNA-promoter-TSS (ENST00000460707.1)	-8	ENST00000655310.1	ENSG00000240057	ENST00000470313			NEPRO-AS1			lncRNA
chr15-83	chr15	70093614	70093876	+	1	NA	intron (ENST00000654081.1, intron 2 of 17)	protein_coding-intron (ENST00000317509.12, intron 4 of 19)	1040	ENST00000654081.1	ENSG00000140332	ENST00000560525			TLE3			protein_coding
chr1-636	chr1	10398752	10399014	+	1	NA	promoter-TSS (ENST00000270776.13)	protein_coding-promoter-TSS (ENST00000270776.13)	-161	ENST00000487775.1	ENSG00000142657	ENST00000493288			PGD			protein_coding
chr14-58	chr14	74019006	74019268	+	1	NA	promoter-TSS (ENST00000394009.5)	protein_coding-promoter-TSS (ENST00000394009.5)	134	ENST00000557681.1	ENSG00000187097	ENST00000556108			ENTPD5			protein_coding
chr15-584	chr15	101558062	101558324	+	1	NA	Intergenic	Intergenic	-4343	ENST00000560619.2	ENSG00000259464	ENST00000560619			SNRPCP18			processed_pseudogene
chr5-64	chr5	90529425	90529687	+	1	NA	promoter-TSS (ENST00000315948.11)	protein_coding-promoter-TSS (ENST00000315948.11)	5	ENST00000500869.6	ENSG00000176018	ENST00000500869			LYSMD3			protein_coding
chr9-95	chr9	133417967	133418229	+	1	NA	promoter-TSS (ENST00000371935.6)	protein_coding-promoter-TSS (ENST00000371935.6)	-2	ENST00000371935.6	ENSG00000148300	ENST00000494045			REXO4			protein_coding
chr6-141	chr6	125717436	125717698	+	1	NA	TTS (ENST00000606001.1)	lncRNA-TTS (ENST00000606001.1)	16088	ENST00000670227.1	ENSG00000224506	ENST00000670227			LINC02523			lncRNA
chr16-16	chr16	85472089	85472351	+	1	NA	intron (ENST00000637419.1, intron 2 of 2)	protein_coding-intron (ENST00000637419.1, intron 2 of 2)	-17593	ENST00000620845.1	ENSG00000278716	ENST00000620845			ENSG00000278716			lncRNA
chr12-116	chr12	121797121	121797383	+	1	NA	promoter-TSS (ENST00000609067.1)	lncRNA-promoter-TSS (ENST00000609067.1)	-259	ENST00000609067.1	ENSG00000272849	ENST00000609067			ENSG00000272849			lncRNA
chr21-66	chr21	14712117	14712379	+	1	NA	intron (ENST00000700842.1, intron 2 of 2)	lncRNA-intron (ENST00000673788.1, intron 3 of 3)	32360	ENST00000688014.1	ENSG00000232884	ENST00000700842			ENSG00000232884			lncRNA
chr7-141	chr7	74635464	74635726	+	1	NA	Intergenic	Intergenic	-1711	ENST00000623770.1	ENSG00000279005	ENST00000623770			ENSG00000279005			TEC
chr15-82	chr15	66504960	66505222	+	1	NA	promoter-TSS (ENST00000307897.10)	protein_coding-promoter-TSS (ENST00000307897.10)	8	ENST00000613446.4	ENSG00000174442	ENST00000564179			ZWILCH			protein_coding
chr11-495	chr11	112025197	112025459	+	1	NA	promoter-TSS (ENST00000280346.11)	protein_coding-promoter-TSS (ENST00000280346.11)	-80	ENST00000679815.1	ENSG00000150768	ENST00000681328			DLAT			protein_coding
chr9-46	chr9	995828	996090	+	1	NA	Intergenic	Intergenic	6004	ENST00000517182.1	ENSG00000252991	ENST00000517182			RNU6-1073P			snRNA
chr17-2052	chr17	82858389	82858651	+	1	NA	promoter-TSS (ENST00000571712.5)	protein_coding-promoter-TSS (ENST00000571712.5)	1	ENST00000576160.6	ENSG00000141556	ENST00000576996			TBCD			protein_coding
chr2-59	chr2	64906863	64907125	+	1	NA	exon (ENST00000485246.3, exon 1 of 1)	misc_RNA-exon (ENST00000485246.3, exon 1 of 1)	144	ENST00000485246.3	ENSG00000244534	ENST00000485246			RN7SL211P			misc_RNA
chr20-1720	chr20	45363097	45363359	+	1	NA	promoter-TSS (ENST00000243918.10)	protein_coding-promoter-TSS (ENST00000243918.10)	-2	ENST00000457307.1	ENSG00000204070	ENST00000453003			SYS1			protein_coding
chr10-58	chr10	30447110	30447372	+	1	NA	intron (ENST00000542547.5, intron 2 of 7)	protein_coding-intron (ENST00000263056.6, intron 3 of 8)	8064	ENST00000430603.1	ENSG00000107968	ENST00000415139			MAP3K8			protein_coding
chrX-18	chrX	53225162	53225424	+	1	NA	promoter-TSS (ENST00000349663.6)	protein_coding-promoter-TSS (ENST00000349663.6)	-60	ENST00000685539.1	ENSG00000126012	ENST00000477109			KDM5C			protein_coding
chr1-311	chr1	116508891	116509153	+	1	NA	Intergenic	Intergenic	-9810	ENST00000456414.2	ENSG00000224950	ENST00000456414			ENSG00000224950			lncRNA
chr1-993	chr1	1780412	1780674	+	1	NA	promoter-TSS (ENST00000378625.5)	protein_coding-promoter-TSS (ENST00000378625.5)	-86	ENST00000480542.1	ENSG00000008130	ENST00000460602			NADK			protein_coding
chr1-274	chr1	151058685	151058947	+	1	NA	intron (ENST00000540998.5, intron 1 of 5)	protein_coding-intron (ENST00000357235.6, intron 1 of 4)	758	ENST00000483763.5	ENSG00000197622	ENST00000492796			CDC42SE1			protein_coding
chr5-21	chr5	173535520	173535782	+	1	NA	Intergenic	Intergenic	-26827	ENST00000519821.1	ENSG00000253768	ENST00000519821			ENSG00000253768			lncRNA
chr11-299	chr11	17276137	17276399	+	1	NA	promoter-TSS (ENST00000323688.10)	protein_coding-promoter-TSS (ENST00000323688.10)	257	ENST00000533773.5	ENSG00000070081	ENST00000531242			NUCB2			protein_coding
chrX-20	chrX	154121971	154122233	+	1	NA	intron (ENST00000631210.1, intron 1 of 2)	protein_coding-intron (ENST00000631210.1, intron 1 of 2)	15001	ENST00000631210.1	ENSG00000169057	ENST00000629277			MECP2			protein_coding
chr20-1320	chr20	45791722	45791984	+	1	NA	promoter-TSS (ENST00000243938.9)	protein_coding-promoter-TSS (ENST00000243938.9)	15	ENST00000465935.1	ENSG00000124116	ENST00000462017			WFDC3			protein_coding
chr20-1430	chr20	31845191	31845453	+	1	NA	exon (ENST00000375978.5, exon 1 of 1)	protein_coding-exon (ENST00000375978.5, exon 1 of 1)	282	ENST00000375978.5	ENSG00000179772	ENST00000375978			FOXS1			protein_coding
chr2-5	chr2	11530986	11531248	+	1	NA	intron (ENST00000628795.2, intron 1 of 2)	protein_coding-intron (ENST00000628795.2, intron 1 of 2)	-2928	ENST00000381486.7	ENSG00000196208	ENST00000263834			GREB1			protein_coding
chr9-710	chr9	26892735	26892997	+	1	NA	promoter-TSS (ENST00000333916.8)	protein_coding-promoter-TSS (ENST00000333916.8)	-63	ENST00000520187.1	ENSG00000120159	ENST00000517946			CAAP1			protein_coding
chr14-15	chr14	102592039	102592301	+	1	NA	promoter-TSS (ENST00000262241.7)	protein_coding-promoter-TSS (ENST00000262241.7)	-479	ENST00000262241.7	ENSG00000089902	ENST00000560472			RCOR1			protein_coding
chr21-64	chr21	45403192	45403454	+	1	NA	TTS (ENST00000617004.2)	lncRNA-TTS (ENST00000617004.2)	1620	ENST00000617004.2	ENSG00000273796	ENST00000617004			BNAT1			lncRNA
chr17-193	chr17	62065663	62065925	+	1	NA	promoter-TSS (ENST00000397786.7)	protein_coding-promoter-TSS (ENST00000397786.7)	161	ENST00000688399.1	ENSG00000289293	ENST00000688399			ENSG00000289293			lncRNA
chr1-539	chr1	32817114	32817376	+	1	NA	promoter-TSS (ENST00000356689.7)	protein_coding-promoter-TSS (ENST00000356689.7)	27	ENST00000481895.6	ENSG00000134684	ENST00000674629			YARS1			protein_coding
chr7-138	chr7	36303369	36303631	+	1	NA	Intergenic	Intergenic	-2131	ENST00000419980.1	ENSG00000234457	ENST00000419980			ENSG00000234457			processed_pseudogene
chr14-81	chr14	75278738	75279000	+	1	NA	promoter-TSS (ENST00000303562.9)	protein_coding-promoter-TSS (ENST00000303562.9)	41	ENST00000303562.9	ENSG00000170345	ENST00000556324			FOS			protein_coding
chr19-167	chr19	49363795	49364057	+	1	NA	promoter-TSS (ENST00000221498.7)	protein_coding-promoter-TSS (ENST00000221498.7)	-8	ENST00000597546.1	ENSG00000104901	ENST00000598682			DKKL1			protein_coding
chr9-279	chr9	88370357	88370619	+	1	NA	Intergenic	Intergenic	-17942	ENST00000485804.5	ENSG00000106723	ENST00000485565			SPIN1			protein_coding
chr6-138	chr6	53061848	53062110	+	1	NA	promoter-TSS (ENST00000350082.10)	protein_coding-promoter-TSS (ENST00000350082.10)	-155	ENST00000676107.1	ENSG00000112144	ENST00000676107			CILK1			protein_coding
chr9-86	chr9	126673796	126674058	+	1	NA	intron (ENST00000526117.6, intron 2 of 7)	protein_coding-intron (ENST00000355497.10, intron 2 of 7)	30764	ENST00000671261.1	ENSG00000286428	ENST00000671261			ENSG00000286428			lncRNA
chr9-183	chr9	136695500	136695762	+	1	NA	Intergenic	Intergenic	-8174	ENST00000371696.7	ENSG00000169692	ENST00000470861			AGPAT2			protein_coding
chr3-1520	chr3	147393435	147393697	+	1	NA	promoter-TSS (ENST00000488404.5)	protein_coding-promoter-TSS (ENST00000488404.5)	144	ENST00000472523.1	ENSG00000152977	ENST00000282928			ZIC1			protein_coding
chr13-84	chr13	30796287	30796549	+	1	NA	Intergenic	Intergenic	-6788	ENST00000414407.1	ENSG00000237879	ENST00000414407			LINC00398			lncRNA
chr2-184	chr2	231642689	231642951	+	1	NA	Intergenic	Intergenic	3453	ENST00000481141.3	ENSG00000239202	ENST00000481141			RN7SL499P			misc_RNA
chr6-57	chr6	39114750	39115012	+	1	NA	intron (ENST00000703663.1, intron 1 of 2)	protein_coding-intron (ENST00000229903.5, intron 1 of 1)	290	ENST00000703663.1	ENSG00000112167	ENST00000481599			SAYSD1			protein_coding
chr7-57	chr7	44712131	44712393	+	1	NA	Intergenic	Intergenic	-36319	ENST00000413916.5	ENSG00000122515	ENST00000413916			ZMIZ2			protein_coding
chr5-135	chr5	148398360	148398622	+	1	NA	promoter-TSS (ENST00000502629.1)	protein_coding-promoter-TSS (ENST00000502629.1)	-506	ENST00000502629.1	ENSG00000145868	ENST00000509273			FBXO38			protein_coding
chr3-987	chr3	49006985	49007247	+	1	NA	promoter-TSS (ENST00000395474.7)	protein_coding-promoter-TSS (ENST00000395474.7)	54	ENST00000395474.7	ENSG00000178252	ENST00000498023			WDR6			protein_coding
chr6-313	chr6	55828002	55828264	+	1	NA	intron (ENST00000370830.4, intron 1 of 6)	protein_coding-intron (ENST00000370830.4, intron 1 of 6)	47457	ENST00000370830.4	ENSG00000112175	ENST00000370830			BMP5			protein_coding
chr12-53	chr12	75330206	75330468	+	1	NA	promoter-TSS (ENST00000409445.8)	protein_coding-promoter-TSS (ENST00000409445.8)	-13	ENST00000699294.1	ENSG00000180881	ENST00000486196			CAPS2			protein_coding
chr19-191	chr19	43827379	43827641	+	1	NA	promoter-TSS (ENST00000588967.1)	protein_coding-promoter-TSS (ENST00000588967.1)	86	ENST00000590950.5	ENSG00000167637	ENST00000324461			ZNF283			protein_coding
chr9-182	chr9	133509565	133509827	+	1	NA	Intergenic	Intergenic	15263	ENST00000339996.4	ENSG00000187616	ENST00000413714			MYMK			protein_coding
chr14-40	chr14	96204485	96204747	+	1	NA	promoter-TSS (ENST00000539359.1)	protein_coding-promoter-TSS (ENST00000539359.1)	-63	ENST00000542454.2	ENSG00000168398	ENST00000554311			BDKRB2			protein_coding
chr8-143	chr8	63038688	63038950	+	1	NA	promoter-TSS (ENST00000260118.7)	protein_coding-promoter-TSS (ENST00000260118.7)	-13	ENST00000260118.7	ENSG00000137563	ENST00000260118			GGH			protein_coding
chr2-308	chr2	241191199	241191461	+	1	NA	intron (ENST00000402530.8, intron 3 of 3)	protein_coding-intron (ENST00000274979.12, intron 3 of 24)	2653	ENST00000402530.8	ENSG00000146205	ENST00000475532			ANO7			protein_coding
chr22-36	chr22	50027600	50027862	+	1	NA	intron (ENST00000433387.2, intron 13 of 13)	protein_coding-intron (ENST00000433387.2, intron 13 of 13)	-14966	ENST00000695951.1	ENSG00000188263	ENST00000695951			IL17REL			protein_coding
chr11-54	chr11	78079737	78079999	+	1	NA	promoter-TSS (ENST00000281031.5)	protein_coding-promoter-TSS (ENST00000281031.5)	-3	ENST00000530054.1	ENSG00000259112	ENST00000614236			NDUFC2-KCTD14			protein_coding
chr15-347	chr15	23039452	23039714	+	1	NA	promoter-TSS (ENST00000614508.4)	protein_coding-promoter-TSS (ENST00000614508.4)	-11	ENST00000620435.4	ENSG00000275835	ENST00000615455			TUBGCP5			protein_coding
chr3-395	chr3	81761401	81761663	+	1	NA	exon (ENST00000429644.7, exon 1 of 16)	protein_coding-exon (ENST00000429644.7, exon 1 of 16)	113	ENST00000429644.7	ENSG00000114480	ENST00000489715			GBE1			protein_coding
chr9-203	chr9	127187405	127187667	+	1	NA	intron (ENST00000424082.6, intron 11 of 17)	protein_coding-intron (ENST00000259351.10, intron 11 of 18)	-22967	ENST00000467325.2	ENSG00000136828	ENST00000467325			RALGPS1			protein_coding
chr17-56	chr17	75784824	75785086	+	1	NA	promoter-TSS (ENST00000579134.1)	miRNA-promoter-TSS (ENST00000579134.1)	93	ENST00000592629.1	ENSG00000132478	ENST00000587501			UNK			protein_coding
chr9-202	chr9	125143517	125143779	+	1	NA	promoter-TSS (ENST00000336505.11)	protein_coding-promoter-TSS (ENST00000336505.11)	-120	ENST00000336505.11	ENSG00000173611	ENST00000468569			SCAI			protein_coding
chr12-139	chr12	89354038	89354300	+	1	NA	TTS (ENST00000611513.1)	lncRNA-TTS (ENST00000611513.1)	371	ENST00000657284.1	ENSG00000286608	ENST00000657284			ENSG00000286608			lncRNA
chr12-57	chr12	2795940	2796202	+	1	NA	promoter-TSS (ENST00000538622.1)	protein_coding-promoter-TSS (ENST00000538622.1)	414	ENST00000540260.1	ENSG00000004478	ENST00000001008			FKBP4			protein_coding
chr16-29	chr16	75129814	75130076	+	1	NA	intron (ENST00000563098.1, intron 3 of 4)	lncRNA-intron (ENST00000563098.1, intron 3 of 4)	10387	ENST00000563098.1	ENSG00000261058	ENST00000563098			ENSG00000261058			lncRNA
chr8-142	chr8	143956497	143956759	+	1	NA	intron (ENST00000532346.1, intron 1 of 3)	protein_coding-intron (ENST00000356346.7, intron 1 of 31)	2171	ENST00000685198.1	ENSG00000178209	ENST00000345136			PLEC			protein_coding
chr7-317	chr7	155297116	155297378	+	1	NA	promoter-TSS (ENST00000340368.9)	protein_coding-promoter-TSS (ENST00000340368.9)	294	ENST00000609974.1	ENSG00000273117	ENST00000609974			INSIG1-DT			lncRNA
chr17-39	chr17	68290311	68290573	+	1	NA	intron (ENST00000582867.1, intron 1 of 4)	protein_coding-intron (ENST00000327268.8, intron 1 of 6)	674	ENST00000327268.8	ENSG00000108932	ENST00000580666			SLC16A6			protein_coding
chr6-72	chr6	143450599	143450861	+	1	NA	promoter-TSS (ENST00000237283.9)	protein_coding-promoter-TSS (ENST00000237283.9)	-35	ENST00000237283.9	ENSG00000189007	ENST00000367593			ADAT2			protein_coding
chr17-1040	chr17	27247438	27247700	+	1	NA	Intergenic	Intergenic	-5908	ENST00000581944.1	ENSG00000265246	ENST00000581944			ENSG00000265246			lncRNA
chr12-93	chr12	14365692	14365954	+	1	NA	promoter-TSS (ENST00000509114.3)	lncRNA-promoter-TSS (ENST00000509114.3)	94	ENST00000536444.5	ENSG00000171681	ENST00000541654			ATF7IP			protein_coding
chr12-3	chr12	106178705	106178967	+	1	NA	Intergenic	Intergenic	8832	ENST00000548943.1	ENSG00000257611	ENST00000548943			ENSG00000257611			processed_pseudogene
chr2-665	chr2	241093303	241093565	+	1	NA	TTS (ENST00000401626.6)	protein_coding-TTS (ENST00000401626.6)	942	ENST00000449133.1	ENSG00000122085	ENST00000496878			MTERF4			protein_coding
chr9-230	chr9	125241507	125241769	+	1	NA	promoter-TSS (ENST00000324460.7)	protein_coding-promoter-TSS (ENST00000324460.7)	-25	ENST00000468244.2	ENSG00000239705	ENST00000468244			HSPA5-DT			lncRNA
chr8-20	chr8	102238646	102238908	+	1	NA	promoter-TSS (ENST00000395912.6)	protein_coding-promoter-TSS (ENST00000395912.6)	-2	ENST00000522368.5	ENSG00000048392	ENST00000519125			RRM2B			protein_coding
chr22-18	chr22	28923889	28924151	+	1	NA	intron (ENST00000402174.5, intron 1 of 8)	protein_coding-intron (ENST00000402174.5, intron 1 of 8)	6631	ENST00000402174.5	ENSG00000183579	ENST00000402174			ZNRF3			protein_coding
chr10-410	chr10	104338748	104339010	+	1	NA	promoter-TSS (ENST00000337478.3)	protein_coding-promoter-TSS (ENST00000337478.3)	-414	ENST00000337478.3	ENSG00000148841	ENST00000458723			ITPRIP			protein_coding
chr7-72	chr7	75893058	75893320	+	1	NA	Intergenic	Intergenic	-6011	ENST00000453773.5	ENSG00000127948	ENST00000454934			POR			protein_coding
chr16-80	chr16	2228496	2228758	+	1	NA	intron (ENST00000569796.1, intron 1 of 4)	protein_coding-intron (ENST00000301727.9, intron 2 of 13)	234	ENST00000569796.1	ENSG00000167967	ENST00000567111			E4F1			protein_coding
chr15-264	chr15	65185040	65185302	+	1	NA	promoter-TSS (ENST00000559152.5)	protein_coding-promoter-TSS (ENST00000559152.5)	45	ENST00000559152.5	ENSG00000166855	ENST00000558958			CLPX			protein_coding
chr1-56	chr1	26620821	26621083	+	1	NA	promoter-TSS (ENST00000690093.1)	lncRNA-promoter-TSS (ENST00000690093.1)	-42	ENST00000690093.1	ENSG00000289452	ENST00000690093			ENSG00000289452			lncRNA
chr11-35	chr11	61161316	61161578	+	1	NA	promoter-TSS (ENST00000301765.10)	protein_coding-promoter-TSS (ENST00000301765.10)	6	ENST00000536000.1	ENSG00000167987	ENST00000301765			VPS37C			protein_coding
chr14-26	chr14	77400304	77400566	+	1	NA	intron (ENST00000555901.1, intron 4 of 4)	protein_coding-intron (ENST00000380835.7, intron 5 of 5)	22621	ENST00000555901.1	ENSG00000165555	ENST00000555603			NOXRED1			protein_coding
chr19-394	chr19	45792845	45793107	+	1	NA	promoter-TSS (ENST00000270223.7)	protein_coding-promoter-TSS (ENST00000270223.7)	-131	ENST00000270223.7	ENSG00000185800	ENST00000537879			DMWD			protein_coding
chr12-92	chr12	123633631	123633893	+	1	NA	promoter-TSS (ENST00000228955.11)	protein_coding-promoter-TSS (ENST00000228955.11)	4	ENST00000537073.1	ENSG00000111361	ENST00000543940			EIF2B1			protein_coding
chr16-611	chr16	74985141	74985403	+	1	NA	promoter-TSS (ENST00000262144.11)	protein_coding-promoter-TSS (ENST00000262144.11)	-149	ENST00000262144.11	ENSG00000103091	ENST00000563111			WDR59			protein_coding
chr12-97	chr12	51828117	51828379	+	1	NA	intron (ENST00000567167.1, intron 3 of 4)	lncRNA-intron (ENST00000567167.1, intron 3 of 4)	4745	ENST00000567167.1	ENSG00000260473	ENST00000567167			ENSG00000260473			lncRNA
chr8-18	chr8	101437162	101437424	+	1	NA	intron (ENST00000519793.1, intron 1 of 1)	lncRNA-intron (ENST00000519793.1, intron 1 of 1)	15159	ENST00000519793.1	ENSG00000254084	ENST00000519793			ENSG00000254084			lncRNA
chr20-373	chr20	20052241	20052503	+	1	NA	promoter-TSS (ENST00000245957.10)	protein_coding-promoter-TSS (ENST00000245957.10)	94	ENST00000536226.2	ENSG00000101343	ENST00000377327			CRNKL1			protein_coding
chr1-746	chr1	178238923	178239185	+	1	NA	intron (ENST00000696605.1, intron 1 of 17)	protein_coding-intron (ENST00000367649.8, intron 1 of 17)	8744	ENST00000696605.1	ENSG00000075391	ENST00000433130			RASAL2			protein_coding
chr17-2289	chr17	68011187	68011449	+	1	NA	Intergenic	Intergenic	-14849	ENST00000580729.3	ENSG00000186665	ENST00000536693			C17orf58			protein_coding
chr16-190	chr16	2719271	2719533	+	1	NA	promoter-TSS (ENST00000566492.1)	protein_coding-promoter-TSS (ENST00000566492.1)	822	ENST00000302641.8	ENSG00000172382	ENST00000302641			PRSS27			protein_coding
chr5-154	chr5	127030707	127030969	+	1	NA	promoter-TSS (ENST00000308660.6)	protein_coding-promoter-TSS (ENST00000308660.6)	-280	ENST00000308660.6	ENSG00000173926	ENST00000515241			MARCHF3			protein_coding
chr1-969	chr1	228043389	228043651	+	1	NA	intron (ENST00000284523.2, intron 2 of 3)	protein_coding-intron (ENST00000284523.2, intron 2 of 3)	33030	ENST00000623471.1	ENSG00000276255	ENST00000611237			LINC02809			lncRNA
chr2-145	chr2	61764475	61764737	+	1	NA	promoter-TSS (ENST00000687336.1)	lncRNA-promoter-TSS (ENST00000687336.1)	62	ENST00000701106.1	ENSG00000289855	ENST00000701106			ENSG00000289855			lncRNA
chr9-66	chr9	128022263	128022525	+	1	NA	Intergenic	Intergenic	34968	ENST00000414976.1	ENSG00000230848	ENST00000414976			ENSG00000230848			lncRNA
chr9-456	chr9	89605550	89605812	+	1	NA	promoter-TSS (ENST00000649632.1)	lncRNA-promoter-TSS (ENST00000649632.1)	589	ENST00000494726.1	ENSG00000130222	ENST00000252506			GADD45G			protein_coding
chr8-250	chr8	125528944	125529206	+	1	NA	intron (ENST00000521991.2, intron 2 of 2)	lncRNA-intron (ENST00000521991.2, intron 2 of 2)	42395	ENST00000521991.2	ENSG00000253111	ENST00000521991			TRIB1AL			lncRNA
chr3-94	chr3	15099043	15099305	+	1	NA	promoter-TSS (ENST00000253699.7)	protein_coding-promoter-TSS (ENST00000253699.7)	-11	ENST00000476527.6	ENSG00000131381	ENST00000449964			RBSN			protein_coding
chr5-73	chr5	38845756	38846018	+	1	NA	promoter-TSS (ENST00000274276.8)	protein_coding-promoter-TSS (ENST00000274276.8)	29	ENST00000502536.5	ENSG00000145623	ENST00000508882			OSMR			protein_coding
chr3-164	chr3	4986861	4987123	+	1	NA	Intergenic	Intergenic	-6578	ENST00000668962.1	ENSG00000235831	ENST00000701363			BHLHE40-AS1			lncRNA
chr17-2389	chr17	40555687	40555949	+	1	NA	exon (ENST00000246657.2, exon 3 of 3)	protein_coding-exon (ENST00000246657.2, exon 3 of 3)	5195	ENST00000579344.1	ENSG00000126353	ENST00000579344			CCR7			protein_coding
chr17-96	chr17	75309418	75309680	+	1	NA	Intergenic	Intergenic	12204	ENST00000581959.1	ENSG00000177885	ENST00000392564			GRB2			protein_coding
chr18-11	chr18	24076154	24076416	+	1	NA	TTS (ENST00000578443.1)	lncRNA-TTS (ENST00000578443.1)	23035	ENST00000578443.1	ENSG00000265204	ENST00000578443			ENSG00000265204			lncRNA
chr6-264	chr6	82570095	82570357	+	1	NA	Intergenic	Intergenic	205982	ENST00000543496.3	ENSG00000146242	ENST00000543496			TPBG			protein_coding
chr17-6	chr17	57849995	57850257	+	1	NA	promoter-TSS (ENST00000313608.13)	protein_coding-promoter-TSS (ENST00000313608.13)	-70	ENST00000579380.1	ENSG00000181610	ENST00000578444			MRPS23			protein_coding
chr9-251	chr9	91164611	91164873	+	1	NA	exon (ENST00000423719.3, exon 2 of 2)	lncRNA-exon (ENST00000423719.3, exon 2 of 2)	-1414	ENST00000457976.2	ENSG00000237422	ENST00000666264			ENSG00000237422			lncRNA
chr20-12	chr20	45972179	45972441	+	1	NA	promoter-TSS (ENST00000322927.3)	protein_coding-promoter-TSS (ENST00000322927.3)	-107	ENST00000322927.3	ENSG00000198026	ENST00000475002			ZNF335			protein_coding
chr11-28	chr11	34570640	34570902	+	1	NA	promoter-TSS (ENST00000527135.1)	lncRNA-promoter-TSS (ENST00000527135.1)	-105	ENST00000527135.1	ENSG00000255427	ENST00000527135			LINC02707			lncRNA
chr2-55	chr2	85259330	85259592	+	1	NA	intron (ENST00000442813.1, intron 4 of 5)	protein_coding-intron (ENST00000282111.4, intron 3 of 11)	2806	ENST00000419682.1	ENSG00000230299	ENST00000419682			SNRPEP11			processed_pseudogene
chr16-958	chr16	68002572	68002834	+	1	NA	exon (ENST00000571212.1, exon 4 of 4)	unprocessed_pseudogene-exon (ENST00000571212.1, exon 4 of 4)	-2117	ENST00000575203.5	ENSG00000167261	ENST00000268795			DPEP2			protein_coding
chr20-13	chr20	54085059	54085321	+	1	NA	Intergenic	Intergenic	-14596	ENST00000688948.1	ENSG00000064787	ENST00000371435			BCAS1			protein_coding
chr7-116	chr7	44848272	44848534	+	1	NA	promoter-TSS (ENST00000222690.10)	protein_coding-promoter-TSS (ENST00000222690.10)	-13	ENST00000443162.1	ENSG00000234183	ENST00000443162			H2AZ2-DT			lncRNA
chr10-98	chr10	102393942	102394204	+	1	NA	promoter-TSS (ENST00000369966.8)	protein_coding-promoter-TSS (ENST00000369966.8)	-37	ENST00000601386.5	ENSG00000077150	ENST00000189444			NFKB2			protein_coding
chr16-41	chr16	81144231	81144493	+	1	NA	intron (ENST00000533478.5, intron 19 of 31)	protein_coding-intron (ENST00000299598.11, intron 20 of 24)	-2863	ENST00000530363.5	ENSG00000166473	ENST00000299598			PKD1L2			protein_coding
chr3-485	chr3	148155056	148155318	+	1	NA	Intergenic	Intergenic	-5724	ENST00000477153.1	ENSG00000244650	ENST00000470219			ENSG00000244650			lncRNA
chr13-10	chr13	26838102	26838364	+	1	NA	Intergenic	Intergenic	-67129	ENST00000395943.3	ENSG00000230256	ENST00000395943			FGFR1OP2P1			processed_pseudogene
chr4-50	chr4	39638973	39639235	+	1	NA	promoter-TSS (ENST00000295958.10)	protein_coding-promoter-TSS (ENST00000295958.10)	-3	ENST00000667934.1	ENSG00000255458	ENST00000667934			SMIM14-DT			lncRNA
chr8-346	chr8	142739338	142739600	+	1	NA	Intergenic	Intergenic	2937	ENST00000246515.2	ENSG00000126233	ENST00000246515			SLURP1			protein_coding
chr8-389	chr8	101205608	101205870	+	1	NA	promoter-TSS (ENST00000311212.9)	protein_coding-promoter-TSS (ENST00000311212.9)	-7	ENST00000519882.5	ENSG00000120963	ENST00000519744			ZNF706			protein_coding
chr1-596	chr1	169312340	169312602	+	1	NA	intron (ENST00000432081.1, intron 1 of 1)	protein_coding-intron (ENST00000367811.8, intron 3 of 11)	1806	ENST00000432081.1	ENSG00000235575	ENST00000432081			ENSG00000235575			lncRNA
chr4-11	chr4	138910912	138911174	+	1	NA	intron (ENST00000507038.1, intron 1 of 2)	lncRNA-intron (ENST00000507038.1, intron 1 of 2)	13189	ENST00000506416.1	ENSG00000250577	ENST00000506416			ENSG00000250577			lncRNA
chr16-359	chr16	795676	795938	+	1	NA	promoter-TSS (ENST00000498439.1)	protein_coding-promoter-TSS (ENST00000498439.1)	-808	ENST00000498439.1	ENSG00000127586	ENST00000484349			CHTF18			protein_coding
chr20-663	chr20	59299871	59300133	+	1	NA	promoter-TSS (ENST00000311585.11)	protein_coding-promoter-TSS (ENST00000311585.11)	-441	ENST00000311585.11	ENSG00000124205	ENST00000672969			EDN3			protein_coding
chr4-228	chr4	26320501	26320763	+	1	NA	promoter-TSS (ENST00000348160.9)	protein_coding-promoter-TSS (ENST00000348160.9)	69	ENST00000361572.10	ENSG00000168214	ENST00000505727			RBPJ			protein_coding
chr12-152	chr12	55829588	55829850	+	1	NA	promoter-TSS (ENST00000546957.2)	protein_coding-promoter-TSS (ENST00000546957.2)	111	ENST00000478241.6	ENSG00000293491	ENST00000692833			TMEM198B			lncRNA
chr10-19	chr10	29124981	29125243	+	1	NA	Intergenic	Intergenic	-163949	ENST00000375500.8	ENSG00000120563	ENST00000649382			LYZL1			protein_coding
chr17-1632	chr17	4678429	4678691	+	1	NA	intron (ENST00000575101.1, intron 3 of 3)	protein_coding-intron (ENST00000301396.8, intron 5 of 16)	-2316	ENST00000573506.1	ENSG00000141456	ENST00000572293			PELP1			protein_coding
chr5-31	chr5	6766525	6766787	+	1	NA	intron (ENST00000701164.1, intron 1 of 3)	lncRNA-intron (ENST00000506093.1, intron 1 of 2)	712	ENST00000688820.1	ENSG00000251365	ENST00000652281			LINC02236			lncRNA
chr1-278	chr1	169893920	169894182	+	1	NA	promoter-TSS (ENST00000367771.11)	protein_coding-promoter-TSS (ENST00000367771.11)	-92	ENST00000367772.8	ENSG00000000457	ENST00000470238			SCYL3			protein_coding
chr6-195	chr6	13725596	13725858	+	1	NA	Intergenic	Intergenic	-13892	ENST00000011619.6	ENSG00000010017	ENST00000011619			RANBP9			protein_coding
chr20-1895	chr20	46206101	46206363	+	1	NA	intron (ENST00000537909.4, intron 7 of 11)	protein_coding-intron (ENST00000537909.4, intron 7 of 11)	14617	ENST00000474438.1	ENSG00000149654	ENST00000537909			CDH22			protein_coding
chr1-374	chr1	162159443	162159705	+	1	NA	intron (ENST00000530878.5, intron 2 of 9)	protein_coding-intron (ENST00000361897.10, intron 2 of 9)	2467	ENST00000577581.1	ENSG00000266144	ENST00000577581			MIR4654			miRNA
chr1-211	chr1	114090153	114090415	+	1	NA	TTS (ENST00000641643.2)	protein_coding-TTS (ENST00000641643.2)	57907	ENST00000632517.2	ENSG00000282048	ENST00000632517			ENSG00000282048			lncRNA
chr13-176	chr13	27424203	27424465	+	1	NA	promoter-TSS (ENST00000381140.10)	protein_coding-promoter-TSS (ENST00000381140.10)	-285	ENST00000381140.10	ENSG00000122034	ENST00000466776			GTF3A			protein_coding
chr3-507	chr3	13514170	13514432	+	1	NA	Intergenic	Intergenic	17475	ENST00000495099.2	ENSG00000163517	ENST00000425430			HDAC11			protein_coding
chr12-317	chr12	69585499	69585761	+	1	NA	promoter-TSS (ENST00000543146.2)	protein_coding-promoter-TSS (ENST00000543146.2)	-36	ENST00000543146.2	ENSG00000166226	ENST00000551899			CCT2			protein_coding
chr12-170	chr12	52895357	52895619	+	1	NA	Intergenic	Intergenic	6379	ENST00000547031.5	ENSG00000170421	ENST00000546542			KRT8			protein_coding
chr16-589	chr16	30417626	30417888	+	1	NA	exon (ENST00000319296.10, exon 3 of 3)	protein_coding-exon (ENST00000319296.10, exon 3 of 3)	2002	ENST00000362917.1	ENSG00000199787	ENST00000362917			SNORA80C			snoRNA
chr10-54	chr10	131099022	131099284	+	1	NA	intron (ENST00000483040.1, intron 10 of 11)	protein_coding-intron (ENST00000368642.4, intron 10 of 11)	3935	ENST00000436942.1	ENSG00000230098	ENST00000436942			TCERG1L-AS1			lncRNA
chr16-99	chr16	4183374	4183636	+	1	NA	promoter-TSS (ENST00000573220.1)	lncRNA-promoter-TSS (ENST00000573220.1)	10	ENST00000573220.1	ENSG00000263105	ENST00000573220			ENSG00000263105			lncRNA
chr3-112	chr3	8622956	8623218	+	1	NA	intron (ENST00000544814.7, intron 11 of 11)	protein_coding-intron (ENST00000317371.8, intron 18 of 18)	10628	ENST00000492435.1	ENSG00000125046	ENST00000420394			SSUH2			protein_coding
chr7-134	chr7	7911438	7911700	+	1	NA	intron (ENST00000469183.5, intron 4 of 4)	lncRNA-intron (ENST00000469183.5, intron 4 of 4)	-1120	ENST00000399411.2	ENSG00000214998	ENST00000399411			CCNB2P1			processed_pseudogene
chr17-1335	chr17	59366964	59367226	+	1	NA	TTS (ENST00000584140.1)	miRNA-TTS (ENST00000584140.1)	1012	ENST00000584140.1	ENSG00000263857	ENST00000584140			MIR4729			miRNA
chr2-61	chr2	99636642	99636904	+	1	NA	intron (ENST00000430789.1, intron 7 of 8)	protein_coding-intron (ENST00000317233.8, intron 12 of 23)	-43003	ENST00000445815.2	ENSG00000144218	ENST00000673232			AFF3			protein_coding
chrX-173	chrX	129525168	129525430	+	1	NA	Intergenic	Intergenic	-1799	ENST00000371122.8	ENSG00000102038	ENST00000478420			SMARCA1			protein_coding
chr14-56	chr14	35332102	35332364	+	1	NA	Intergenic	Intergenic	19490	ENST00000554457.1	ENSG00000100902	ENST00000553809			PSMA6			protein_coding
chr6-134	chr6	30769204	30769466	+	1	NA	intron (ENST00000439406.6, intron 1 of 3)	lncRNA-intron (ENST00000439406.6, intron 1 of 3)	2537	ENST00000439406.6	ENSG00000228022	ENST00000439406			HCG20			lncRNA
chr12-301	chr12	45727525	45727787	+	1	NA	TTS (ENST00000687359.1)	lncRNA-TTS (ENST00000687359.1)	204	ENST00000609803.3	ENSG00000273015	ENST00000609803			LINC00938			lncRNA
chr12-120	chr12	6688868	6689130	+	1	NA	promoter-TSS (ENST00000535485.5)	protein_coding-promoter-TSS (ENST00000535485.5)	-103	ENST00000538829.5	ENSG00000126746	ENST00000537248			ZNF384			protein_coding
chr19-264	chr19	58386682	58386944	+	1	NA	promoter-TSS (ENST00000196551.8)	protein_coding-promoter-TSS (ENST00000196551.8)	45	ENST00000582477.1	ENSG00000266640	ENST00000582477			MIR4754			miRNA
chr16-253	chr16	87853690	87853952	+	1	NA	intron (ENST00000261622.5, intron 1 of 9)	protein_coding-intron (ENST00000261622.5, intron 1 of 9)	9818	ENST00000565644.5	ENSG00000103257	ENST00000565644			SLC7A5			protein_coding
chr6-75	chr6	27251892	27252154	+	1	NA	promoter-TSS (ENST00000485603.1)	protein_coding-promoter-TSS (ENST00000485603.1)	361	ENST00000471463.5	ENSG00000112812	ENST00000462664			PRSS16			protein_coding
chr7-75	chr7	92245847	92246109	+	1	NA	promoter-TSS (ENST00000265742.8)	protein_coding-promoter-TSS (ENST00000265742.8)	4	ENST00000265742.8	ENSG00000001629	ENST00000265742			ANKIB1			protein_coding
chr1-105	chr1	116152100	116152362	+	1	NA	Intergenic	Intergenic	-11978	ENST00000426515.2	ENSG00000235933	ENST00000426515			LINC01779			lncRNA
chrX-30	chrX	68433221	68433483	+	1	NA	promoter-TSS (ENST00000679822.1)	protein_coding-promoter-TSS (ENST00000679822.1)	28	ENST00000680612.1	ENSG00000079482	ENST00000679822			OPHN1			protein_coding
chr16-18	chr16	2251480	2251742	+	1	NA	promoter-TSS (ENST00000301729.9)	protein_coding-promoter-TSS (ENST00000301729.9)	-20	ENST00000566379.1	ENSG00000167969	ENST00000301729			ECI1			protein_coding
chr2-175	chr2	110677843	110678105	+	1	NA	promoter-TSS (ENST00000302759.11)	protein_coding-promoter-TSS (ENST00000302759.11)	54	ENST00000466333.5	ENSG00000169679	ENST00000535254			BUB1			protein_coding
chr19-351	chr19	2579207	2579469	+	1	NA	intron (ENST00000587867.1, intron 2 of 5)	protein_coding-intron (ENST00000382159.8, intron 2 of 4)	15953	ENST00000584223.2	ENSG00000263974	ENST00000584223			RN7SL121P			misc_RNA
chr16-540	chr16	740955	741217	+	1	NA	promoter-TSS (ENST00000251588.7)	protein_coding-promoter-TSS (ENST00000251588.7)	-71	ENST00000570066.1	ENSG00000103245	ENST00000567172			CIAO3			protein_coding
chr13-88	chr13	43023464	43023726	+	1	NA	promoter-TSS (ENST00000379221.4)	protein_coding-promoter-TSS (ENST00000379221.4)	9	ENST00000379221.4	ENSG00000120675	ENST00000474320			DNAJC15			protein_coding
chr1-1246	chr1	168439734	168439996	+	1	NA	intron (ENST00000655809.1, intron 4 of 5)	lncRNA-intron (ENST00000636459.1, intron 5 of 8)	11346	ENST00000400977.3	ENSG00000215833	ENST00000400977			QRSL1P1			processed_pseudogene
chr6-212	chr6	44223739	44224001	+	1	NA	promoter-TSS (ENST00000371724.6)	protein_coding-promoter-TSS (ENST00000371724.6)	49	ENST00000642777.1	ENSG00000112759	ENST00000371755			SLC29A1			protein_coding
chr20-456	chr20	18567300	18567562	+	1	NA	promoter-TSS (ENST00000411646.2)	protein_coding-promoter-TSS (ENST00000411646.2)	-1	ENST00000411646.2	ENSG00000232388	ENST00000435844			SMIM26			protein_coding
chr9-307	chr9	132944524	132944786	+	1	NA	promoter-TSS (ENST00000298552.9)	protein_coding-promoter-TSS (ENST00000298552.9)	-22	ENST00000645129.2	ENSG00000165699	ENST00000475903			TSC1			protein_coding
chr20-64	chr20	25017447	25017709	+	1	NA	intron (ENST00000537502.5, intron 6 of 12)	protein_coding-intron (ENST00000323482.9, intron 7 of 13)	-5252	ENST00000484396.1	ENSG00000154930	ENST00000376726			ACSS1			protein_coding
chr17-15	chr17	19648920	19649182	+	1	NA	promoter-TSS (ENST00000446398.7)	protein_coding-promoter-TSS (ENST00000446398.7)	-30	ENST00000672567.1	ENSG00000072210	ENST00000671841			ALDH3A2			protein_coding
chr7-217	chr7	4753789	4754051	+	1	NA	intron (ENST00000460979.2, intron 1 of 1)	protein_coding-intron (ENST00000328914.5, intron 2 of 8)	-4089	ENST00000496023.1	ENSG00000164916	ENST00000496023			FOXK1			protein_coding
chr14-193	chr14	76812872	76813134	+	1	NA	promoter-TSS (ENST00000251089.8)	protein_coding-promoter-TSS (ENST00000251089.8)	-121	ENST00000251089.8	ENSG00000013523	ENST00000557179			ANGEL1			protein_coding
chr2-52	chr2	9843600	9843862	+	1	NA	promoter-TSS (ENST00000480197.5)	protein_coding-promoter-TSS (ENST00000480197.5)	8	ENST00000490432.1	ENSG00000115750	ENST00000404869			TAF1B			protein_coding
chr9-17	chr9	137227241	137227503	+	1	NA	promoter-TSS (ENST00000445101.4)	protein_coding-promoter-TSS (ENST00000445101.4)	-130	ENST00000445101.4	ENSG00000233198	ENST00000445101			RNF224			protein_coding
chr9-160	chr9	127721547	127721809	+	1	NA	intron (ENST00000489226.5, intron 1 of 5)	protein_coding-intron (ENST00000373289.4, intron 6 of 13)	1389	ENST00000488285.1	ENSG00000167094	ENST00000373289			TTC16			protein_coding
chr9-302	chr9	127803116	127803378	+	1	NA	promoter-TSS (ENST00000373225.7)	protein_coding-promoter-TSS (ENST00000373225.7)	-5	ENST00000431857.5	ENSG00000136877	ENST00000393706			FPGS			protein_coding
chr16-205	chr16	89115431	89115693	+	1	NA	promoter-TSS (ENST00000562782.1)	lncRNA-promoter-TSS (ENST00000562782.1)	-283	ENST00000562782.1	ENSG00000261546	ENST00000562782			ENSG00000261546			lncRNA
chr3-295	chr3	10141981	10142243	+	1	NA	promoter-TSS (ENST00000477538.1)	protein_coding-promoter-TSS (ENST00000477538.1)	264	ENST00000696143.1	ENSG00000134086	ENST00000477538			VHL			protein_coding
chr15-770	chr15	88089078	88089340	+	1	NA	intron (ENST00000557897.1, intron 1 of 1)	protein_coding-intron (ENST00000317501.9, intron 13 of 15)	10056	ENST00000560739.1	ENSG00000140538	ENST00000317501			NTRK3			protein_coding
chr1-540	chr1	33127174	33127436	+	1	NA	Intergenic	Intergenic	15925	ENST00000622988.1	ENSG00000278997	ENST00000622988			ENSG00000278997			TEC
chr2-208	chr2	25311445	25311707	+	1	NA	intron (ENST00000406659.3, intron 2 of 3)	protein_coding-intron (ENST00000264709.7, intron 2 of 22)	17145	ENST00000408518.3	ENSG00000221445	ENST00000408518			MIR1301			miRNA
chr5-90	chr5	173616618	173616880	+	1	NA	promoter-TSS (ENST00000285908.5)	protein_coding-promoter-TSS (ENST00000285908.5)	-90	ENST00000471339.1	ENSG00000145919	ENST00000471339			BOD1			protein_coding
chr11-58	chr11	67582513	67582775	+	1	NA	Intergenic	Intergenic	-1098	ENST00000398603.6	ENSG00000084207	ENST00000646888			GSTP1			protein_coding
chr16-465	chr16	88706397	88706659	+	1	NA	promoter-TSS (ENST00000312060.9)	protein_coding-promoter-TSS (ENST00000312060.9)	6	ENST00000567949.5	ENSG00000174177	ENST00000564921			CTU2			protein_coding
chr21-17	chr21	32278937	32279199	+	1	NA	promoter-TSS (ENST00000290130.4)	protein_coding-promoter-TSS (ENST00000290130.4)	-19	ENST00000290130.4	ENSG00000159055	ENST00000290130			MIS18A			protein_coding
chr16-67	chr16	535621	535883	+	1	NA	TTS (ENST00000581803.1)	miRNA-TTS (ENST00000581803.1)	436	ENST00000581803.1	ENSG00000266124	ENST00000581803			MIR5587			miRNA
chr1-438	chr1	208184413	208184675	+	1	NA	intron (ENST00000367033.4, intron 3 of 31)	protein_coding-intron (ENST00000367033.4, intron 3 of 31)	32470	ENST00000460870.1	ENSG00000076356	ENST00000483048			PLXNA2			protein_coding
chr2-41	chr2	163626628	163626890	+	1	NA	intron (ENST00000482917.1, intron 1 of 1)	protein_coding-intron (ENST00000333129.4, intron 2 of 2)	109225	ENST00000482917.1	ENSG00000182263	ENST00000333129			FIGN			protein_coding
chr14-6	chr14	96095876	96096138	+	1	NA	Intergenic	Intergenic	56623	ENST00000553782.1	ENSG00000227051	ENST00000553782			C14orf132			protein_coding
chr10-268	chr10	121554968	121555230	+	1	NA	promoter-TSS (ENST00000683418.1)	protein_coding-promoter-TSS (ENST00000683418.1)	-839	ENST00000683418.1	ENSG00000066468	ENST00000351936			FGFR2			protein_coding
chr16-163	chr16	72997196	72997458	+	1	NA	intron (ENST00000641206.2, intron 9 of 17)	protein_coding-intron (ENST00000268489.10, intron 1 of 9)	8814	ENST00000623314.1	ENSG00000280092	ENST00000623314			ENSG00000280092			TEC
chr17-616	chr17	74715193	74715455	+	1	NA	intron (ENST00000402449.8, intron 1 of 8)	protein_coding-intron (ENST00000340415.7, intron 1 of 7)	-2346	ENST00000469092.5	ENSG00000186074	ENST00000583544			CD300LF			protein_coding
chr17-2351	chr17	7478928	7479190	+	1	NA	intron (ENST00000311403.4, intron 1 of 3)	protein_coding-intron (ENST00000311403.4, intron 1 of 3)	572	ENST00000380599.9	ENSG00000174282	ENST00000380599			ZBTB4			protein_coding
chr22-14	chr22	30291106	30291368	+	1	NA	TTS (ENST00000215790.12)	protein_coding-TTS (ENST00000215790.12)	-1615	ENST00000421236.5	ENSG00000239282	ENST00000440839			CASTOR1			protein_coding
chr8-441	chr8	21683938	21684200	+	1	NA	Intergenic	Intergenic	104090	ENST00000520676.1	ENSG00000168546	ENST00000517328			GFRA2			protein_coding
chr20-3131	chr20	49517520	49517782	+	1	NA	intron (ENST00000478971.1, intron 5 of 8)	protein_coding-intron (ENST00000244043.5, intron 6 of 9)	-33354	ENST00000635465.1	ENSG00000158445	ENST00000635465			KCNB1			protein_coding
chr2-77	chr2	86807410	86807672	+	1	NA	promoter-TSS (ENST00000699437.1)	protein_coding-promoter-TSS (ENST00000699437.1)	50	ENST00000699439.1	ENSG00000153563	ENST00000699436			CD8A			protein_coding
chr21-13	chr21	40339145	40339407	+	1	NA	exon (ENST00000400454.6, exon 7 of 33)	protein_coding-exon (ENST00000400454.6, exon 7 of 33)	14378	ENST00000404019.2	ENSG00000171587	ENST00000404019			DSCAM			protein_coding
chr17-1826	chr17	81703112	81703374	+	1	NA	promoter-TSS (ENST00000333676.8)	protein_coding-promoter-TSS (ENST00000333676.8)	74	ENST00000575312.2	ENSG00000262049	ENST00000575312			ENSG00000262049			lncRNA
chr6-54	chr6	107459393	107459655	+	1	NA	promoter-TSS (ENST00000369031.4)	protein_coding-promoter-TSS (ENST00000369031.4)	40	ENST00000369037.9	ENSG00000164494	ENST00000369037			PDSS2			protein_coding
chr17-358	chr17	57358150	57358412	+	1	NA	intron (ENST00000675822.1, intron 2 of 2)	protein_coding-intron (ENST00000284073.7, intron 5 of 13)	-48531	ENST00000579205.5	ENSG00000153944	ENST00000442934			MSI2			protein_coding
chr16-258	chr16	2015456	2015718	+	1	NA	intron (ENST00000567649.1, intron 1 of 2)	protein_coding-intron (ENST00000567649.1, intron 1 of 2)	2406	ENST00000582872.2	ENSG00000265386	ENST00000582872			RN7SL219P			misc_RNA
chr16-350	chr16	87384308	87384570	+	1	NA	promoter-TSS (ENST00000311635.12)	protein_coding-promoter-TSS (ENST00000311635.12)	486	ENST00000650688.1	ENSG00000140941	ENST00000268607			MAP1LC3B			protein_coding
chr2-81	chr2	239268235	239268497	+	1	NA	intron (ENST00000685474.1, intron 1 of 3)	protein_coding-intron (ENST00000345617.7, intron 2 of 26)	30164	ENST00000535493.5	ENSG00000068024	ENST00000543185			HDAC4			protein_coding
chr17-349	chr17	79114845	79115107	+	1	NA	TTS (ENST00000580508.1)	protein_coding-TTS (ENST00000580508.1)	604	ENST00000648001.1	ENSG00000167281	ENST00000583458			RBFOX3			protein_coding
chr16-62	chr16	9091079	9091341	+	1	NA	promoter-TSS (ENST00000327827.12)	protein_coding-promoter-TSS (ENST00000327827.12)	-434	ENST00000327827.12	ENSG00000182831	ENST00000574285			HAPSTR1			protein_coding
chr6-7	chr6	149717939	149718201	+	1	NA	promoter-TSS (ENST00000392273.7)	protein_coding-promoter-TSS (ENST00000392273.7)	31	ENST00000543571.6	ENSG00000131023	ENST00000542747			LATS1			protein_coding
chr17-1283	chr17	72684010	72684272	+	1	NA	intron (ENST00000582769.5, intron 4 of 5)	protein_coding-intron (ENST00000255559.8, intron 7 of 9)	-19989	ENST00000363913.1	ENSG00000200783	ENST00000363913			RN7SKP180			misc_RNA
chr1-616	chr1	205591914	205592176	+	1	NA	promoter-TSS (ENST00000465651.1)	protein_coding-promoter-TSS (ENST00000465651.1)	8	ENST00000465651.1	ENSG00000174514	ENST00000536357			MFSD4A			protein_coding
chr16-59	chr16	85570431	85570693	+	1	NA	intron (ENST00000635906.1, intron 1 of 2)	protein_coding-intron (ENST00000635906.1, intron 1 of 2)	13009	ENST00000602862.1	ENSG00000270124	ENST00000602862			ENSG00000270124			lncRNA
chr22-29	chr22	21665875	21666137	+	1	NA	promoter-TSS (ENST00000335025.12)	protein_coding-promoter-TSS (ENST00000335025.12)	-3	ENST00000496819.2	ENSG00000100023	ENST00000681286			PPIL2			protein_coding
chr7-7	chr7	47979455	47979717	+	1	NA	promoter-TSS (ENST00000258774.10)	protein_coding-promoter-TSS (ENST00000258774.10)	29	ENST00000258774.10	ENSG00000136273	ENST00000458191			HUS1			protein_coding
chr17-532	chr17	76277055	76277317	+	1	NA	exon (ENST00000262765.10, exon 16 of 19)	protein_coding-exon (ENST00000262765.10, exon 16 of 19)	3171	ENST00000532549.2	ENSG00000129646	ENST00000524722			QRICH2			protein_coding
chr8-519	chr8	124739299	124739561	+	1	NA	Intergenic	Intergenic	-10957	ENST00000518547.6	ENSG00000170873	ENST00000519168			MTSS1			protein_coding
chr6-155	chr6	42050457	42050719	+	1	NA	promoter-TSS (ENST00000372977.8)	protein_coding-promoter-TSS (ENST00000372977.8)	-42	ENST00000687266.1	ENSG00000137413	ENST00000372977			TAF8			protein_coding
chr7-155	chr7	151341649	151341911	+	1	NA	promoter-TSS (ENST00000413040.7)	protein_coding-promoter-TSS (ENST00000413040.7)	8	ENST00000413040.7	ENSG00000013374	ENST00000470316			NUB1			protein_coding
chr17-1637	chr17	7836879	7837141	+	1	NA	promoter-TSS (ENST00000684806.2)	lncRNA-promoter-TSS (ENST00000684806.2)	528	ENST00000684889.1	ENSG00000288748	ENST00000684889			ENSG00000288748			lncRNA
chr1-70	chr1	241265341	241265603	+	1	NA	intron (ENST00000688703.1, intron 2 of 18)	protein_coding-intron (ENST00000348120.6, intron 1 of 14)	40410	ENST00000424448.2	ENSG00000224348	ENST00000424448			RPL36P6			processed_pseudogene
chr17-26	chr17	51120947	51121209	+	1	NA	promoter-TSS (ENST00000262013.12)	protein_coding-promoter-TSS (ENST00000262013.12)	-210	ENST00000262013.12	ENSG00000008294	ENST00000506500			SPAG9			protein_coding
chr3-474	chr3	105366591	105366853	+	1	NA	promoter-TSS (ENST00000306107.9)	protein_coding-promoter-TSS (ENST00000306107.9)	-187	ENST00000306107.9	ENSG00000170017	ENST00000486979			ALCAM			protein_coding
chr20-690	chr20	49936150	49936412	+	1	NA	promoter-TSS (ENST00000244061.6)	protein_coding-promoter-TSS (ENST00000244061.6)	-55	ENST00000623528.3	ENSG00000124226	ENST00000244061			RNF114			protein_coding
chr16-36	chr16	68237576	68237838	+	1	NA	promoter-TSS (ENST00000564147.1)	lncRNA-promoter-TSS (ENST00000564147.1)	-40	ENST00000564147.1	ENSG00000261469	ENST00000564147			ENSG00000261469			lncRNA
chr11-24	chr11	121459580	121459842	+	1	NA	intron (ENST00000532451.1, intron 1 of 14)	protein_coding-intron (ENST00000260197.12, intron 1 of 47)	-6698	ENST00000501964.1	ENSG00000246790	ENST00000501964			SORL1-AS1			lncRNA
chr1-425	chr1	155308535	155308797	+	1	NA	promoter-TSS (ENST00000356657.10)	protein_coding-promoter-TSS (ENST00000356657.10)	-82	ENST00000611010.4	ENSG00000160752	ENST00000471117			FDPS			protein_coding
chr12-23	chr12	12350073	12350335	+	1	NA	promoter-TSS (ENST00000396349.3)	protein_coding-promoter-TSS (ENST00000396349.3)	27	ENST00000543314.1	ENSG00000111261	ENST00000535902			MANSC1			protein_coding
chr6-79	chr6	106119639	106119901	+	1	NA	intron (ENST00000636335.1, intron 6 of 8)	protein_coding-intron (ENST00000636335.1, intron 6 of 8)	19630	ENST00000602426.1	ENSG00000269919	ENST00000602426			ENSG00000269919			lncRNA
chr17-915	chr17	5468975	5469237	+	1	NA	promoter-TSS (ENST00000225296.8)	protein_coding-promoter-TSS (ENST00000225296.8)	14	ENST00000571506.1	ENSG00000262099	ENST00000571506			DHX33-DT			lncRNA
chr10-35	chr10	20622865	20623127	+	1	NA	Intergenic	Intergenic	71026	ENST00000577898.1	ENSG00000265372	ENST00000577898			MIR4675			miRNA
chr8-91	chr8	124538981	124539243	+	1	NA	promoter-TSS (ENST00000276689.8)	protein_coding-promoter-TSS (ENST00000276689.8)	-3	ENST00000519776.5	ENSG00000147687	ENST00000518485			TATDN1			protein_coding
chr7-79	chr7	155070046	155070308	+	1	NA	promoter-TSS (ENST00000287907.3)	protein_coding-promoter-TSS (ENST00000287907.3)	-147	ENST00000287907.3	ENSG00000157219	ENST00000486819			HTR5A			protein_coding
chr16-388	chr16	48244185	48244447	+	1	NA	promoter-TSS (ENST00000285737.9)	protein_coding-promoter-TSS (ENST00000285737.9)	16	ENST00000285737.9	ENSG00000102910	ENST00000565185			LONP2			protein_coding
chr20-111	chr20	56392338	56392600	+	1	NA	promoter-TSS (ENST00000217109.9)	protein_coding-promoter-TSS (ENST00000217109.9)	-53	ENST00000613138.1	ENSG00000101138	ENST00000490539			CSTF1			protein_coding
chr8-331	chr8	119855871	119856133	+	1	NA	promoter-TSS (ENST00000313655.5)	protein_coding-promoter-TSS (ENST00000313655.5)	-108	ENST00000313655.5	ENSG00000136982	ENST00000313655			DSCC1			protein_coding
chr8-289	chr8	140464340	140464602	+	1	NA	Intergenic	Intergenic	-5892	ENST00000648948.2	ENSG00000167632	ENST00000520532			TRAPPC9			protein_coding
chr10-105	chr10	72272678	72272940	+	1	NA	exon (ENST00000687260.2, exon 1 of 1)	lncRNA-exon (ENST00000687260.2, exon 1 of 1)	895	ENST00000687260.2	ENSG00000289506	ENST00000687260			ENSG00000289506			lncRNA
chr8-246	chr8	122780113	122780375	+	1	NA	promoter-TSS (ENST00000607393.2)	lncRNA-promoter-TSS (ENST00000607393.2)	-58	ENST00000607393.2	ENSG00000272043	ENST00000607393			ENSG00000272043			lncRNA
chr9-516	chr9	131733528	131733790	+	1	NA	intron (ENST00000683357.1, intron 1 of 26)	protein_coding-intron (ENST00000372189.7, intron 1 of 23)	3879	ENST00000372189.7	ENSG00000107263	ENST00000372190			RAPGEF1			protein_coding
chr1-244	chr1	179954486	179954748	+	1	NA	promoter-TSS (ENST00000357434.3)	protein_coding-promoter-TSS (ENST00000357434.3)	-57	ENST00000706241.1	ENSG00000135837	ENST00000706241			CEP350			protein_coding
chr12-22	chr12	32187267	32187529	+	1	NA	intron (ENST00000652176.1, intron 1 of 9)	protein_coding-intron (ENST00000395758.3, intron 1 of 9)	40756	ENST00000549976.1	ENSG00000258134	ENST00000549976			ENSG00000258134			processed_pseudogene
chr16-421	chr16	4693238	4693500	+	1	NA	promoter-TSS (ENST00000304301.11)	protein_coding-promoter-TSS (ENST00000304301.11)	-193	ENST00000304301.11	ENSG00000168101	ENST00000586252			NUDT16L1			protein_coding
chr9-106	chr9	6015479	6015741	+	1	NA	promoter-TSS (ENST00000259569.6)	protein_coding-promoter-TSS (ENST00000259569.6)	2	ENST00000485372.1	ENSG00000137040	ENST00000485372			RANBP6			protein_coding
chr4-15	chr4	82891124	82891386	+	1	NA	promoter-TSS (ENST00000311785.11)	protein_coding-promoter-TSS (ENST00000311785.11)	4	ENST00000311785.11	ENSG00000138674	ENST00000395310			SEC31A			protein_coding
chr1-379	chr1	201462005	201462267	+	1	NA	Intergenic	Intergenic	3010	ENST00000430471.1	ENSG00000224818	ENST00000430471			ENSG00000224818			lncRNA
chr5-237	chr5	2780402	2780664	+	1	NA	Intergenic	Intergenic	8016	ENST00000510731.1	ENSG00000249541	ENST00000510731			ENSG00000249541			processed_pseudogene
chr5-2	chr5	178124287	178124549	+	1	NA	exon (ENST00000274605.6, exon 5 of 5)	protein_coding-exon (ENST00000274605.6, exon 5 of 5)	-6578	ENST00000515098.5	ENSG00000145916	ENST00000502814			RMND5B			protein_coding
chr10-36	chr10	21494579	21494841	+	1	NA	exon (ENST00000658000.1, exon 2 of 2)	lncRNA-exon (ENST00000658000.1, exon 2 of 2)	1931	ENST00000410139.1	ENSG00000222071	ENST00000410139			MIR1915			miRNA
chr3-607	chr3	180989655	180989917	+	1	NA	promoter-TSS (ENST00000382564.8)	protein_coding-promoter-TSS (ENST00000382564.8)	-1	ENST00000642922.1	ENSG00000242808	ENST00000667332			SOX2-OT			lncRNA
chr6-223	chr6	132512714	132512976	+	1	NA	intron (ENST00000475879.1, intron 1 of 2)	protein_coding-intron (ENST00000367937.4, intron 1 of 9)	220	ENST00000475879.1	ENSG00000079950	ENST00000367937			STX7			protein_coding
chr7-44	chr7	117124736	117124998	+	1	NA	intron (ENST00000490039.1, intron 2 of 13)	protein_coding-intron (ENST00000265437.9, intron 3 of 15)	5181	ENST00000489293.5	ENSG00000004866	ENST00000417919			ST7			protein_coding
chr5-129	chr5	126776583	126776845	+	1	NA	promoter-TSS (ENST00000261366.10)	protein_coding-promoter-TSS (ENST00000261366.10)	91	ENST00000460265.5	ENSG00000113368	ENST00000504788			LMNB1			protein_coding
chr14-95	chr14	76773525	76773787	+	1	NA	TTS (ENST00000554237.1)	protein_coding-TTS (ENST00000554237.1)	3703	ENST00000553518.1	ENSG00000071246	ENST00000553518			VASH1			protein_coding
chr16-94	chr16	30699136	30699398	+	1	NA	promoter-TSS (ENST00000262518.9)	protein_coding-promoter-TSS (ENST00000262518.9)	96	ENST00000262518.9	ENSG00000080603	ENST00000483083			SRCAP			protein_coding
chr6-44	chr6	109893016	109893278	+	1	NA	Intergenic	Intergenic	66625	ENST00000458693.1	ENSG00000112367	ENST00000675153			FIG4			protein_coding
chr9-105	chr9	137311304	137311566	+	1	NA	intron (ENST00000491734.6, intron 13 of 14)	protein_coding-intron (ENST00000340951.9, intron 19 of 21)	-9164	ENST00000356628.4	ENSG00000198435	ENST00000356628			NRARP			protein_coding
chr2-28	chr2	164542595	164542857	+	1	NA	intron (ENST00000469573.1, intron 2 of 6)	protein_coding-intron (ENST00000263915.8, intron 3 of 13)	25758	ENST00000469573.1	ENSG00000115290	ENST00000263915			GRB14			protein_coding
chr20-57	chr20	24746436	24746698	+	1	NA	Intergenic	Intergenic	67020	ENST00000432834.1	ENSG00000231015	ENST00000432834			ENSG00000231015			lncRNA
chr7-223	chr7	45543544	45543806	+	1	NA	Intergenic	Intergenic	-8994	ENST00000339545.4	ENSG00000226999	ENST00000339545			ENSG00000226999			processed_pseudogene
chr5-29	chr5	19885141	19885403	+	1	NA	intron (ENST00000511423.5, intron 2 of 3)	protein_coding-intron (ENST00000382275.6, intron 2 of 12)	1000	ENST00000506372.5	ENSG00000145526	ENST00000510297			CDH18			protein_coding
chr6-84	chr6	692950	693212	+	1	NA	promoter-TSS (ENST00000230449.9)	protein_coding-promoter-TSS (ENST00000230449.9)	27	ENST00000475028.2	ENSG00000112685	ENST00000230449			EXOC2			protein_coding
chr16-105	chr16	67227011	67227273	+	1	NA	promoter-TSS (ENST00000304800.14)	protein_coding-promoter-TSS (ENST00000304800.14)	-3	ENST00000561586.5	ENSG00000168701	ENST00000562235			TMEM208			protein_coding
chr11-315	chr11	65261945	65262207	+	1	NA	promoter-TSS (ENST00000655485.1)	lncRNA-promoter-TSS (ENST00000655485.1)	52	ENST00000706540.1	ENSG00000014138	ENST00000706542			POLA2			protein_coding
chr9-211	chr9	136849134	136849396	+	1	NA	promoter-TSS (ENST00000247665.12)	protein_coding-promoter-TSS (ENST00000247665.12)	-144	ENST00000247665.12	ENSG00000054148	ENST00000462205			PHPT1			protein_coding
chr7-139	chr7	47405982	47406244	+	1	NA	intron (ENST00000442536.6, intron 13 of 14)	protein_coding-intron (ENST00000311160.14, intron 13 of 30)	-2688	ENST00000469470.1	ENSG00000136205	ENST00000413551			TNS3			protein_coding
chr9-374	chr9	4507682	4507944	+	1	NA	intron (ENST00000262352.8, intron 1 of 11)	protein_coding-intron (ENST00000262352.8, intron 1 of 11)	17345	ENST00000262352.8	ENSG00000106688	ENST00000422398			SLC1A1			protein_coding
chr17-628	chr17	57875467	57875729	+	1	NA	intron (ENST00000577840.5, intron 2 of 9)	protein_coding-intron (ENST00000360238.6, intron 3 of 10)	-2928	ENST00000581898.5	ENSG00000180891	ENST00000581391			CUEDC1			protein_coding
chr3-602	chr3	154324370	154324632	+	1	NA	promoter-TSS (ENST00000308361.10)	protein_coding-promoter-TSS (ENST00000308361.10)	-14	ENST00000496811.6	ENSG00000174953	ENST00000460695			DHX36			protein_coding
chr10-199	chr10	43026212	43026474	+	1	NA	Intergenic	Intergenic	28780	ENST00000579544.1	ENSG00000263795	ENST00000579544			MIR5100			miRNA
chr16-620	chr16	84699459	84699721	+	1	NA	promoter-TSS (ENST00000219473.12)	protein_coding-promoter-TSS (ENST00000219473.12)	-396	ENST00000562743.5	ENSG00000103194	ENST00000563386			USP10			protein_coding
chr2-10	chr2	10487201	10487463	+	1	NA	Intergenic	Intergenic	33534	ENST00000670859.1	ENSG00000257135	ENST00000670859			ODC1-DT			lncRNA
chr7-156	chr7	151745154	151745416	+	1	NA	intron (ENST00000651378.1, intron 1 of 13)	protein_coding-intron (ENST00000287878.9, intron 3 of 15)	8664	ENST00000702993.1	ENSG00000290095	ENST00000702993			ENSG00000290095			lncRNA
chr20-179	chr20	31593795	31594057	+	1	NA	Intergenic	Intergenic	11200	ENST00000701306.1	ENSG00000289875	ENST00000701306			ENSG00000289875			lncRNA
chr14-34	chr14	23694490	23694752	+	1	NA	Intergenic	Intergenic	35076	ENST00000554382.1	ENSG00000258464	ENST00000554526			ENSG00000258464			lncRNA
chr2-51	chr2	219217834	219218096	+	1	NA	intron (ENST00000452545.1, intron 1 of 4)	protein_coding-intron (ENST00000265316.9, intron 1 of 18)	225	ENST00000452545.1	ENSG00000115657	ENST00000295750			ABCB6			protein_coding
chr16-35	chr16	4021128	4021390	+	1	NA	intron (ENST00000572288.1, intron 1 of 3)	protein_coding-intron (ENST00000294016.8, intron 2 of 10)	-5577	ENST00000575550.5	ENSG00000162104	ENST00000572288			ADCY9			protein_coding
chr9-416	chr9	129023485	129023747	+	1	NA	intron (ENST00000483980.5, intron 1 of 8)	protein_coding-intron (ENST00000372554.8, intron 1 of 12)	-2405	ENST00000425236.5	ENSG00000148341	ENST00000461811			SH3GLB2			protein_coding
chr3-127	chr3	120349079	120349341	+	1	NA	promoter-TSS (ENST00000494869.2)	lncRNA-promoter-TSS (ENST00000494869.2)	144	ENST00000295628.4	ENSG00000163428	ENST00000295628			LRRC58			protein_coding
chr12-464	chr12	119479352	119479614	+	1	NA	intron (ENST00000327554.3, intron 4 of 13)	protein_coding-intron (ENST00000327554.3, intron 4 of 13)	-114291	ENST00000426426.3	ENSG00000224982	ENST00000426426			TMEM233			protein_coding
chr2-131	chr2	74867986	74868248	+	1	NA	TTS (ENST00000472302.1)	protein_coding-TTS (ENST00000472302.1)	13784	ENST00000472302.1	ENSG00000159399	ENST00000290573			HK2			protein_coding
chr1-160	chr1	169105591	169105853	+	1	NA	promoter-TSS (ENST00000367815.9)	protein_coding-promoter-TSS (ENST00000367815.9)	25	ENST00000367816.5	ENSG00000143153	ENST00000687013			ATP1B1			protein_coding
chr13-31	chr13	50245057	50245319	+	1	NA	intron (ENST00000483444.5, intron 1 of 2)	lncRNA-intron (ENST00000461527.7, intron 2 of 5)	20907	ENST00000483444.5	ENSG00000176124	ENST00000659280			DLEU1			lncRNA
chr1-17	chr1	7447859	7448121	+	1	NA	intron (ENST00000700444.1, intron 5 of 7)	protein_coding-intron (ENST00000303635.12, intron 5 of 22)	-6436	ENST00000440032.1	ENSG00000225126	ENST00000440032			CAMTA1-AS1			lncRNA
chr15-61	chr15	41930332	41930594	+	1	NA	intron (ENST00000220325.9, intron 3 of 5)	protein_coding-intron (ENST00000220325.9, intron 3 of 5)	9046	ENST00000564168.2	ENSG00000259883	ENST00000564168			EHD4-AS1			lncRNA
chr17-260	chr17	72634751	72635013	+	1	NA	intron (ENST00000581549.2, intron 2 of 4)	lncRNA-intron (ENST00000581549.2, intron 2 of 4)	5590	ENST00000581549.2	ENSG00000227036	ENST00000647953			LINC00511			lncRNA
chr19-8	chr19	33348735	33348997	+	1	NA	Intergenic	Intergenic	8180	ENST00000487064.1	ENSG00000243864	ENST00000487064			RPS3AP50			processed_pseudogene
chr16-360	chr16	1002809	1003071	+	1	NA	Intergenic	Intergenic	-4905	ENST00000711623.1	ENSG00000260496	ENST00000711623			ENSG00000260496			lncRNA
chr10-163	chr10	5466460	5466722	+	1	NA	Intergenic	Intergenic	12210	ENST00000484741.1	ENSG00000173848	ENST00000355029			NET1			protein_coding
chr14-269	chr14	105602843	105603105	+	1	NA	Intergenic	Intergenic	-1246	ENST00000390541.2	ENSG00000211891	ENST00000641420			IGHE			IG_C_gene
chr17-2290	chr17	68035304	68035566	+	1	NA	promoter-TSS (ENST00000330459.8)	protein_coding-promoter-TSS (ENST00000330459.8)	-201	ENST00000676594.1	ENSG00000182481	ENST00000678054			KPNA2			protein_coding
chr7-33	chr7	73822612	73822874	+	1	NA	intron (ENST00000466411.1, intron 1 of 3)	protein_coding-intron (ENST00000466411.1, intron 1 of 3)	-5001	ENST00000435050.1	ENSG00000189143	ENST00000435050			CLDN4			protein_coding
chr7-393	chr7	882460	882722	+	1	NA	promoter-TSS (ENST00000407192.5)	protein_coding-promoter-TSS (ENST00000407192.5)	-952	ENST00000407192.5	ENSG00000239857	ENST00000441491			GET4			protein_coding
chr3-123	chr3	196318009	196318271	+	1	NA	promoter-TSS (ENST00000325318.10)	protein_coding-promoter-TSS (ENST00000325318.10)	74	ENST00000426563.5	ENSG00000213123	ENST00000325318			DYNLT2B			protein_coding
chr10-62	chr10	117004638	117004900	+	1	NA	promoter-TSS (ENST00000669057.1)	lncRNA-promoter-TSS (ENST00000669057.1)	418	ENST00000355371.9	ENSG00000187164	ENST00000497044			SHTN1			protein_coding
chr14-132	chr14	22886954	22887216	+	1	NA	TTS (ENST00000536884.1)	protein_coding-TTS (ENST00000536884.1)	3863	ENST00000267396.9	ENSG00000139890	ENST00000536884			REM2			protein_coding
chr19-164	chr19	40750797	40751059	+	1	NA	promoter-TSS (ENST00000243563.8)	protein_coding-promoter-TSS (ENST00000243563.8)	53	ENST00000599570.5	ENSG00000077312	ENST00000596860			SNRPA			protein_coding
chr6-33	chr6	35468184	35468446	+	1	NA	promoter-TSS (ENST00000322203.7)	protein_coding-promoter-TSS (ENST00000322203.7)	-86	ENST00000322203.7	ENSG00000198755	ENST00000464112			RPL10A			protein_coding
chr14-143	chr14	95157516	95157778	+	1	NA	promoter-TSS (ENST00000343455.8)	protein_coding-promoter-TSS (ENST00000343455.8)	2	ENST00000692703.2	ENSG00000235706	ENST00000439819			DICER1-AS1			lncRNA
chr10-258	chr10	100729093	100729355	+	1	NA	Intergenic	Intergenic	-6172	ENST00000707078.1	ENSG00000075891	ENST00000554172			PAX2			protein_coding
chr11-41	chr11	73192379	73192641	+	1	NA	Intergenic	Intergenic	-9599	ENST00000686832.1	ENSG00000289625	ENST00000686832			IUR1			lncRNA
chr2-62	chr2	121701818	121702080	+	1	NA	intron (ENST00000690074.1, intron 2 of 2)	lncRNA-intron (ENST00000419902.4, intron 2 of 3)	-3760	ENST00000658781.1	ENSG00000236859	ENST00000414554			NIFK-AS1			lncRNA
chr11-14	chr11	69914680	69914942	+	1	NA	Intergenic	Intergenic	-3817	ENST00000563932.1	ENSG00000260348	ENST00000563932			ENSG00000260348			lncRNA
chr19-42	chr19	48619150	48619412	+	1	NA	promoter-TSS (ENST00000245222.9)	protein_coding-promoter-TSS (ENST00000245222.9)	-10	ENST00000340932.7	ENSG00000063176	ENST00000426514			SPHK2			protein_coding
chr16-845	chr16	3235272	3235534	+	1	NA	promoter-TSS (ENST00000396868.7)	protein_coding-promoter-TSS (ENST00000396868.7)	-43	ENST00000396868.7	ENSG00000010539	ENST00000396868			ZNF200			protein_coding
chr14-115	chr14	74493216	74493478	+	1	NA	promoter-TSS (ENST00000238633.6)	protein_coding-promoter-TSS (ENST00000238633.6)	0	ENST00000557510.5	ENSG00000119655	ENST00000541064			NPC2			protein_coding
chr1-626	chr1	234746717	234746979	+	1	NA	Intergenic	Intergenic	13208	ENST00000640945.1	ENSG00000279261	ENST00000624397			LINC02961			lncRNA
chr3-296	chr3	12193605	12193867	+	1	NA	intron (ENST00000690965.1, intron 2 of 3)	lncRNA-intron (ENST00000690965.1, intron 2 of 3)	-28094	ENST00000433573.1	ENSG00000233026	ENST00000433573			MTCO1P5			processed_pseudogene
chr22-19	chr22	42734475	42734737	+	1	NA	Intergenic	Intergenic	-13308	ENST00000465765.2	ENSG00000128274	ENST00000401850			A4GALT			protein_coding
chr7-170	chr7	55571487	55571749	+	1	NA	intron (ENST00000453112.5, intron 1 of 4)	protein_coding-intron (ENST00000285279.10, intron 1 of 4)	250	ENST00000428648.5	ENSG00000154978	ENST00000428097			VOPP1			protein_coding
chr7-16	chr7	66921075	66921337	+	1	NA	promoter-TSS (ENST00000341567.8)	protein_coding-promoter-TSS (ENST00000341567.8)	-19	ENST00000341567.8	ENSG00000106609	ENST00000484751			TMEM248			protein_coding
chr20-152	chr20	23361737	23361999	+	1	NA	promoter-TSS (ENST00000338121.10)	protein_coding-promoter-TSS (ENST00000338121.10)	-314	ENST00000338121.10	ENSG00000125812	ENST00000461789			GZF1			protein_coding
chr19-43	chr19	12945731	12945993	+	1	NA	promoter-TSS (ENST00000316856.7)	protein_coding-promoter-TSS (ENST00000316856.7)	0	ENST00000586534.6	ENSG00000179262	ENST00000591499			RAD23A			protein_coding
chr15-462	chr15	49802305	49802567	+	1	NA	Intergenic	Intergenic	8190	ENST00000558657.1	ENSG00000259388	ENST00000558657			ENSG00000259388			processed_pseudogene
chr6-16	chr6	170026575	170026837	+	1	NA	Intergenic	Intergenic	-61316	ENST00000654612.1	ENSG00000287823	ENST00000654612			ENSG00000287823			lncRNA
chr12-17	chr12	106357567	106357829	+	1	NA	promoter-TSS (ENST00000228347.9)	protein_coding-promoter-TSS (ENST00000228347.9)	-50	ENST00000228347.9	ENSG00000013503	ENST00000549569			POLR3B			protein_coding
chr2-176	chr2	120443081	120443343	+	1	NA	Intergenic	Intergenic	23006	ENST00000622953.1	ENSG00000280409	ENST00000622953			LINC01101			TEC
chr3-407	chr3	156555103	156555365	+	1	NA	promoter-TSS (ENST00000265044.7)	protein_coding-promoter-TSS (ENST00000265044.7)	-85	ENST00000467789.5	ENSG00000114850	ENST00000467733			SSR3			protein_coding
chr12-12	chr12	132453627	132453889	+	1	NA	Intergenic	Intergenic	-3402	ENST00000542627.1	ENSG00000256783	ENST00000542627			ENSG00000256783			lncRNA
chr20-1422	chr20	297263	297525	+	1	NA	promoter-TSS (ENST00000500893.4)	protein_coding-promoter-TSS (ENST00000500893.4)	-176	ENST00000500893.4	ENSG00000247315	ENST00000500893			ZCCHC3			protein_coding
chr4-166	chr4	15681654	15681916	+	1	NA	promoter-TSS (ENST00000422728.3)	protein_coding-promoter-TSS (ENST00000422728.3)	-6	ENST00000507305.5	ENSG00000237765	ENST00000510186			FAM200B			protein_coding
chr17-623	chr17	4704031	4704293	+	1	NA	promoter-TSS (ENST00000497885.1)	lncRNA-promoter-TSS (ENST00000497885.1)	-25	ENST00000572293.7	ENSG00000141456	ENST00000572293			PELP1			protein_coding
chr8-92	chr8	127911228	127911490	+	1	NA	promoter-TSS (ENST00000658242.1)	lncRNA-promoter-TSS (ENST00000658242.1)	-645	ENST00000658242.1	ENSG00000249859	ENST00000667305			PVT1			lncRNA
chr19-47	chr19	54449069	54449331	+	1	NA	promoter-TSS (ENST00000326764.10)	protein_coding-promoter-TSS (ENST00000326764.10)	1	ENST00000326764.10	ENSG00000167615	ENST00000439657			LENG8			protein_coding
chr10-383	chr10	73871852	73872114	+	1	NA	promoter-TSS (ENST00000700403.1)	protein_coding-promoter-TSS (ENST00000700403.1)	-403	ENST00000700403.1	ENSG00000148660	ENST00000394762			CAMK2G			protein_coding
chr5-141	chr5	692682	692944	+	1	NA	promoter-TSS (ENST00000684814.1)	lncRNA-promoter-TSS (ENST00000684814.1)	539	ENST00000360578.7	ENSG00000171368	ENST00000360578			TPPP			protein_coding
chr6-64	chr6	151452282	151452544	+	1	NA	promoter-TSS (ENST00000367294.4)	protein_coding-promoter-TSS (ENST00000367294.4)	-53	ENST00000367294.4	ENSG00000146476	ENST00000545879			ARMT1			protein_coding
chr12-204	chr12	87440045	87440307	+	1	NA	Intergenic	Intergenic	-269747	ENST00000480924.3	ENSG00000242850	ENST00000480924			RPL23AP68			processed_pseudogene
chr6-353	chr6	15221925	15222187	+	1	NA	Intergenic	Intergenic	22944	ENST00000607711.1	ENSG00000271888	ENST00000607711			JARID2-DT			lncRNA
chr12-13	chr12	48852062	48852324	+	1	NA	promoter-TSS (ENST00000308025.8)	protein_coding-promoter-TSS (ENST00000308025.8)	-17	ENST00000552369.6	ENSG00000174243	ENST00000553182			DDX23			protein_coding
chr3-803	chr3	23959024	23959286	+	1	NA	intron (ENST00000492552.5, intron 3 of 7)	protein_coding-intron (ENST00000312521.9, intron 3 of 7)	4529	ENST00000468700.1	ENSG00000174738	ENST00000492552			NR1D2			protein_coding
chr15-72	chr15	89416342	89416604	+	1	NA	intron (ENST00000701636.1, intron 4 of 4)	lncRNA-intron (ENST00000701636.1, intron 4 of 4)	16300	ENST00000684908.1	ENSG00000289128	ENST00000684908			ENSG00000289128			lncRNA
chr15-267	chr15	70763501	70763763	+	1	NA	promoter-TSS (ENST00000322954.11)	protein_coding-promoter-TSS (ENST00000322954.11)	-74	ENST00000322954.11	ENSG00000137831	ENST00000558308			UACA			protein_coding
chr16-54	chr16	88763543	88763805	+	1	NA	intron (ENST00000301015.14, intron 1 of 50)	protein_coding-intron (ENST00000301015.14, intron 1 of 50)	20853	ENST00000567588.1	ENSG00000182376	ENST00000567588			ENSG00000182376			lncRNA
chr22-24	chr22	46070155	46070417	+	1	NA	promoter-TSS (ENST00000412643.1)	lncRNA-promoter-TSS (ENST00000412643.1)	246	ENST00000690688.2	ENSG00000289044	ENST00000690688			ENSG00000289044			lncRNA
chr14-55	chr14	31420554	31420816	+	1	NA	promoter-TSS (ENST00000382464.6)	protein_coding-promoter-TSS (ENST00000382464.6)	-73	ENST00000502430.2	ENSG00000250365	ENST00000502430			HEATR5A-DT			lncRNA
chr5-200	chr5	32585384	32585646	+	1	NA	promoter-TSS (ENST00000265073.9)	protein_coding-promoter-TSS (ENST00000265073.9)	-42	ENST00000265073.9	ENSG00000113387	ENST00000502453			SUB1			protein_coding
chr4-132	chr4	169757762	169758024	+	1	NA	promoter-TSS (ENST00000393381.3)	protein_coding-promoter-TSS (ENST00000393381.3)	11	ENST00000506125.1	ENSG00000056050	ENST00000515204			HPF1			protein_coding
chr11-322	chr11	66996901	66997163	+	1	NA	Intergenic	Intergenic	-9746	ENST00000393946.6	ENSG00000173227	ENST00000531392			SYT12			protein_coding
chr17-1070	chr17	59348128	59348390	+	1	NA	intron (ENST00000585166.1, intron 1 of 4)	protein_coding-intron (ENST00000312655.9, intron 1 of 4)	3103	ENST00000585166.1	ENSG00000175155	ENST00000312655			YPEL2			protein_coding
chr4-133	chr4	2583628	2583890	+	1	NA	intron (ENST00000637812.2, intron 1 of 20)	protein_coding-intron (ENST00000637812.2, intron 1 of 20)	24387	ENST00000511554.1	ENSG00000248155	ENST00000511554			ENSG00000248155			unprocessed_pseudogene
chr2-42	chr2	64654191	64654453	+	1	NA	promoter-TSS (ENST00000313349.3)	protein_coding-promoter-TSS (ENST00000313349.3)	-409	ENST00000313349.3	ENSG00000179833	ENST00000476805			SERTAD2			protein_coding
chr4-19	chr4	4541947	4542209	+	1	NA	promoter-TSS (ENST00000306200.7)	protein_coding-promoter-TSS (ENST00000306200.7)	-30	ENST00000306200.7	ENSG00000168818	ENST00000306200			STX18			protein_coding
chr3-479	chr3	127073905	127074167	+	1	NA	Intergenic	Intergenic	42181	ENST00000505278.1	ENSG00000114554	ENST00000505278			PLXNA1			protein_coding
chr11-29	chr11	64094495	64094757	+	1	NA	intron (ENST00000538550.1, intron 1 of 1)	protein_coding-intron (ENST00000255681.7, intron 3 of 10)	-8562	ENST00000246841.3	ENSG00000126500	ENST00000682287			FLRT1			protein_coding
chr2-243	chr2	32010892	32011154	+	1	NA	promoter-TSS (ENST00000295065.9)	protein_coding-promoter-TSS (ENST00000295065.9)	13	ENST00000490459.5	ENSG00000162959	ENST00000295065			MEMO1			protein_coding
chr1-106	chr1	120176378	120176640	+	1	NA	promoter-TSS (ENST00000578049.4)	protein_coding-promoter-TSS (ENST00000578049.4)	11	ENST00000578049.4	ENSG00000265808	ENST00000578049			SEC22B			protein_coding
chr7-369	chr7	116218225	116218487	+	1	NA	intron (ENST00000496871.1, intron 1 of 1)	protein_coding-intron (ENST00000358204.9, intron 1 of 6)	-4448	ENST00000393481.6	ENSG00000135269	ENST00000496871			TES			protein_coding
chr15-73	chr15	38593608	38593870	+	1	NA	Intergenic	Intergenic	-28164	ENST00000561180.5	ENSG00000172575	ENST00000558164			RASGRP1			protein_coding
chr14-159	chr14	54901819	54902081	+	1	NA	intron (ENST00000543643.6, intron 1 of 6)	protein_coding-intron (ENST00000254299.8, intron 1 of 5)	496	ENST00000395521.6	ENSG00000131979	ENST00000395521			GCH1			protein_coding
chr10-18	chr10	13586781	13587043	+	1	NA	promoter-TSS (ENST00000320054.4)	protein_coding-promoter-TSS (ENST00000320054.4)	-27	ENST00000417658.5	ENSG00000165630	ENST00000614991			PRPF18			protein_coding
chr21-22	chr21	42056405	42056667	+	1	NA	exon (ENST00000692249.2, exon 1 of 1)	lncRNA-exon (ENST00000692249.2, exon 1 of 1)	630	ENST00000692249.2	ENSG00000289322	ENST00000692249			ENSG00000289322			lncRNA
chr12-333	chr12	124637531	124637793	+	1	NA	TTS (ENST00000623827.1)	TEC-TTS (ENST00000623827.1)	782	ENST00000623827.1	ENSG00000279087	ENST00000623827			ENSG00000279087			TEC
chr20-3	chr20	47501788	47502050	+	1	NA	promoter-TSS (ENST00000371997.3)	protein_coding-promoter-TSS (ENST00000371997.3)	17	ENST00000372004.7	ENSG00000124151	ENST00000497292			NCOA3			protein_coding
chr7-196	chr7	20219940	20220202	+	1	NA	intron (ENST00000691210.1, intron 4 of 4)	lncRNA-intron (ENST00000430859.2, intron 4 of 4)	632	ENST00000439446.1	ENSG00000233834	ENST00000439058			GIRGL			lncRNA
chr3-26	chr3	191329162	191329424	+	1	NA	promoter-TSS (ENST00000392455.9)	protein_coding-promoter-TSS (ENST00000392455.9)	19	ENST00000464814.1	ENSG00000188958	ENST00000440476			UTS2B			protein_coding
chr2-82	chr2	240898423	240898685	+	1	NA	Intergenic	Intergenic	-1665	ENST00000414499.1	ENSG00000172478	ENST00000402775			MAB21L4			protein_coding
chr16-158	chr16	28822514	28822776	+	1	NA	promoter-TSS (ENST00000325215.10)	protein_coding-promoter-TSS (ENST00000325215.10)	-354	ENST00000336783.9	ENSG00000168488	ENST00000566080			ATXN2L			protein_coding
chr5-25	chr5	2802854	2803116	+	1	NA	Intergenic	Intergenic	-14436	ENST00000510731.1	ENSG00000249541	ENST00000510731			ENSG00000249541			processed_pseudogene
chr4-1	chr4	3461664	3461926	+	1	NA	Intergenic	Intergenic	-1511	ENST00000340083.6	ENSG00000175920	ENST00000340083			DOK7			protein_coding
chr8-284	chr8	124973215	124973477	+	1	NA	promoter-TSS (ENST00000319286.6)	protein_coding-promoter-TSS (ENST00000319286.6)	51	ENST00000319286.6	ENSG00000180938	ENST00000319286			ZNF572			protein_coding
chr21-23	chr21	32612415	32612677	+	1	NA	promoter-TSS (ENST00000290155.8)	protein_coding-promoter-TSS (ENST00000290155.8)	9	ENST00000674072.1	ENSG00000265590	ENST00000431216			CFAP298-TCP10L			protein_coding
chr2-247	chr2	53989515	53989777	+	1	NA	intron (ENST00000607452.6, intron 2 of 6)	protein_coding-intron (ENST00000422521.2, intron 2 of 4)	18533	ENST00000607452.6	ENSG00000170634	ENST00000607452			ACYP2			protein_coding
chr9-70	chr9	89021216	89021478	+	1	NA	intron (ENST00000375835.9, intron 11 of 11)	protein_coding-intron (ENST00000375835.9, intron 11 of 11)	20790	ENST00000375831.1	ENSG00000148082	ENST00000375835			SHC3			protein_coding
chr2-38	chr2	164522614	164522876	+	1	NA	intron (ENST00000696453.2, intron 4 of 12)	protein_coding-intron (ENST00000263915.8, intron 5 of 13)	-25693	ENST00000497306.1	ENSG00000115290	ENST00000263915			GRB14			protein_coding
chr3-13	chr3	63938007	63938269	+	1	NA	intron (ENST00000674280.1, intron 4 of 12)	protein_coding-intron (ENST00000295900.10, intron 4 of 12)	25550	ENST00000522345.2	ENSG00000163635	ENST00000475897			ATXN7			protein_coding
chr16-98	chr16	2983807	2984069	+	1	NA	Intergenic	Intergenic	-2347	ENST00000621689.1	ENSG00000274367	ENST00000621689			ENSG00000274367			lncRNA
chr10-41	chr10	14407564	14407826	+	1	NA	intron (ENST00000475141.2, intron 1 of 3)	protein_coding-intron (ENST00000475141.2, intron 1 of 3)	15820	ENST00000612546.1	ENSG00000278100	ENST00000612546			Metazoa_SRP			misc_RNA
chr7-201	chr7	74254195	74254457	+	1	NA	promoter-TSS (ENST00000055077.8)	protein_coding-promoter-TSS (ENST00000055077.8)	11	ENST00000479105.6	ENSG00000049541	ENST00000494019			RFC2			protein_coding
chr12-504	chr12	45990766	45991028	+	1	NA	promoter-TSS (ENST00000266589.10)	protein_coding-promoter-TSS (ENST00000266589.10)	-27	ENST00000690783.1	ENSG00000289046	ENST00000690783			ENSG00000289046			lncRNA
chr8-95	chr8	95212067	95212329	+	1	NA	intron (ENST00000656181.1, intron 1 of 2)	lncRNA-intron (ENST00000517655.1, intron 2 of 2)	4176	ENST00000523171.1	ENSG00000253351	ENST00000656181			LINC01298			lncRNA
chr6-323	chr6	110815460	110815722	+	1	NA	promoter-TSS (ENST00000323817.7)	protein_coding-promoter-TSS (ENST00000323817.7)	46	ENST00000323817.7	ENSG00000155111	ENST00000468997			CDK19			protein_coding
chr11-62	chr11	47176744	47177006	+	1	NA	promoter-TSS (ENST00000395449.7)	protein_coding-promoter-TSS (ENST00000395449.7)	4	ENST00000528041.5	ENSG00000149182	ENST00000629231			ARFGAP2			protein_coding
chr15-47	chr15	64387640	64387902	+	1	NA	promoter-TSS (ENST00000261884.8)	protein_coding-promoter-TSS (ENST00000261884.8)	18	ENST00000559565.5	ENSG00000103671	ENST00000558442			TRIP4			protein_coding
chr16-369	chr16	3150474	3150736	+	1	NA	TTS (ENST00000428155.1)	lncRNA-TTS (ENST00000428155.1)	3477	ENST00000576807.1	ENSG00000293410	ENST00000428155			CASP16P			lncRNA
chr1-86	chr1	149390282	149390544	+	1	NA	promoter-TSS (ENST00000621744.4)	protein_coding-promoter-TSS (ENST00000621744.4)	-208	ENST00000650865.2	ENSG00000286219	ENST00000578189			NOTCH2NLC			protein_coding
chr5-337	chr5	138543417	138543679	+	1	NA	promoter-TSS (ENST00000360541.10)	protein_coding-promoter-TSS (ENST00000360541.10)	84	ENST00000685985.2	ENSG00000289155	ENST00000685985			ENSG00000289155			lncRNA
chr5-3	chr5	178081587	178081849	+	1	NA	intron (ENST00000651413.2, intron 14 of 14)	lncRNA-intron (ENST00000651413.2, intron 14 of 14)	16357	ENST00000651483.1	ENSG00000204677	ENST00000662167			FAM153CP			lncRNA
chr2-69	chr2	108719189	108719451	+	1	NA	promoter-TSS (ENST00000283195.11)	protein_coding-promoter-TSS (ENST00000283195.11)	-162	ENST00000283195.11	ENSG00000153201	ENST00000697738			RANBP2			protein_coding
chr1-279	chr1	171741892	171742154	+	1	NA	promoter-TSS (ENST00000236192.12)	protein_coding-promoter-TSS (ENST00000236192.12)	37	ENST00000474047.5	ENSG00000117533	ENST00000482519			VAMP4			protein_coding
chr21-69	chr21	39095181	39095443	+	1	NA	Intergenic	Intergenic	-32256	ENST00000467573.1	ENSG00000228861	ENST00000467573			RPL23AP12			processed_pseudogene
chr1-46	chr1	8197836	8198098	+	1	NA	Intergenic	Intergenic	-3551	ENST00000670361.1	ENSG00000227634	ENST00000670361			LINC01714			lncRNA
chr7-181	chr7	100803665	100803927	+	1	NA	intron (ENST00000360620.7, intron 15 of 15)	protein_coding-intron (ENST00000358173.8, intron 16 of 16)	3783	ENST00000492403.1	ENSG00000196411	ENST00000616502			EPHB4			protein_coding
chr6-327	chr6	135182521	135182783	+	1	NA	intron (ENST00000616088.4, intron 1 of 15)	protein_coding-intron (ENST00000339290.9, intron 1 of 15)	1138	ENST00000531519.5	ENSG00000118513	ENST00000438901			MYB			protein_coding
chr15-42	chr15	65517219	65517481	+	1	NA	promoter-TSS (ENST00000341861.9)	protein_coding-promoter-TSS (ENST00000341861.9)	-12	ENST00000560436.1	ENSG00000074603	ENST00000300141			DPP8			protein_coding
chr14-38	chr14	68853777	68854039	+	1	NA	Intergenic	Intergenic	-7854	ENST00000605130.1	ENSG00000270975	ENST00000605130			MAGOH3P			unprocessed_pseudogene
chr11-67	chr11	68843733	68843995	+	1	NA	intron (ENST00000561996.1, intron 1 of 2)	protein_coding-intron (ENST00000561996.1, intron 1 of 2)	546	ENST00000561996.1	ENSG00000110090	ENST00000569129			CPT1A			protein_coding
chr9-93	chr9	126613773	126614035	+	1	NA	promoter-TSS (ENST00000355497.10)	protein_coding-promoter-TSS (ENST00000355497.10)	-24	ENST00000355497.10	ENSG00000136944	ENST00000526117			LMX1B			protein_coding
chr12-64	chr12	49060760	49061022	+	1	NA	promoter-TSS (ENST00000301067.12)	protein_coding-promoter-TSS (ENST00000301067.12)	-97	ENST00000301067.12	ENSG00000167548	ENST00000685982			KMT2D			protein_coding
chr7-115	chr7	30028165	30028427	+	1	NA	promoter-TSS (ENST00000258679.11)	protein_coding-promoter-TSS (ENST00000258679.11)	-65	ENST00000622102.4	ENSG00000106086	ENST00000440706			PLEKHA8			protein_coding
chr15-43	chr15	101295176	101295438	+	1	NA	promoter-TSS (ENST00000254193.11)	protein_coding-promoter-TSS (ENST00000254193.11)	-25	ENST00000558036.5	ENSG00000131876	ENST00000254193			SNRPA1			protein_coding
chr2-6	chr2	218979998	218980260	+	1	NA	TTS (ENST00000295727.2)	protein_coding-TTS (ENST00000295727.2)	2304	ENST00000628185.1	ENSG00000236445	ENST00000600415			LINC00608			lncRNA
chr5-39	chr5	168697272	168697534	+	1	NA	intron (ENST00000519560.6, intron 27 of 35)	protein_coding-intron (ENST00000332966.8, intron 27 of 35)	-1092	ENST00000518092.1	ENSG00000184347	ENST00000518140			SLIT3			protein_coding
chr4-236	chr4	48831202	48831464	+	1	NA	promoter-TSS (ENST00000508293.5)	protein_coding-promoter-TSS (ENST00000508293.5)	-9	ENST00000513391.2	ENSG00000109180	ENST00000508329			OCIAD1			protein_coding
chr12-314	chr12	64625373	64625635	+	1	NA	intron (ENST00000542104.6, intron 1 of 4)	protein_coding-intron (ENST00000283172.8, intron 1 of 3)	-2840	ENST00000444853.2	ENSG00000225195	ENST00000444853			ENSG00000225195			lncRNA
chr20-301	chr20	19130294	19130556	+	1	NA	Intergenic	Intergenic	-73629	ENST00000617956.1	ENSG00000274863	ENST00000617956			ENSG00000274863			lncRNA
chr11-199	chr11	76783317	76783579	+	1	NA	promoter-TSS (ENST00000333090.5)	protein_coding-promoter-TSS (ENST00000333090.5)	92	ENST00000333090.5	ENSG00000182704	ENST00000527881			TSKU			protein_coding
chr5-22	chr5	34915490	34915752	+	1	NA	promoter-TSS (ENST00000325577.8)	protein_coding-promoter-TSS (ENST00000325577.8)	-6	ENST00000513914.5	ENSG00000113456	ENST00000513914			RAD1			protein_coding
chr1-745	chr1	174159755	174160017	+	1	NA	promoter-TSS (ENST00000430592.1)	lncRNA-promoter-TSS (ENST00000430592.1)	118	ENST00000419983.5	ENSG00000227373	ENST00000454467			RABGAP1L-DT			lncRNA
chr1-187	chr1	111755675	111755937	+	1	NA	promoter-TSS (ENST00000369702.5)	protein_coding-promoter-TSS (ENST00000369702.5)	18	ENST00000444059.2	ENSG00000197852	ENST00000357260			INKA2			protein_coding
chr1-203	chr1	43536600	43536862	+	1	NA	intron (ENST00000617451.4, intron 1 of 7)	protein_coding-intron (ENST00000359947.9, intron 1 of 33)	-1467	ENST00000372405.1	ENSG00000142949	ENST00000412568			PTPRF			protein_coding
chr2-146	chr2	64859367	64859629	+	1	NA	intron (ENST00000445865.1, intron 1 of 4)	lncRNA-intron (ENST00000445865.1, intron 1 of 4)	4128	ENST00000445865.1	ENSG00000234572	ENST00000445865			LINC01800			lncRNA
chr13-46	chr13	28100534	28100796	+	1	NA	promoter-TSS (ENST00000241453.12)	protein_coding-promoter-TSS (ENST00000241453.12)	-73	ENST00000380987.2	ENSG00000122025	ENST00000380987			FLT3			protein_coding
chr15-375	chr15	65792239	65792501	+	1	NA	promoter-TSS (ENST00000431932.6)	protein_coding-promoter-TSS (ENST00000431932.6)	-77	ENST00000443035.8	ENSG00000174485	ENST00000431932			DENND4A			protein_coding
chr21-53	chr21	43789169	43789431	+	1	NA	promoter-TSS (ENST00000475534.5)	protein_coding-promoter-TSS (ENST00000475534.5)	-213	ENST00000475534.5	ENSG00000160214	ENST00000497547			RRP1			protein_coding
chr6-297	chr6	30326481	30326743	+	1	NA	promoter-TSS (ENST00000376656.8)	protein_coding-promoter-TSS (ENST00000376656.8)	-17	ENST00000687815.1	ENSG00000231074	ENST00000454269			HCG18			lncRNA
chr7-67	chr7	158377927	158378189	+	1	NA	intron (ENST00000389416.8, intron 1 of 21)	protein_coding-intron (ENST00000389413.7, intron 2 of 21)	-55291	ENST00000690805.1	ENSG00000289418	ENST00000690805			ENSG00000289418			lncRNA
chr1-202	chr1	42335269	42335531	+	1	NA	promoter-TSS (ENST00000361346.6)	protein_coding-promoter-TSS (ENST00000361346.6)	-165	ENST00000361346.6	ENSG00000198815	ENST00000545068			FOXJ3			protein_coding
chrX-9	chrX	153971165	153971427	+	1	NA	promoter-TSS (ENST00000369984.4)	protein_coding-promoter-TSS (ENST00000369984.4)	-112	ENST00000369984.4	ENSG00000172534	ENST00000444191			HCFC1			protein_coding
chr22-158	chr22	24011533	24011795	+	1	NA	exon (ENST00000398319.6, exon 1 of 37)	protein_coding-exon (ENST00000398319.6, exon 1 of 37)	246	ENST00000398319.6	ENSG00000099991	ENST00000398319			CABIN1			protein_coding
chr2-85	chr2	38462268	38462530	+	1	NA	intron (ENST00000421463.6, intron 4 of 4)	lncRNA-intron (ENST00000421463.6, intron 4 of 4)	715	ENST00000437979.1	ENSG00000231367	ENST00000437979			LINC02613			lncRNA
chr19-77	chr19	45450942	45451204	+	1	NA	promoter-TSS (ENST00000592083.5)	protein_coding-promoter-TSS (ENST00000592083.5)	-348	ENST00000592083.5	ENSG00000012061	ENST00000710953			ERCC1			protein_coding
chr2-400	chr2	158458033	158458295	+	1	NA	promoter-TSS (ENST00000462335.1)	protein_coding-promoter-TSS (ENST00000462335.1)	-29	ENST00000462335.1	ENSG00000144283	ENST00000462335			PKP4			protein_coding
chr7-297	chr7	85187010	85187272	+	1	NA	promoter-TSS (ENST00000284136.11)	protein_coding-promoter-TSS (ENST00000284136.11)	-85	ENST00000284136.11	ENSG00000153993	ENST00000444867			SEMA3D			protein_coding
chr19-406	chr19	51024988	51025250	+	1	NA	promoter-TSS (ENST00000593681.5)	protein_coding-promoter-TSS (ENST00000593681.5)	697	ENST00000598799.5	ENSG00000167757	ENST00000601671			KLK11			protein_coding
chr19-141	chr19	35628734	35628996	+	1	NA	promoter-TSS (ENST00000262633.9)	protein_coding-promoter-TSS (ENST00000262633.9)	-165	ENST00000588161.5	ENSG00000126254	ENST00000586618			RBM42			protein_coding
chr2-45	chr2	55269202	55269464	+	1	NA	promoter-TSS (ENST00000263629.9)	protein_coding-promoter-TSS (ENST00000263629.9)	14	ENST00000441307.5	ENSG00000085760	ENST00000417363			MTIF2			protein_coding
chr11-471	chr11	70068144	70068406	+	1	NA	intron (ENST00000531349.6, intron 1 of 27)	protein_coding-intron (ENST00000531349.6, intron 1 of 27)	-2904	ENST00000511013.2	ENSG00000248844	ENST00000511013			LINC02753			lncRNA
chr15-335	chr15	85794793	85795055	+	1	NA	promoter-TSS (ENST00000337975.6)	protein_coding-promoter-TSS (ENST00000337975.6)	1	ENST00000337975.6	ENSG00000183655	ENST00000559131			KLHL25			protein_coding
chr21-57	chr21	46228844	46229106	+	1	NA	promoter-TSS (ENST00000356396.8)	protein_coding-promoter-TSS (ENST00000356396.8)	-151	ENST00000457828.6	ENSG00000160285	ENST00000464357			LSS			protein_coding
chrX-108	chrX	7069062	7069324	+	1	NA	intron (ENST00000486446.3, intron 3 of 3)	protein_coding-intron (ENST00000381077.10, intron 3 of 3)	8230	ENST00000655425.1	ENSG00000130021	ENST00000438499			PUDP			protein_coding
chr3-585	chr3	97282172	97282434	+	1	NA	intron (ENST00000389672.10, intron 5 of 17)	protein_coding-intron (ENST00000389672.10, intron 5 of 17)	-157307	ENST00000477384.6	ENSG00000080224	ENST00000506349			EPHA6			protein_coding
chr11-36	chr11	119095418	119095680	+	1	NA	promoter-TSS (ENST00000375167.1)	protein_coding-promoter-TSS (ENST00000375167.1)	-84	ENST00000530167.2	ENSG00000188486	ENST00000530167			H2AX			protein_coding
chr16-24	chr16	3487948	3488210	+	1	NA	intron (ENST00000574423.2, intron 1 of 4)	lncRNA-intron (ENST00000574423.2, intron 1 of 4)	-2610	ENST00000622849.1	ENSG00000273776	ENST00000622849			MIR6126			miRNA
chr12-106	chr12	50763767	50764029	+	1	NA	promoter-TSS (ENST00000262053.8)	protein_coding-promoter-TSS (ENST00000262053.8)	-180	ENST00000549612.5	ENSG00000123268	ENST00000552487			ATF1			protein_coding
chr3-511	chr3	23129858	23130120	+	1	NA	Intergenic	Intergenic	-4383	ENST00000399435.2	ENSG00000215016	ENST00000399435			RPL24P7			processed_pseudogene
chr14-25	chr14	37595911	37596173	+	1	NA	promoter-TSS (ENST00000250448.5)	protein_coding-promoter-TSS (ENST00000250448.5)	17	ENST00000557418.1	ENSG00000129514	ENST00000545425			FOXA1			protein_coding
chr15-325	chr15	74789355	74789617	+	1	NA	promoter-TSS (ENST00000581077.1)	miRNA-promoter-TSS (ENST00000581077.1)	-729	ENST00000581077.1	ENSG00000264386	ENST00000581077			MIR4513			miRNA
chr15-567	chr15	90165609	90165871	+	1	NA	promoter-TSS (ENST00000491561.3)	misc_RNA-promoter-TSS (ENST00000491561.3)	-493	ENST00000491561.3	ENSG00000240470	ENST00000491561			RN7SL346P			misc_RNA
chr6-23	chr6	33299222	33299484	+	1	NA	promoter-TSS (ENST00000425946.1)	protein_coding-promoter-TSS (ENST00000425946.1)	-126	ENST00000689186.1	ENSG00000289100	ENST00000689186			ENSG00000289100			lncRNA
chr20-1551	chr20	62937797	62938059	+	1	NA	promoter-TSS (ENST00000266069.5)	protein_coding-promoter-TSS (ENST00000266069.5)	24	ENST00000370371.8	ENSG00000101191	ENST00000370368			DIDO1			protein_coding
chr7-23	chr7	1455227	1455489	+	1	NA	intron (ENST00000472100.5, intron 1 of 15)	protein_coding-intron (ENST00000297508.8, intron 1 of 16)	4007	ENST00000472100.5	ENSG00000164877	ENST00000471899			MICALL2			protein_coding
chr3-101	chr3	189330269	189330531	+	1	NA	Intergenic	Intergenic	20506	ENST00000481307.1	ENSG00000188001	ENST00000488841			TPRG1			protein_coding
chr19-73	chr19	41887915	41888177	+	1	NA	intron (ENST00000698934.1, intron 1 of 30)	protein_coding-intron (ENST00000337665.8, intron 1 of 28)	3598	ENST00000337665.8	ENSG00000076928	ENST00000598587			ARHGEF1			protein_coding
chr6-257	chr6	45377643	45377905	+	1	NA	promoter-TSS (ENST00000459689.1)	protein_coding-promoter-TSS (ENST00000459689.1)	159	ENST00000371460.5	ENSG00000196284	ENST00000371458			SUPT3H			protein_coding
chr1-66	chr1	114670089	114670351	+	1	NA	promoter-TSS (ENST00000393274.6)	protein_coding-promoter-TSS (ENST00000393274.6)	-109	ENST00000393276.7	ENSG00000175984	ENST00000493549			DENND2C			protein_coding
chr2-89	chr2	109470534	109470796	+	1	NA	intron (ENST00000309415.8, intron 8 of 9)	protein_coding-intron (ENST00000309415.8, intron 8 of 9)	-81871	ENST00000417974.1	ENSG00000237916	ENST00000417974			RPL37P12			processed_pseudogene
chr20-1427	chr20	24468993	24469255	+	1	NA	promoter-TSS (ENST00000376862.4)	protein_coding-promoter-TSS (ENST00000376862.4)	-505	ENST00000376862.4	ENSG00000101463	ENST00000482637			SYNDIG1			protein_coding
chr7-126	chr7	90346556	90346818	+	1	NA	promoter-TSS (ENST00000222511.11)	protein_coding-promoter-TSS (ENST00000222511.11)	-8	ENST00000417207.5	ENSG00000105793	ENST00000439832			GTPBP10			protein_coding
chr17-55	chr17	82889546	82889808	+	1	NA	exon (ENST00000355528.9, exon 16 of 39)	protein_coding-exon (ENST00000355528.9, exon 16 of 39)	-1020	ENST00000683839.1	ENSG00000141556	ENST00000576996			TBCD			protein_coding
chr2-4	chr2	64866873	64867135	+	1	NA	Intergenic	Intergenic	-3378	ENST00000445865.1	ENSG00000234572	ENST00000445865			LINC01800			lncRNA
chr15-312	chr15	64095911	64096173	+	1	NA	promoter-TSS (ENST00000261889.9)	protein_coding-promoter-TSS (ENST00000261889.9)	11	ENST00000559389.1	ENSG00000028528	ENST00000559401			SNX1			protein_coding
chr20-22	chr20	57326814	57327076	+	1	NA	Intergenic	Intergenic	-1601	ENST00000455840.1	ENSG00000231005	ENST00000455840			RPL39P39			processed_pseudogene
chr11-18	chr11	30521696	30521958	+	1	NA	intron (ENST00000526437.5, intron 3 of 7)	protein_coding-intron (ENST00000358117.10, intron 3 of 6)	14238	ENST00000524636.1	ENSG00000066382	ENST00000448418			MPPED2			protein_coding
chr2-565	chr2	72916030	72916292	+	1	NA	promoter-TSS (ENST00000394111.6)	protein_coding-promoter-TSS (ENST00000394111.6)	-99	ENST00000394111.6	ENSG00000135638	ENST00000464675			EMX1			protein_coding
chr11-71	chr11	73787777	73788039	+	1	NA	promoter-TSS (ENST00000310614.12)	protein_coding-promoter-TSS (ENST00000310614.12)	-1	ENST00000542303.5	ENSG00000175581	ENST00000398483			MRPL48			protein_coding
chr21-93	chr21	39312361	39312623	+	1	NA	TTS (ENST00000484090.1)	protein_coding-TTS (ENST00000484090.1)	809	ENST00000484090.1	ENSG00000185658	ENST00000445668			BRWD1			protein_coding
chr21-3	chr21	15210289	15210551	+	1	NA	intron (ENST00000673983.1, intron 2 of 4)	lncRNA-intron (ENST00000673983.1, intron 2 of 4)	13974	ENST00000673983.1	ENSG00000288555	ENST00000673983			ENSG00000288555			lncRNA
chr3-421	chr3	196739735	196739997	+	1	NA	promoter-TSS (ENST00000327134.7)	protein_coding-promoter-TSS (ENST00000327134.7)	9	ENST00000327134.7	ENSG00000180370	ENST00000481344			PAK2			protein_coding
chr1-230	chr1	108830566	108830828	+	1	NA	promoter-TSS (ENST00000603450.1)	protein_coding-promoter-TSS (ENST00000603450.1)	37	ENST00000603450.1	ENSG00000162641	ENST00000477908			AKNAD1			protein_coding
chr16-140	chr16	87790017	87790279	+	1	NA	intron (ENST00000561567.1, intron 1 of 1)	lncRNA-intron (ENST00000561567.1, intron 1 of 1)	-10774	ENST00000563993.6	ENSG00000260498	ENST00000701573			ENSG00000260498			lncRNA
chr10-29	chr10	100347045	100347307	+	1	NA	promoter-TSS (ENST00000370355.3)	protein_coding-promoter-TSS (ENST00000370355.3)	-57	ENST00000370355.3	ENSG00000099194	ENST00000370355			SCD			protein_coding
chr3-821	chr3	62154669	62154931	+	1	NA	intron (ENST00000474889.6, intron 6 of 29)	protein_coding-intron (ENST00000295874.14, intron 6 of 28)	-30192	ENST00000462623.1	ENSG00000237456	ENST00000462623			ID2B			processed_pseudogene
chr1-14	chr1	109240168	109240430	+	1	NA	Intergenic	Intergenic	4068	ENST00000468588.1	ENSG00000031698	ENST00000471705			SARS1			protein_coding
chr20-27	chr20	57435710	57435972	+	1	NA	Intergenic	Intergenic	-6901	ENST00000652193.1	ENSG00000286052	ENST00000652193			ENSG00000286052			lncRNA
chr2-8	chr2	203238768	203239030	+	1	NA	promoter-TSS (ENST00000356079.9)	protein_coding-promoter-TSS (ENST00000356079.9)	-78	ENST00000449301.5	ENSG00000119004	ENST00000428265			CYP20A1			protein_coding
chr4-12	chr4	2009080	2009342	+	1	NA	promoter-TSS (ENST00000333877.8)	protein_coding-promoter-TSS (ENST00000333877.8)	24	ENST00000542778.5	ENSG00000185049	ENST00000416258			NELFA			protein_coding
chr2-49	chr2	171434540	171434802	+	1	NA	promoter-TSS (ENST00000375258.9)	protein_coding-promoter-TSS (ENST00000375258.9)	7	ENST00000436317.1	ENSG00000115827	ENST00000493106			DCAF17			protein_coding
chr9-56	chr9	107337029	107337291	+	1	NA	Intergenic	Intergenic	30618	ENST00000457811.1	ENSG00000119318	ENST00000419616			RAD23B			protein_coding
chr6-252	chr6	36423242	36423504	+	1	NA	intron (ENST00000454782.3, intron 3 of 4)	protein_coding-intron (ENST00000454782.3, intron 3 of 4)	-19394	ENST00000536244.5	ENSG00000112078	ENST00000498267			KCTD20			protein_coding
chr14-16	chr14	20971465	20971727	+	1	NA	Intergenic	Intergenic	8017	ENST00000468631.3	ENSG00000243817	ENST00000468631			RN7SL189P			misc_RNA
chr2-65	chr2	260823	261085	+	1	NA	promoter-TSS (ENST00000479739.6)	protein_coding-promoter-TSS (ENST00000479739.6)	-246	ENST00000479739.6	ENSG00000035115	ENST00000602998			SH3YL1			protein_coding
chr3-152	chr3	10552068	10552330	+	1	NA	intron (ENST00000646379.1, intron 2 of 21)	protein_coding-intron (ENST00000646379.1, intron 2 of 21)	-18066	ENST00000460129.5	ENSG00000157087	ENST00000460129			ATP2B2			protein_coding
chr5-163	chr5	177455354	177455616	+	1	NA	exon (ENST00000323249.8, exon 3 of 4)	protein_coding-exon (ENST00000323249.8, exon 3 of 4)	5157	ENST00000467054.2	ENSG00000113758	ENST00000309007			DBN1			protein_coding
chr22-28	chr22	17847453	17847715	+	1	NA	intron (ENST00000672019.1, intron 19 of 32)	protein_coding-intron (ENST00000383094.7, intron 18 of 18)	-5102	ENST00000578905.1	ENSG00000243156	ENST00000400561			MICAL3			protein_coding
chr5-162	chr5	177006755	177007017	+	1	NA	promoter-TSS (ENST00000377227.8)	protein_coding-promoter-TSS (ENST00000377227.8)	-107	ENST00000511320.6	ENSG00000087206	ENST00000511320			UIMC1			protein_coding
chr3-153	chr3	50611957	50612219	+	1	NA	promoter-TSS (ENST00000348721.4)	protein_coding-promoter-TSS (ENST00000348721.4)	180	ENST00000446044.5	ENSG00000114738	ENST00000357955			MAPKAPK3			protein_coding
chr16-58	chr16	70380540	70380802	+	1	NA	TTS (ENST00000567822.1)	protein_coding-TTS (ENST00000567822.1)	1214	ENST00000566960.1	ENSG00000260111	ENST00000566960			ENSG00000260111			lncRNA
chr7-71	chr7	12686461	12686723	+	1	NA	promoter-TSS (ENST00000356797.7)	protein_coding-promoter-TSS (ENST00000356797.7)	-264	ENST00000396662.5	ENSG00000122644	ENST00000396664			ARL4A			protein_coding
chr17-2040	chr17	77958219	77958481	+	1	NA	promoter-TSS (ENST00000636222.1)	protein_coding-promoter-TSS (ENST00000636222.1)	-353	ENST00000696270.1	ENSG00000078687	ENST00000592566			TNRC6C			protein_coding
chr6-71	chr6	79078297	79078559	+	1	NA	promoter-TSS (ENST00000275034.5)	protein_coding-promoter-TSS (ENST00000275034.5)	-141	ENST00000700119.1	ENSG00000146247	ENST00000700114			PHIP			protein_coding
chr22-153	chr22	19688147	19688409	+	1	NA	Intergenic	Intergenic	21255	ENST00000452326.1	ENSG00000225007	ENST00000452326			ENSG00000225007			lncRNA
chr18-21	chr18	45793231	45793493	+	1	NA	Intergenic	Intergenic	4832	ENST00000587507.2	ENSG00000267558	ENST00000587507			ENSG00000267558			processed_pseudogene
chr19-61	chr19	54173131	54173393	+	1	NA	promoter-TSS (ENST00000446291.1)	protein_coding-promoter-TSS (ENST00000446291.1)	-12	ENST00000617472.4	ENSG00000167608	ENST00000446291			TMC4			protein_coding
chr5-35	chr5	10467304	10467566	+	1	NA	intron (ENST00000510520.5, intron 4 of 4)	protein_coding-intron (ENST00000510520.5, intron 4 of 4)	-10602	ENST00000611729.1	ENSG00000277073	ENST00000611729			MIR6131			miRNA
chr2-600	chr2	113079177	113079439	+	1	NA	Intergenic	Intergenic	4769	ENST00000496265.1	ENSG00000136697	ENST00000393197			IL1F10			protein_coding
chr6-47	chr6	6703801	6704063	+	1	NA	TTS (ENST00000648205.1)	lncRNA-TTS (ENST00000648205.1)	-6545	ENST00000702289.1	ENSG00000287497	ENST00000663164			ENSG00000287497			lncRNA
chr8-9	chr8	143936553	143936815	+	1	NA	TTS (ENST00000532346.1)	protein_coding-TTS (ENST00000532346.1)	2913	ENST00000345136.8	ENSG00000178209	ENST00000345136			PLEC			protein_coding
chr3-36	chr3	60841461	60841723	+	1	NA	intron (ENST00000490952.1, intron 4 of 5)	protein_coding-intron (ENST00000468189.5, intron 3 of 8)	15013	ENST00000390909.2	ENSG00000212211	ENST00000390909			U3			snoRNA
chr17-1289	chr17	3048746	3049008	+	1	NA	Intergenic	Intergenic	14647	ENST00000574709.1	ENSG00000132359	ENST00000697391			RAP1GAP2			protein_coding
chr16-290	chr16	23678595	23678857	+	1	NA	promoter-TSS (ENST00000300093.9)	protein_coding-promoter-TSS (ENST00000300093.9)	-143	ENST00000570220.5	ENSG00000166851	ENST00000562407			PLK1			protein_coding
chr10-14	chr10	125064720	125064982	+	1	NA	intron (ENST00000476817.1, intron 2 of 2)	protein_coding-intron (ENST00000337195.10, intron 2 of 10)	-31981	ENST00000581038.1	ENSG00000264572	ENST00000581038			MIR4296			miRNA
chr15-8	chr15	63048271	63048533	+	1	NA	promoter-TSS (ENST00000317516.12)	protein_coding-promoter-TSS (ENST00000317516.12)	-25	ENST00000651622.2	ENSG00000140416	ENST00000558072			TPM1			protein_coding
chr3-1139	chr3	126752504	126752766	+	1	NA	intron (ENST00000514908.5, intron 4 of 6)	protein_coding-intron (ENST00000290913.8, intron 4 of 7)	14840	ENST00000513160.1	ENSG00000249558	ENST00000513160			RCC2P4			processed_pseudogene
chr13-185	chr13	33126158	33126420	+	1	NA	intron (ENST00000567873.2, intron 6 of 13)	protein_coding-intron (ENST00000255486.8, intron 6 of 13)	-13096	ENST00000491333.1	ENSG00000133121	ENST00000567873			STARD13			protein_coding
chr17-298	chr17	67637909	67638171	+	1	NA	exon (ENST00000623200.1, exon 1 of 1)	TEC-exon (ENST00000623200.1, exon 1 of 1)	266	ENST00000623200.1	ENSG00000279361	ENST00000623200			ENSG00000279361			TEC
chr14-188	chr14	67816457	67816719	+	1	NA	promoter-TSS (ENST00000347230.9)	protein_coding-promoter-TSS (ENST00000347230.9)	-1	ENST00000554523.5	ENSG00000072121	ENST00000557366			ZFYVE26			protein_coding
chr12-382	chr12	122946879	122947141	+	1	NA	promoter-TSS (ENST00000542448.5)	protein_coding-promoter-TSS (ENST00000542448.5)	-533	ENST00000542448.5	ENSG00000150967	ENST00000541424			ABCB9			protein_coding
chr4-60	chr4	82380330	82380592	+	1	NA	intron (ENST00000609575.2, intron 1 of 1)	lncRNA-intron (ENST00000609575.2, intron 1 of 1)	5893	ENST00000688760.1	ENSG00000272677	ENST00000609575			HNRNPD-DT			lncRNA
chr7-47	chr7	76047784	76048046	+	1	NA	promoter-TSS (ENST00000248600.5)	protein_coding-promoter-TSS (ENST00000248600.5)	38	ENST00000431581.5	ENSG00000127952	ENST00000360591			STYXL1			protein_coding
chr11-115	chr11	85269174	85269436	+	1	NA	intron (ENST00000706205.1, intron 3 of 4)	protein_coding-intron (ENST00000376104.7, intron 4 of 27)	67267	ENST00000528836.1	ENSG00000254684	ENST00000528836			ENSG00000254684			processed_pseudogene
chr22-6	chr22	28819469	28819731	+	1	NA	intron (ENST00000422972.1, intron 1 of 1)	lncRNA-intron (ENST00000418292.1, intron 1 of 1)	1269	ENST00000422972.1	ENSG00000226471	ENST00000692644			ENSG00000226471			lncRNA
chr7-119	chr7	128431295	128431557	+	1	NA	Intergenic	Intergenic	2287	ENST00000449336.1	ENSG00000228700	ENST00000449336			ENSG00000228700			processed_pseudogene
chr6-119	chr6	29628789	29629051	+	1	NA	promoter-TSS (ENST00000355973.7)	protein_coding-promoter-TSS (ENST00000355973.7)	-882	ENST00000355973.7	ENSG00000204681	ENST00000377016			GABBR1			protein_coding
chr16-81	chr16	15888545	15888807	+	1	NA	promoter-TSS (ENST00000255759.11)	protein_coding-promoter-TSS (ENST00000255759.11)	-51	ENST00000573087.5	ENSG00000133393	ENST00000573396			CEP20			protein_coding
chr14-14	chr14	91149538	91149800	+	1	NA	intron (ENST00000518868.5, intron 4 of 16)	protein_coding-intron (ENST00000256324.15, intron 1 of 13)	1891	ENST00000412671.6	ENSG00000133943	ENST00000523576			DGLUCY			protein_coding
chr9-463	chr9	91071086	91071348	+	1	NA	Intergenic	Intergenic	31290	ENST00000663149.1	ENSG00000237422	ENST00000666264			ENSG00000237422			lncRNA
chr15-144	chr15	34583516	34583778	+	1	NA	promoter-TSS (ENST00000484716.5)	protein_coding-promoter-TSS (ENST00000484716.5)	4	ENST00000564575.5	ENSG00000215252	ENST00000569811			GOLGA8B			protein_coding
chr2-53	chr2	38077122	38077384	+	1	NA	intron (ENST00000657397.2, intron 1 of 2)	protein_coding-intron (ENST00000494864.1, intron 1 of 1)	973	ENST00000589303.5	ENSG00000232973	ENST00000628232			CYP1B1-AS1			lncRNA
chr16-15	chr16	85466055	85466317	+	1	NA	intron (ENST00000637419.1, intron 2 of 2)	protein_coding-intron (ENST00000637419.1, intron 2 of 2)	-23627	ENST00000620845.1	ENSG00000278716	ENST00000620845			ENSG00000278716			lncRNA
chr1-108	chr1	151070460	151070722	+	1	NA	promoter-TSS (ENST00000368918.8)	protein_coding-promoter-TSS (ENST00000368918.8)	13	ENST00000462520.5	ENSG00000143458	ENST00000489549			GABPB2			protein_coding
chr10-188	chr10	119023264	119023526	+	1	NA	intron (ENST00000663084.1, intron 2 of 3)	lncRNA-intron (ENST00000663084.1, intron 2 of 3)	6149	ENST00000663084.1	ENSG00000229272	ENST00000437838			LINC03036			lncRNA
chr1-1752	chr1	201275248	201275510	+	1	NA	Intergenic	Intergenic	-8073	ENST00000263946.7	ENSG00000081277	ENST00000263946			PKP1			protein_coding
chr1-9	chr1	117268960	117269222	+	1	NA	Intergenic	Intergenic	-3091	ENST00000664471.1	ENSG00000235202	ENST00000657479			LINC01525			lncRNA
chr3-328	chr3	138834410	138834672	+	1	NA	intron (ENST00000674063.1, intron 1 of 23)	protein_coding-intron (ENST00000462898.5, intron 1 of 22)	211	ENST00000477593.5	ENSG00000051382	ENST00000544716			PIK3CB			protein_coding
chr20-1485	chr20	49611163	49611425	+	1	NA	Intergenic	Intergenic	-43157	ENST00000244043.5	ENSG00000124212	ENST00000244043			PTGIS			protein_coding
chr10-16	chr10	58385158	58385420	+	1	NA	promoter-TSS (ENST00000373895.7)	protein_coding-promoter-TSS (ENST00000373895.7)	-56	ENST00000373899.3	ENSG00000108064	ENST00000373895			TFAM			protein_coding
chr3-224	chr3	4492763	4493025	+	1	NA	promoter-TSS (ENST00000354582.12)	protein_coding-promoter-TSS (ENST00000354582.12)	285	ENST00000688861.1	ENSG00000231249	ENST00000688861			ITPR1-DT			lncRNA
chr12-412	chr12	49963051	49963313	+	1	NA	promoter-TSS (ENST00000550214.1)	lncRNA-promoter-TSS (ENST00000550214.1)	-258	ENST00000550214.1	ENSG00000257588	ENST00000550214			AQP5-AS1			lncRNA
chr1-384	chr1	244970928	244971190	+	1	NA	promoter-TSS (ENST00000607453.1)	lncRNA-promoter-TSS (ENST00000607453.1)	29	ENST00000607453.1	ENSG00000272195	ENST00000607453			ENSG00000272195			lncRNA
chr6-90	chr6	47309887	47310149	+	1	NA	promoter-TSS (ENST00000296861.2)	protein_coding-promoter-TSS (ENST00000296861.2)	-113	ENST00000296861.2	ENSG00000146072	ENST00000296861			TNFRSF21			protein_coding
chr18-10	chr18	12741460	12741722	+	1	NA	intron (ENST00000657716.1, intron 2 of 2)	lncRNA-intron (ENST00000587889.1, intron 1 of 1)	8477	ENST00000587889.1	ENSG00000266961	ENST00000587889			ENSG00000266961			lncRNA
chr11-409	chr11	114439273	114439535	+	1	NA	promoter-TSS (ENST00000265881.10)	protein_coding-promoter-TSS (ENST00000265881.10)	-31	ENST00000544010.5	ENSG00000076043	ENST00000540492			REXO2			protein_coding
chr1-288	chr1	205631940	205632202	+	1	NA	promoter-TSS (ENST00000289703.8)	protein_coding-promoter-TSS (ENST00000289703.8)	-60	ENST00000357992.9	ENSG00000158711	ENST00000357992			ELK4			protein_coding
chr14-29	chr14	105473728	105473990	+	1	NA	promoter-TSS (ENST00000329146.9)	protein_coding-promoter-TSS (ENST00000329146.9)	897	ENST00000483017.7	ENSG00000182809	ENST00000548309			CRIP2			protein_coding
chr9-250	chr9	89756894	89757156	+	1	NA	Intergenic	Intergenic	-42670	ENST00000421297.1	ENSG00000226206	ENST00000421297			ENSG00000226206			lncRNA
chr3-410	chr3	180912633	180912895	+	1	NA	promoter-TSS (ENST00000357559.9)	protein_coding-promoter-TSS (ENST00000357559.9)	79	ENST00000484958.5	ENSG00000114416	ENST00000465551			FXR1			protein_coding
chr6-31	chr6	1641425	1641687	+	1	NA	intron (ENST00000530927.5, intron 9 of 10)	protein_coding-intron (ENST00000380805.6, intron 4 of 5)	-15368	ENST00000486793.5	ENSG00000112699	ENST00000476972			GMDS			protein_coding
chr12-5	chr12	116503286	116503548	+	1	NA	intron (ENST00000659057.1, intron 1 of 2)	lncRNA-intron (ENST00000659057.1, intron 1 of 2)	-14441	ENST00000552992.1	ENSG00000258018	ENST00000552992			LINC02457			lncRNA
chr7-31	chr7	144835931	144836193	+	1	NA	promoter-TSS (ENST00000360057.7)	protein_coding-promoter-TSS (ENST00000360057.7)	-9	ENST00000378099.7	ENSG00000196511	ENST00000489798			TPK1			protein_coding
chr6-572	chr6	13710867	13711129	+	1	NA	exon (ENST00000011619.6, exon 1 of 14)	protein_coding-exon (ENST00000011619.6, exon 1 of 14)	837	ENST00000011619.6	ENSG00000010017	ENST00000011619			RANBP9			protein_coding
chr17-18	chr17	58518163	58518425	+	1	NA	promoter-TSS (ENST00000323456.9)	protein_coding-promoter-TSS (ENST00000323456.9)	-21	ENST00000687131.2	ENSG00000289147	ENST00000687131			ENSG00000289147			lncRNA
chr1-454	chr1	23368928	23369190	+	1	NA	promoter-TSS (ENST00000335648.3)	lncRNA-promoter-TSS (ENST00000335648.3)	62	ENST00000458053.4	ENSG00000249087	ENST00000690463			ZNF436-AS1			lncRNA
chr2-205	chr2	219722353	219722615	+	1	NA	intron (ENST00000606673.1, intron 1 of 1)	lncRNA-intron (ENST00000606673.1, intron 1 of 1)	-7626	ENST00000442416.1	ENSG00000227308	ENST00000416861			LINC02832			lncRNA
chr9-18	chr9	33234178	33234440	+	1	NA	intron (ENST00000379725.5, intron 2 of 4)	protein_coding-intron (ENST00000379725.5, intron 2 of 4)	-5858	ENST00000379721.4	ENSG00000122711	ENST00000379721			SPINK4			protein_coding
chr9-744	chr9	89022214	89022476	+	1	NA	intron (ENST00000375835.9, intron 11 of 11)	protein_coding-intron (ENST00000375835.9, intron 11 of 11)	19792	ENST00000375831.1	ENSG00000148082	ENST00000375835			SHC3			protein_coding
chr16-40	chr16	78099415	78099677	+	1	NA	promoter-TSS (ENST00000355860.7)	protein_coding-promoter-TSS (ENST00000355860.7)	-80	ENST00000569332.5	ENSG00000186153	ENST00000562639			WWOX			protein_coding
chr20-523	chr20	50165952	50166214	+	1	NA	promoter-TSS (ENST00000435301.2)	lncRNA-promoter-TSS (ENST00000435301.2)	18	ENST00000615503.1	ENSG00000237595	ENST00000652554			LINC01275			lncRNA
chr8-66	chr8	96959879	96960141	+	1	NA	intron (ENST00000220763.10, intron 4 of 7)	protein_coding-intron (ENST00000220763.10, intron 4 of 7)	-69459	ENST00000522617.3	ENSG00000104324	ENST00000519900			CPQ			protein_coding
chr3-298	chr3	15634187	15634449	+	1	NA	intron (ENST00000672336.1, intron 2 of 3)	protein_coding-intron (ENST00000303498.10, intron 2 of 4)	4316	ENST00000482824.2	ENSG00000169814	ENST00000482824			BTD			protein_coding
chr2-111	chr2	219001767	219002029	+	1	NA	promoter-TSS (ENST00000362103.4)	miRNA-promoter-TSS (ENST00000362103.4)	-190	ENST00000362103.4	ENSG00000198973	ENST00000362103			MIR375			miRNA
chr13-11	chr13	30743518	30743780	+	1	NA	intron (ENST00000479597.1, intron 1 of 1)	protein_coding-intron (ENST00000380490.5, intron 1 of 4)	1313	ENST00000479597.1	ENSG00000132965	ENST00000380490			ALOX5AP			protein_coding
chr17-1811	chr17	68614785	68615047	+	1	NA	intron (ENST00000587999.1, intron 2 of 2)	lncRNA-intron (ENST00000587999.1, intron 2 of 2)	-13187	ENST00000591754.1	ENSG00000267659	ENST00000591754			LINC01482			lncRNA
chr3-76	chr3	14256661	14256923	+	1	NA	Intergenic	Intergenic	47053	ENST00000525575.1	ENSG00000255021	ENST00000525575			ENSG00000255021			lncRNA
chr13-78	chr13	25301459	25301721	+	1	NA	promoter-TSS (ENST00000381718.8)	protein_coding-promoter-TSS (ENST00000381718.8)	18	ENST00000477876.3	ENSG00000139496	ENST00000476553			NUP58			protein_coding
chr2-178	chr2	130836866	130837128	+	1	NA	promoter-TSS (ENST00000409359.7)	protein_coding-promoter-TSS (ENST00000409359.7)	-3	ENST00000446213.2	ENSG00000233221	ENST00000429282			ARHGEF4-AS1			lncRNA
chr11-159	chr11	65574279	65574541	+	1	NA	TTS (ENST00000316409.2)	protein_coding-TTS (ENST00000316409.2)	766	ENST00000702550.1	ENSG00000290026	ENST00000702550			ENSG00000290026			lncRNA
chr19-246	chr19	43596238	43596500	+	1	NA	promoter-TSS (ENST00000336564.5)	protein_coding-promoter-TSS (ENST00000336564.5)	-23	ENST00000391965.6	ENSG00000124444	ENST00000525771			ZNF576			protein_coding
chr8-14	chr8	127859842	127860104	+	1	NA	exon (ENST00000652695.1, exon 1 of 5)	lncRNA-exon (ENST00000652695.1, exon 1 of 5)	186	ENST00000652695.1	ENSG00000249859	ENST00000667305			PVT1			lncRNA
chr17-168	chr17	75557110	75557372	+	1	NA	promoter-TSS (ENST00000545227.6)	protein_coding-promoter-TSS (ENST00000545227.6)	-564	ENST00000545227.6	ENSG00000073350	ENST00000577200			LLGL2			protein_coding
chr9-459	chr9	89686105	89686367	+	1	NA	intron (ENST00000617436.2, intron 3 of 5)	lncRNA-intron (ENST00000617436.2, intron 3 of 5)	-10176	ENST00000650746.1	ENSG00000237372	ENST00000617436			LINC03062			lncRNA
chr3-335	chr3	153161424	153161686	+	1	NA	promoter-TSS (ENST00000323534.5)	protein_coding-promoter-TSS (ENST00000323534.5)	136	ENST00000701348.1	ENSG00000289885	ENST00000701348			ENSG00000289885			lncRNA
chr2-185	chr2	231786366	231786628	+	1	NA	promoter-TSS (ENST00000350033.8)	protein_coding-promoter-TSS (ENST00000350033.8)	49	ENST00000373608.7	ENSG00000144524	ENST00000631349			COPS7B			protein_coding
chr9-20	chr9	131546716	131546978	+	1	NA	intron (ENST00000636672.2, intron 1 of 3)	protein_coding-intron (ENST00000636672.2, intron 1 of 3)	1324	ENST00000636672.2	ENSG00000283526	ENST00000636672			PRRT1B			protein_coding
chr3-219	chr3	156812475	156812737	+	1	NA	intron (ENST00000473352.1, intron 1 of 1)	lncRNA-intron (ENST00000472943.5, intron 1 of 2)	-1874	ENST00000473864.1	ENSG00000230457	ENST00000473864			PA2G4P4			processed_pseudogene
chr13-85	chr13	32315221	32315483	+	1	NA	promoter-TSS (ENST00000380152.8)	protein_coding-promoter-TSS (ENST00000380152.8)	11	ENST00000533490.7	ENSG00000189167	ENST00000345108			ZAR1L			protein_coding
chr1-494	chr1	153967147	153967409	+	1	NA	promoter-TSS (ENST00000271889.8)	protein_coding-promoter-TSS (ENST00000271889.8)	-256	ENST00000477617.5	ENSG00000143578	ENST00000431292			CREB3L4			protein_coding
chr11-95	chr11	47408255	47408517	+	1	NA	promoter-TSS (ENST00000354884.8)	protein_coding-promoter-TSS (ENST00000354884.8)	-198	ENST00000531974.5	ENSG00000165915	ENST00000529740			SLC39A13			protein_coding
chr3-354	chr3	42079712	42079974	+	1	NA	intron (ENST00000673621.2, intron 1 of 16)	protein_coding-intron (ENST00000487159.5, intron 1 of 16)	-7357	ENST00000484786.5	ENSG00000182606	ENST00000484786			TRAK1			protein_coding
chr5-7	chr5	1555501	1555763	+	1	NA	Intergenic	Intergenic	-3922	ENST00000503113.1	ENSG00000251532	ENST00000503113			ENSG00000251532			lncRNA
chr19-161	chr19	35111013	35111275	+	1	NA	intron (ENST00000649940.1, intron 1 of 1)	protein_coding-intron (ENST00000648240.1, intron 1 of 8)	4634	ENST00000648240.1	ENSG00000285526	ENST00000648240			ENSG00000285526			protein_coding
chr3-258	chr3	194070795	194071057	+	1	NA	promoter-TSS (ENST00000449350.6)	lncRNA-promoter-TSS (ENST00000449350.6)	26	ENST00000449350.6	ENSG00000230102	ENST00000665355			LINC02028			lncRNA
chr20-1490	chr20	50279074	50279336	+	1	NA	TTS (ENST00000421019.1)	lncRNA-TTS (ENST00000421019.1)	1671	ENST00000421019.1	ENSG00000224397	ENST00000692392			PELATON			lncRNA
chr10-25	chr10	119596743	119597005	+	1	NA	promoter-TSS (ENST00000369093.6)	protein_coding-promoter-TSS (ENST00000369093.6)	90	ENST00000436547.7	ENSG00000151923	ENST00000470781			TIAL1			protein_coding
chr9-143	chr9	38620553	38620815	+	1	NA	promoter-TSS (ENST00000377680.3)	lncRNA-promoter-TSS (ENST00000377680.3)	-50	ENST00000484285.2	ENSG00000204860	ENST00000471864			FAM201A			lncRNA
chr2-144	chr2	26345638	26345900	+	1	NA	promoter-TSS (ENST00000260585.12)	protein_coding-promoter-TSS (ENST00000260585.12)	33	ENST00000459892.5	ENSG00000173567	ENST00000421160			ADGRF3			protein_coding
chr12-292	chr12	1690874	1691136	+	1	NA	promoter-TSS (ENST00000357103.5)	protein_coding-promoter-TSS (ENST00000357103.5)	-65	ENST00000357103.5	ENSG00000006831	ENST00000544470			ADIPOR2			protein_coding
chr13-44	chr13	44989400	44989662	+	1	NA	promoter-TSS (ENST00000361121.6)	protein_coding-promoter-TSS (ENST00000361121.6)	2	ENST00000611650.1	ENSG00000133114	ENST00000611650			GPALPP1			protein_coding
chr12-33	chr12	121352415	121352677	+	1	NA	promoter-TSS (ENST00000261819.8)	protein_coding-promoter-TSS (ENST00000261819.8)	-129	ENST00000536416.5	ENSG00000089053	ENST00000536837			ANAPC5			protein_coding
chr12-9	chr12	53676198	53676460	+	1	NA	promoter-TSS (ENST00000394349.9)	protein_coding-promoter-TSS (ENST00000394349.9)	69	ENST00000549164.5	ENSG00000135390	ENST00000549164			ATP5MC2			protein_coding
chr2-96	chr2	96951955	96952217	+	1	NA	promoter-TSS (ENST00000520074.1)	protein_coding-promoter-TSS (ENST00000520074.1)	-151	ENST00000520074.1	ENSG00000168754	ENST00000494172			FAM178B			protein_coding
chr8-203	chr8	143976478	143976740	+	1	NA	TTS (ENST00000313028.12)	protein_coding-TTS (ENST00000313028.12)	125	ENST00000436759.6	ENSG00000178209	ENST00000345136			PLEC			protein_coding
chr4-234	chr4	40629670	40629932	+	1	NA	promoter-TSS (ENST00000295971.12)	protein_coding-promoter-TSS (ENST00000295971.12)	63	ENST00000510871.5	ENSG00000163694	ENST00000515053			RBM47			protein_coding
chr3-943	chr3	175151024	175151286	+	1	NA	intron (ENST00000489299.5, intron 1 of 10)	protein_coding-intron (ENST00000454872.6, intron 2 of 13)	26749	ENST00000489299.5	ENSG00000177694	ENST00000495900			NAALADL2			protein_coding
chr16-26	chr16	87807020	87807282	+	1	NA	promoter-TSS (ENST00000561567.1)	lncRNA-promoter-TSS (ENST00000561567.1)	-675	ENST00000561567.1	ENSG00000260177	ENST00000561567			ENSG00000260177			lncRNA
chr11-34	chr11	35894159	35894421	+	1	NA	promoter-TSS (ENST00000649203.1)	lncRNA-promoter-TSS (ENST00000649203.1)	-697	ENST00000649203.1	ENSG00000285740	ENST00000649203			ENSG00000285740			lncRNA
chr11-293	chr11	120121885	120122147	+	1	NA	promoter-TSS (ENST00000524956.4)	protein_coding-promoter-TSS (ENST00000524956.4)	-23	ENST00000525887.5	ENSG00000137699	ENST00000533302			TRIM29			protein_coding
chr7-404	chr7	6503429	6503691	+	1	NA	exon (ENST00000435185.5, exon 15 of 21)	protein_coding-exon (ENST00000435185.5, exon 15 of 21)	-12462	ENST00000496556.1	ENSG00000231359	ENST00000496556			RPL31P34			processed_pseudogene
chr4-295	chr4	48340989	48341251	+	1	NA	promoter-TSS (ENST00000264313.11)	protein_coding-promoter-TSS (ENST00000264313.11)	-409	ENST00000264313.11	ENSG00000109171	ENST00000512093			SLAIN2			protein_coding
chr17-1820	chr17	76027348	76027610	+	1	NA	promoter-TSS (ENST00000301607.8)	protein_coding-promoter-TSS (ENST00000301607.8)	-173	ENST00000301607.8	ENSG00000167880	ENST00000586740			EVPL			protein_coding
chr22-39	chr22	28829380	28829642	+	1	NA	intron (ENST00000687270.1, intron 2 of 2)	lncRNA-intron (ENST00000418292.1, intron 1 of 1)	6626	ENST00000447099.1	ENSG00000224256	ENST00000447099			ENSG00000224256			processed_pseudogene
chr19-247	chr19	43950936	43951198	+	1	NA	promoter-TSS (ENST00000251269.9)	protein_coding-promoter-TSS (ENST00000251269.9)	-156	ENST00000591168.5	ENSG00000159905	ENST00000251269			ZNF221			protein_coding
chr8-207	chr8	70493229	70493491	+	1	NA	Intergenic	Intergenic	-12737	ENST00000521051.1	ENSG00000253143	ENST00000521051			ENSG00000253143			lncRNA
chr17-59	chr17	40448710	40448972	+	1	NA	intron (ENST00000269593.5, intron 1 of 3)	protein_coding-intron (ENST00000269593.5, intron 1 of 3)	5391	ENST00000269593.5	ENSG00000141753	ENST00000269593			IGFBP4			protein_coding
chr19-175	chr19	4124015	4124277	+	1	NA	promoter-TSS (ENST00000262948.10)	protein_coding-promoter-TSS (ENST00000262948.10)	-24	ENST00000262948.10	ENSG00000126934	ENST00000262948			MAP2K2			protein_coding
chr16-250	chr16	75245151	75245413	+	1	NA	TTS (ENST00000624205.1)	TEC-TTS (ENST00000624205.1)	-2580	ENST00000569340.1	ENSG00000050820	ENST00000563323			BCAR1			protein_coding
chr12-133	chr12	6852371	6852633	+	1	NA	intron (ENST00000542087.1, intron 1 of 4)	protein_coding-intron (ENST00000229268.13, intron 1 of 19)	349	ENST00000542087.1	ENSG00000111667	ENST00000535080			USP5			protein_coding
chr20-1	chr20	47319836	47320098	+	1	NA	promoter-TSS (ENST00000468376.2)	protein_coding-promoter-TSS (ENST00000468376.2)	-906	ENST00000468376.2	ENSG00000101040	ENST00000468376			ZMYND8			protein_coding
chr10-38	chr10	72331904	72332166	+	1	NA	TTS (ENST00000338820.7)	protein_coding-TTS (ENST00000338820.7)	4830	ENST00000473051.1	ENSG00000148719	ENST00000461919			DNAJB12			protein_coding
chr8-86	chr8	40054652	40054914	+	1	NA	Intergenic	Intergenic	-49386	ENST00000524098.1	ENSG00000253381	ENST00000524098			ENSG00000253381			lncRNA
chr20-1223	chr20	63835048	63835310	+	1	NA	Intergenic	Intergenic	-3141	ENST00000650966.1	ENSG00000130584	ENST00000245663			ZBTB46			protein_coding
chr1-721	chr1	145877969	145878231	+	1	NA	intron (ENST00000355594.9, intron 3 of 13)	protein_coding-intron (ENST00000355594.9, intron 3 of 13)	7766	ENST00000355594.9	ENSG00000198483	ENST00000544626			ANKRD35			protein_coding
chr12-123	chr12	52280968	52281230	+	1	NA	intron (ENST00000423955.7, intron 2 of 10)	protein_coding-intron (ENST00000423955.7, intron 2 of 10)	-1943	ENST00000549788.1	ENSG00000257830	ENST00000549788			ENSG00000257830			lncRNA
chr20-578	chr20	50229288	50229550	+	1	NA	Intergenic	Intergenic	-18224	ENST00000651976.1	ENSG00000224397	ENST00000692392			PELATON			lncRNA
chr4-112	chr4	40621755	40622017	+	1	NA	intron (ENST00000514014.1, intron 1 of 5)	protein_coding-intron (ENST00000295971.12, intron 1 of 6)	7643	ENST00000513044.1	ENSG00000163694	ENST00000515053			RBM47			protein_coding
chr11-122	chr11	30322901	30323163	+	1	NA	promoter-TSS (ENST00000282032.4)	protein_coding-promoter-TSS (ENST00000282032.4)	-44	ENST00000662729.1	ENSG00000254532	ENST00000662729			ARL14EP-DT			lncRNA
chr19-135	chr19	3721412	3721674	+	1	NA	promoter-TSS (ENST00000587912.1)	protein_coding-promoter-TSS (ENST00000587912.1)	-74	ENST00000587912.1	ENSG00000105289	ENST00000591493			TJP3			protein_coding
chr5-54	chr5	134371233	134371495	+	1	NA	promoter-TSS (ENST00000265339.7)	protein_coding-promoter-TSS (ENST00000265339.7)	-105	ENST00000510021.5	ENSG00000119048	ENST00000503080			UBE2B			protein_coding
chr3-610	chr3	185937274	185937536	+	1	NA	promoter-TSS (ENST00000471134.1)	protein_coding-promoter-TSS (ENST00000471134.1)	15	ENST00000487615.5	ENSG00000136527	ENST00000487615			TRA2B			protein_coding
chr7-158	chr7	152436700	152436962	+	1	NA	promoter-TSS (ENST00000262189.11)	protein_coding-promoter-TSS (ENST00000262189.11)	-33	ENST00000648413.1	ENSG00000293165	ENST00000477993			FABP5P3			lncRNA
chr8-534	chr8	141845184	141845446	+	1	NA	Intergenic	Intergenic	-59002	ENST00000408841.2	ENSG00000221768	ENST00000408841			MIR1302-7			miRNA
chr8-46	chr8	68853373	68853635	+	1	NA	promoter-TSS (ENST00000522354.1)	lncRNA-promoter-TSS (ENST00000522354.1)	-741	ENST00000522354.1	ENSG00000254337	ENST00000522354			ENSG00000254337			lncRNA
chr11-143	chr11	69420612	69420874	+	1	NA	Intergenic	Intergenic	-4935	ENST00000545202.3	ENSG00000255980	ENST00000545202			LINC02953			lncRNA
chr5-57	chr5	180861185	180861447	+	1	NA	promoter-TSS (ENST00000502412.2)	protein_coding-promoter-TSS (ENST00000502412.2)	-31	ENST00000506377.5	ENSG00000196670	ENST00000506377			ZFP62			protein_coding
chr1-104	chr1	111449125	111449387	+	1	NA	promoter-TSS (ENST00000235090.10)	protein_coding-promoter-TSS (ENST00000235090.10)	0	ENST00000235090.10	ENSG00000116455	ENST00000235090			WDR77			protein_coding
chr9-246	chr9	37800567	37800829	+	1	NA	promoter-TSS (ENST00000377724.8)	protein_coding-promoter-TSS (ENST00000377724.8)	11	ENST00000489414.5	ENSG00000107371	ENST00000678095			EXOSC3			protein_coding
chr15-184	chr15	82046315	82046577	+	1	NA	promoter-TSS (ENST00000329713.5)	protein_coding-promoter-TSS (ENST00000329713.5)	-327	ENST00000558133.1	ENSG00000183496	ENST00000558133			MEX3B			protein_coding
chr14-18	chr14	53103962	53104224	+	1	NA	promoter-TSS (ENST00000673827.1)	protein_coding-promoter-TSS (ENST00000673827.1)	53	ENST00000673827.1	ENSG00000100523	ENST00000557445			DDHD1			protein_coding
chr14-71	chr14	76917157	76917419	+	1	NA	Intergenic	Intergenic	7361	ENST00000553991.1	ENSG00000259058	ENST00000553991			ENSG00000259058			lncRNA
chr8-106	chr8	123580092	123580354	+	1	NA	Intergenic	Intergenic	-8536	ENST00000516031.1	ENSG00000251840	ENST00000516031			RN7SKP155			misc_RNA
chr17-29	chr17	10119809	10120071	+	1	NA	intron (ENST00000432992.7, intron 1 of 13)	protein_coding-intron (ENST00000432992.7, intron 1 of 13)	-5387	ENST00000323816.8	ENSG00000007237	ENST00000432992			GAS7			protein_coding
chr16-39	chr16	54424171	54424433	+	1	NA	Intergenic	Intergenic	-53508	ENST00000661222.1	ENSG00000261803	ENST00000668085			LINC02140			lncRNA
chr14-253	chr14	92946424	92946686	+	1	NA	TTS (ENST00000553695.5)	protein_coding-TTS (ENST00000553695.5)	14878	ENST00000556876.1	ENSG00000100604	ENST00000556098			CHGA			protein_coding
chr16-222	chr16	88755347	88755609	+	1	NA	intron (ENST00000301015.14, intron 1 of 50)	protein_coding-intron (ENST00000301015.14, intron 1 of 50)	12657	ENST00000567588.1	ENSG00000182376	ENST00000567588			ENSG00000182376			lncRNA
chr15-247	chr15	98873754	98874016	+	1	NA	intron (ENST00000557873.5, intron 1 of 2)	protein_coding-intron (ENST00000557873.5, intron 1 of 2)	166	ENST00000557873.5	ENSG00000140443	ENST00000650285			IGF1R			protein_coding
chr16-56	chr16	81275824	81276086	+	1	NA	intron (ENST00000563804.5, intron 6 of 9)	protein_coding-intron (ENST00000258168.7, intron 7 of 10)	-11864	ENST00000625028.1	ENSG00000280182	ENST00000625028			ENSG00000280182			TEC
chr22-26	chr22	41286305	41286567	+	1	NA	promoter-TSS (ENST00000356244.8)	protein_coding-promoter-TSS (ENST00000356244.8)	-249	ENST00000356244.8	ENSG00000100401	ENST00000356244			RANGAP1			protein_coding
chr9-91	chr9	114558350	114558612	+	1	NA	Intergenic	Intergenic	-14420	ENST00000423876.2	ENSG00000235797	ENST00000423876			ENSG00000235797			processed_pseudogene
chr8-286	chr8	128139852	128140114	+	1	NA	intron (ENST00000650846.1, intron 1 of 3)	lncRNA-intron (ENST00000650846.1, intron 1 of 3)	-10133	ENST00000408334.1	ENSG00000221261	ENST00000408334			MIR1208			miRNA
chr1-388	chr1	1764142	1764404	+	1	NA	intron (ENST00000492845.6, intron 2 of 5)	protein_coding-intron (ENST00000341426.9, intron 2 of 11)	-5698	ENST00000342348.9	ENSG00000008130	ENST00000460602			NADK			protein_coding
chr10-55	chr10	133278551	133278813	+	1	NA	TTS (ENST00000252936.8)	protein_coding-TTS (ENST00000252936.8)	-1814	ENST00000485491.6	ENSG00000151651	ENST00000537099			ADAM8			protein_coding
chr3-50	chr3	196287707	196287969	+	1	NA	promoter-TSS (ENST00000292823.6)	protein_coding-promoter-TSS (ENST00000292823.6)	-86	ENST00000460677.5	ENSG00000161217	ENST00000473978			PCYT1A			protein_coding
chr6-753	chr6	169933374	169933636	+	1	NA	Intergenic	Intergenic	-123403	ENST00000427017.1	ENSG00000236173	ENST00000427017			ENSG00000236173			lncRNA
chr15-161	chr15	89067323	89067585	+	1	NA	intron (ENST00000668304.1, intron 1 of 3)	lncRNA-intron (ENST00000565938.1, intron 1 of 3)	-20005	ENST00000569411.5	ENSG00000140526	ENST00000568308			ABHD2			protein_coding
chr16-272	chr16	85011641	85011903	+	1	NA	promoter-TSS (ENST00000313732.9)	protein_coding-promoter-TSS (ENST00000313732.9)	-237	ENST00000313732.9	ENSG00000153786	ENST00000313732			ZDHHC7			protein_coding
chr3-11	chr3	195030888	195031150	+	1	NA	Intergenic	Intergenic	56353	ENST00000460582.1	ENSG00000173950	ENST00000356740			XXYLT1			protein_coding
chr20-1226	chr20	44765593	44765855	+	1	NA	intron (ENST00000541604.2, intron 2 of 5)	protein_coding-intron (ENST00000372851.8, intron 2 of 5)	19082	ENST00000611368.1	ENSG00000276223	ENST00000611368			ENSG00000276223			lncRNA
chrX-17	chrX	22165037	22165299	+	1	NA	intron (ENST00000424650.1, intron 4 of 4)	protein_coding-intron (ENST00000379374.5, intron 12 of 21)	7815	ENST00000424650.1	ENSG00000224204	ENST00000424650			PHEX-AS1			lncRNA
chr14-168	chr14	74257395	74257657	+	1	NA	intron (ENST00000261980.3, intron 3 of 4)	protein_coding-intron (ENST00000261980.3, intron 3 of 4)	18077	ENST00000261980.3	ENSG00000119614	ENST00000261980			VSX2			protein_coding
chr11-150	chr11	20036105	20036367	+	1	NA	intron (ENST00000534299.5, intron 2 of 3)	protein_coding-intron (ENST00000349880.9, intron 12 of 37)	8682	ENST00000526675.1	ENSG00000166833	ENST00000526675			NAV2			protein_coding
chr16-169	chr16	2904274	2904536	+	1	NA	exon (ENST00000692441.2, exon 1 of 1)	lncRNA-exon (ENST00000692441.2, exon 1 of 1)	997	ENST00000692441.2	ENSG00000289222	ENST00000692441			ENSG00000289222			lncRNA
chr6-194	chr6	10694694	10694956	+	1	NA	promoter-TSS (ENST00000259983.8)	protein_coding-promoter-TSS (ENST00000259983.8)	-28	ENST00000503680.1	ENSG00000137434	ENST00000379586			C6orf52			protein_coding
chr20-1883	chr20	36086913	36087175	+	1	NA	intron (ENST00000433587.1, intron 1 of 1)	lncRNA-intron (ENST00000433587.1, intron 1 of 1)	1148	ENST00000433587.1	ENSG00000237063	ENST00000433587			ENSG00000237063			lncRNA
chr15-135	chr15	71115233	71115495	+	1	NA	promoter-TSS (ENST00000261862.8)	protein_coding-promoter-TSS (ENST00000261862.8)	103	ENST00000566432.1	ENSG00000225362	ENST00000648023			CT62			lncRNA
chr8-481	chr8	94895526	94895788	+	1	NA	promoter-TSS (ENST00000308108.9)	protein_coding-promoter-TSS (ENST00000308108.9)	-14	ENST00000697355.1	ENSG00000156170	ENST00000519034			NDUFAF6			protein_coding
chr6-128	chr6	10722762	10723024	+	1	NA	promoter-TSS (ENST00000229563.6)	protein_coding-promoter-TSS (ENST00000229563.6)	-22	ENST00000541412.5	ENSG00000111843	ENST00000466421			TMEM14C			protein_coding
chr10-560	chr10	123744014	123744276	+	1	NA	intron (ENST00000615851.4, intron 13 of 14)	protein_coding-intron (ENST00000368854.7, intron 15 of 19)	-32525	ENST00000446888.1	ENSG00000231138	ENST00000446888			ENSG00000231138			lncRNA
chr20-117	chr20	20441333	20441595	+	1	NA	intron (ENST00000430436.5, intron 31 of 32)	protein_coding-intron (ENST00000202677.12, intron 37 of 39)	71136	ENST00000427175.2	ENSG00000188559	ENST00000430436			RALGAPA2			protein_coding
chr17-1206	chr17	60018793	60019055	+	1	NA	promoter-TSS (ENST00000587125.1)	lncRNA-promoter-TSS (ENST00000587125.1)	51	ENST00000587125.1	ENSG00000267104	ENST00000587125			TBC1D3P1-DHX40P1			lncRNA
chr7-21	chr7	116723975	116724237	+	1	NA	promoter-TSS (ENST00000495962.1)	protein_coding-promoter-TSS (ENST00000495962.1)	-40	ENST00000495962.1	ENSG00000105976	ENST00000436117			MET			protein_coding
chr20-2292	chr20	31722693	31722955	+	1	NA	promoter-TSS (ENST00000307677.5)	protein_coding-promoter-TSS (ENST00000307677.5)	44	ENST00000307677.5	ENSG00000171552	ENST00000376062			BCL2L1			protein_coding
chr15-125	chr15	84716074	84716336	+	1	NA	promoter-TSS (ENST00000268220.12)	protein_coding-promoter-TSS (ENST00000268220.12)	-42	ENST00000455959.7	ENSG00000140612	ENST00000560409			SEC11A			protein_coding
chr6-21	chr6	37071762	37072024	+	1	NA	Intergenic	Intergenic	-19421	ENST00000424565.2	ENSG00000216412	ENST00000424565			RPL12P2			processed_pseudogene
chr11-16	chr11	65418765	65419027	+	1	NA	Intergenic	Intergenic	-2552	ENST00000702707.1	ENSG00000290057	ENST00000702707			ENSG00000290057			lncRNA
chr9-30	chr9	94819381	94819643	+	1	NA	intron (ENST00000297979.9, intron 5 of 14)	protein_coding-intron (ENST00000277198.6, intron 5 of 7)	-4760	ENST00000437846.1	ENSG00000230815	ENST00000437846			ENSG00000230815			lncRNA
chr1-92	chr1	202046341	202046603	+	1	NA	Intergenic	Intergenic	6621	ENST00000457453.1	ENSG00000235811	ENST00000457453			ENSG00000235811			processed_pseudogene
chr1-751	chr1	183186067	183186329	+	1	NA	promoter-TSS (ENST00000264144.5)	protein_coding-promoter-TSS (ENST00000264144.5)	-40	ENST00000493293.5	ENSG00000058085	ENST00000493293			LAMC2			protein_coding
chr9-172	chr9	97922120	97922382	+	1	NA	promoter-TSS (ENST00000660312.1)	lncRNA-promoter-TSS (ENST00000660312.1)	-70	ENST00000660312.1	ENSG00000287070	ENST00000660312			ENSG00000287070			lncRNA
chr20-238	chr20	45779025	45779287	+	1	NA	TTS (ENST00000408119.1)	snRNA-TTS (ENST00000408119.1)	458	ENST00000408119.1	ENSG00000221046	ENST00000408119			RNU6ATAC38P			snRNA
chr19-341	chr19	290522	290784	+	1	NA	intron (ENST00000591572.2, intron 1 of 3)	protein_coding-intron (ENST00000269812.7, intron 1 of 5)	532	ENST00000327790.7	ENSG00000141934	ENST00000621795			PLPP2			protein_coding
chr2-523	chr2	8539917	8540179	+	1	NA	intron (ENST00000685270.1, intron 1 of 1)	lncRNA-intron (ENST00000648900.2, intron 4 of 4)	5188	ENST00000648035.1	ENSG00000236008	ENST00000685893			LINC01814			lncRNA
chr7-58	chr7	67302597	67302859	+	1	NA	promoter-TSS (ENST00000414507.4)	lncRNA-promoter-TSS (ENST00000414507.4)	69	ENST00000647855.1	ENSG00000291153	ENST00000472361			STAG3L4			lncRNA
chr13-74	chr13	112913557	112913819	+	1	NA	intron (ENST00000375608.7, intron 2 of 29)	protein_coding-intron (ENST00000375608.7, intron 2 of 29)	11493	ENST00000397036.4	ENSG00000126217	ENST00000413354			MCF2L			protein_coding
chr10-413	chr10	110840467	110840729	+	1	NA	Intergenic	Intergenic	5420	ENST00000465774.2	ENSG00000203867	ENST00000480343			RBM20			protein_coding
chr11-474	chr11	71306272	71306534	+	1	NA	Intergenic	Intergenic	-53826	ENST00000601538.6	ENSG00000162105	ENST00000470759			SHANK2			protein_coding
chr15-196	chr15	50686856	50687118	+	1	NA	promoter-TSS (ENST00000560955.5)	protein_coding-promoter-TSS (ENST00000560955.5)	-190	ENST00000646667.1	ENSG00000092439	ENST00000560955			TRPM7			protein_coding
chr20-1890	chr20	41693359	41693621	+	1	NA	intron (ENST00000686898.1, intron 1 of 1)	lncRNA-intron (ENST00000685138.2, intron 1 of 1)	-8399	ENST00000516577.1	ENSG00000252386	ENST00000516577			RNU6-1018P			snRNA
chr17-348	chr17	74045796	74046058	+	1	NA	intron (ENST00000581028.5, intron 3 of 3)	lncRNA-intron (ENST00000581028.5, intron 3 of 3)	66972	ENST00000581028.5	ENSG00000266357	ENST00000581028			LINC02074			lncRNA
chr1-210	chr1	110338339	110338601	+	1	NA	promoter-TSS (ENST00000369784.9)	protein_coding-promoter-TSS (ENST00000369784.9)	-36	ENST00000652747.1	ENSG00000162775	ENST00000652747			RBM15			protein_coding
chr16-248	chr16	58129275	58129537	+	1	NA	promoter-TSS (ENST00000262498.8)	protein_coding-promoter-TSS (ENST00000262498.8)	-25	ENST00000262498.8	ENSG00000070761	ENST00000567092			CFAP20			protein_coding
chr20-2624	chr20	46715262	46715524	+	1	NA	intron (ENST00000611837.1, intron 1 of 1)	protein_coding-intron (ENST00000359271.4, intron 1 of 4)	926	ENST00000611837.1	ENSG00000197496	ENST00000611837			SLC2A10			protein_coding
chr6-701	chr6	109224224	109224486	+	1	NA	intron (ENST00000640771.1, intron 11 of 22)	transcribed_unitary_pseudogene-intron (ENST00000368966.10, intron 10 of 45)	-12259	ENST00000453496.2	ENSG00000293470	ENST00000640771			ENSG00000293470			lncRNA
chr17-1295	chr17	7857180	7857442	+	1	NA	promoter-TSS (ENST00000332439.5)	protein_coding-promoter-TSS (ENST00000332439.5)	-48	ENST00000576384.1	ENSG00000183011	ENST00000575071			NAA38			protein_coding
chr20-1699	chr20	62795504	62795766	+	1	NA	promoter-TSS (ENST00000370487.5)	protein_coding-promoter-TSS (ENST00000370487.5)	-838	ENST00000370487.5	ENSG00000101189	ENST00000370487			MRGBP			protein_coding
chr9-680	chr9	134938320	134938582	+	1	NA	intron (ENST00000664778.1, intron 2 of 3)	lncRNA-intron (ENST00000417054.2, intron 1 of 2)	1518	ENST00000417054.2	ENSG00000236403	ENST00000664778			ENSG00000236403			lncRNA
chr10-122	chr10	17201477	17201739	+	1	NA	promoter-TSS (ENST00000354631.7)	protein_coding-promoter-TSS (ENST00000354631.7)	-28	ENST00000525762.5	ENSG00000107614	ENST00000495022			TRDMT1			protein_coding
chr3-254	chr3	155730899	155731161	+	1	NA	intron (ENST00000460012.7, intron 1 of 22)	protein_coding-intron (ENST00000460012.7, intron 1 of 22)	12696	ENST00000399242.3	ENSG00000214919	ENST00000399242			ENSG00000214919			lncRNA
chr20-1794	chr20	52001994	52002256	+	1	NA	Intergenic	Intergenic	-70560	ENST00000665639.1	ENSG00000287511	ENST00000665639			ENSG00000287511			lncRNA
chr14-63	chr14	77027841	77028103	+	1	NA	promoter-TSS (ENST00000619017.1)	lncRNA-promoter-TSS (ENST00000619017.1)	-114	ENST00000619017.1	ENSG00000273729	ENST00000619017			ENSG00000273729			lncRNA
chr15-251	chr15	29823040	29823302	+	1	NA	promoter-TSS (ENST00000346128.10)	protein_coding-promoter-TSS (ENST00000346128.10)	540	ENST00000557989.1	ENSG00000259523	ENST00000557989			ENSG00000259523			lncRNA
chr20-116	chr20	54680805	54681067	+	1	NA	Intergenic	Intergenic	126003	ENST00000484860.1	ENSG00000101134	ENST00000491469			DOK5			protein_coding
chr8-17	chr8	128141951	128142213	+	1	NA	intron (ENST00000650846.1, intron 1 of 3)	lncRNA-intron (ENST00000650846.1, intron 1 of 3)	-8034	ENST00000408334.1	ENSG00000221261	ENST00000408334			MIR1208			miRNA
chr5-116	chr5	1883402	1883664	+	1	NA	promoter-TSS (ENST00000231357.7)	protein_coding-promoter-TSS (ENST00000231357.7)	144	ENST00000693594.1	ENSG00000249116	ENST00000506335			IRX4-AS1			lncRNA
chr22-15	chr22	33883636	33883898	+	1	NA	intron (ENST00000413114.6, intron 1 of 15)	protein_coding-intron (ENST00000354992.7, intron 1 of 15)	-3095	ENST00000675416.1	ENSG00000133424	ENST00000676070			LARGE1			protein_coding
chr10-172	chr10	32197568	32197830	+	1	NA	Intergenic	Intergenic	-8882	ENST00000405422.2	ENSG00000217094	ENST00000405422			PPIAP31			processed_pseudogene
chr3-1214	chr3	12868012	12868274	+	1	NA	intron (ENST00000703598.1, intron 4 of 4)	protein_coding-intron (ENST00000454887.1, intron 3 of 3)	17068	ENST00000448129.1	ENSG00000232746	ENST00000448129			LINC02022			lncRNA
chr21-1	chr21	41783579	41783841	+	1	NA	Intergenic	Intergenic	16534	ENST00000701256.1	ENSG00000289513	ENST00000686319			ENSG00000289513			lncRNA
chr2-773	chr2	102206726	102206988	+	1	NA	intron (ENST00000441515.3, intron 3 of 9)	protein_coding-intron (ENST00000264257.7, intron 5 of 11)	19543	ENST00000421464.1	ENSG00000115598	ENST00000421464			IL1RL2			protein_coding
chr7-543	chr7	141663211	141663473	+	1	NA	exon (ENST00000602609.1, exon 1 of 1)	lncRNA-exon (ENST00000602609.1, exon 1 of 1)	504	ENST00000602609.1	ENSG00000270157	ENST00000602609			ENSG00000270157			lncRNA
chr1-419	chr1	151790258	151790520	+	1	NA	promoter-TSS (ENST00000368823.5)	protein_coding-promoter-TSS (ENST00000368823.5)	41	ENST00000526413.5	ENSG00000182134	ENST00000486986			TDRKH			protein_coding
chr8-525	chr8	134478570	134478832	+	1	NA	exon (ENST00000377838.8, exon 16 of 16)	protein_coding-exon (ENST00000377838.8, exon 16 of 16)	31481	ENST00000521673.5	ENSG00000066827	ENST00000518191			ZFAT			protein_coding
chr2-417	chr2	218834756	218835018	+	1	NA	Intergenic	Intergenic	-2801	ENST00000529249.5	ENSG00000115592	ENST00000439262			PRKAG3			protein_coding
chr15-112	chr15	55196897	55197159	+	1	NA	promoter-TSS (ENST00000260443.9)	protein_coding-promoter-TSS (ENST00000260443.9)	21	ENST00000564344.5	ENSG00000137876	ENST00000677172			RSL24D1			protein_coding
chr14-67	chr14	49770370	49770632	+	1	NA	intron (ENST00000553538.5, intron 1 of 4)	protein_coding-intron (ENST00000298307.10, intron 1 of 12)	-1091	ENST00000553703.1	ENSG00000165516	ENST00000553703			KLHDC2			protein_coding
chr11-38	chr11	65040851	65041113	+	1	NA	promoter-TSS (ENST00000398846.6)	protein_coding-promoter-TSS (ENST00000398846.6)	12	ENST00000398846.6	ENSG00000168061	ENST00000531072			SAC3D1			protein_coding
chr13-203	chr13	52617344	52617606	+	1	NA	promoter-TSS (ENST00000509685.3)	transcribed_unprocessed_pseudogene-promoter-TSS (ENST00000509685.3)	-50	ENST00000683187.1	ENSG00000273784	ENST00000683187			ENSG00000273784			lncRNA
chr14-199	chr14	104815914	104816176	+	1	NA	promoter-TSS (ENST00000625139.1)	TEC-promoter-TSS (ENST00000625139.1)	-292	ENST00000625139.1	ENSG00000279140	ENST00000625139			ENSG00000279140			TEC
chr12-182	chr12	120136504	120136766	+	1	NA	exon (ENST00000300648.7, exon 51 of 58)	protein_coding-exon (ENST00000300648.7, exon 51 of 58)	755	ENST00000549815.1	ENSG00000089154	ENST00000300648			GCN1			protein_coding
chr16-198	chr16	57816465	57816727	+	1	NA	exon (ENST00000335616.3, exon 4 of 4)	lncRNA-exon (ENST00000335616.3, exon 4 of 4)	5959	ENST00000335616.3	ENSG00000187185	ENST00000335616			ENSG00000187185			lncRNA
chr7-154	chr7	150367971	150368233	+	1	NA	promoter-TSS (ENST00000397281.6)	protein_coding-promoter-TSS (ENST00000397281.6)	-87	ENST00000519397.1	ENSG00000214022	ENST00000397281			REPIN1			protein_coding
chr14-36	chr14	68793212	68793474	+	1	NA	promoter-TSS (ENST00000439696.3)	protein_coding-promoter-TSS (ENST00000439696.3)	-276	ENST00000439696.3	ENSG00000185650	ENST00000336440			ZFP36L1			protein_coding
chr1-424	chr1	155209003	155209265	+	1	NA	promoter-TSS (ENST00000424959.5)	protein_coding-promoter-TSS (ENST00000424959.5)	-83	ENST00000486260.5	ENSG00000169231	ENST00000541576			THBS3			protein_coding
chr8-681	chr8	132675483	132675745	+	1	NA	promoter-TSS (ENST00000250173.5)	protein_coding-promoter-TSS (ENST00000250173.5)	-22	ENST00000519595.5	ENSG00000129295	ENST00000518642			DNAAF11			protein_coding
chr11-25	chr11	62672332	62672594	+	1	NA	promoter-TSS (ENST00000354588.8)	protein_coding-promoter-TSS (ENST00000354588.8)	-196	ENST00000354588.8	ENSG00000162194	ENST00000527679			LBHD1			protein_coding
chr16-215	chr16	68744899	68745161	+	1	NA	intron (ENST00000566612.5, intron 2 of 14)	protein_coding-intron (ENST00000261769.10, intron 2 of 15)	2550	ENST00000363688.1	ENSG00000200558	ENST00000363688			RNA5SP429			rRNA_pseudogene
chr12-2	chr12	131860862	131861124	+	1	NA	intron (ENST00000542763.2, intron 1 of 2)	lncRNA-intron (ENST00000542763.2, intron 1 of 2)	3573	ENST00000542763.2	ENSG00000256955	ENST00000542763			ENSG00000256955			lncRNA
chr9-376	chr9	5628762	5629024	+	1	NA	promoter-TSS (ENST00000251879.10)	protein_coding-promoter-TSS (ENST00000251879.10)	76	ENST00000687545.2	ENSG00000286162	ENST00000661858			ENSG00000286162			lncRNA
chr14-59	chr14	75002837	75003099	+	1	NA	promoter-TSS (ENST00000266126.10)	protein_coding-promoter-TSS (ENST00000266126.10)	-4	ENST00000553539.1	ENSG00000119718	ENST00000556668			EIF2B2			protein_coding
chr1-1387	chr1	40306841	40307103	+	1	NA	intron (ENST00000482722.5, intron 18 of 30)	protein_coding-intron (ENST00000372748.8, intron 19 of 31)	-1975	ENST00000466267.1	ENSG00000049089	ENST00000372748			COL9A2			protein_coding
chr7-73	chr7	76358722	76358984	+	1	NA	exon (ENST00000307630.5, exon 1 of 2)	protein_coding-exon (ENST00000307630.5, exon 1 of 2)	138	ENST00000307630.5	ENSG00000170027	ENST00000307630			YWHAG			protein_coding
chr14-471	chr14	102811603	102811865	+	1	NA	intron (ENST00000560463.5, intron 3 of 5)	protein_coding-intron (ENST00000351691.10, intron 1 of 10)	-16307	ENST00000699893.1	ENSG00000131323	ENST00000392745			TRAF3			protein_coding
chr3-178	chr3	197372441	197372703	+	1	NA	intron (ENST00000700789.1, intron 1 of 2)	lncRNA-intron (ENST00000700789.1, intron 1 of 2)	2888	ENST00000700789.1	ENSG00000289828	ENST00000700789			ENSG00000289828			lncRNA
chr16-73	chr16	87834584	87834846	+	1	NA	promoter-TSS (ENST00000617557.1)	miRNA-promoter-TSS (ENST00000617557.1)	-55	ENST00000617557.1	ENSG00000278598	ENST00000617557			MIR6775			miRNA
chr2-76	chr2	85707341	85707603	+	1	NA	Intergenic	Intergenic	12104	ENST00000526018.1	ENSG00000115523	ENST00000526018			GNLY			protein_coding
chr20-255	chr20	23920128	23920390	+	1	NA	intron (ENST00000656541.1, intron 3 of 4)	transcribed_unprocessed_pseudogene-intron (ENST00000433681.1, intron 1 of 2)	1910	ENST00000433681.1	ENSG00000228476	ENST00000433681			CSTP1			transcribed_unprocessed_pseudogene
chr12-377	chr12	118372873	118373135	+	1	NA	promoter-TSS (ENST00000392533.8)	protein_coding-promoter-TSS (ENST00000392533.8)	-97	ENST00000392533.8	ENSG00000135090	ENST00000537952			TAOK3			protein_coding
chr20-1545	chr20	60132146	60132408	+	1	NA	intron (ENST00000431181.5, intron 7 of 7)	lncRNA-intron (ENST00000427691.5, intron 4 of 5)	-6163	ENST00000668055.1	ENSG00000228340	ENST00000654943			MIR646HG			lncRNA
chr8-167	chr8	47960843	47961105	+	1	NA	promoter-TSS (ENST00000262105.6)	protein_coding-promoter-TSS (ENST00000262105.6)	16	ENST00000524086.5	ENSG00000104738	ENST00000650327			MCM4			protein_coding
chr2-98	chr2	150486114	150486376	+	1	NA	promoter-TSS (ENST00000409557.5)	protein_coding-promoter-TSS (ENST00000409557.5)	621	ENST00000497865.5	ENSG00000115963	ENST00000263895			RND3			protein_coding
chr3-111	chr3	196568462	196568724	+	1	NA	promoter-TSS (ENST00000311630.7)	protein_coding-promoter-TSS (ENST00000311630.7)	-12	ENST00000429115.1	ENSG00000185798	ENST00000456677			WDR53			protein_coding
chr8-35	chr8	130033246	130033508	+	1	NA	Intergenic	Intergenic	-15873	ENST00000699094.1	ENSG00000153310	ENST00000519070			CYRIB			protein_coding
chr19-24	chr19	34218298	34218560	+	1	NA	intron (ENST00000588582.3, intron 3 of 6)	protein_coding-intron (ENST00000433627.9, intron 6 of 10)	-1277	ENST00000585887.3	ENSG00000257103	ENST00000433627			LSM14A			protein_coding
chr5-9	chr5	43483790	43484052	+	1	NA	promoter-TSS (ENST00000397080.8)	protein_coding-promoter-TSS (ENST00000397080.8)	2	ENST00000692330.2	ENSG00000249492	ENST00000692330			ENSG00000249492			lncRNA
chr3-747	chr3	122942979	122943241	+	1	NA	TTS (ENST00000421053.5)	protein_coding-TTS (ENST00000421053.5)	-30843	ENST00000451541.5	ENSG00000082684	ENST00000465147			SEMA5B			protein_coding
chr2-219	chr2	101120625	101120887	+	1	NA	intron (ENST00000463469.5, intron 4 of 4)	protein_coding-intron (ENST00000376840.8, intron 1 of 19)	-10793	ENST00000487392.1	ENSG00000204634	ENST00000485875			TBC1D8			protein_coding
chrX-171	chrX	123860097	123860359	+	1	NA	promoter-TSS (ENST00000355640.3)	protein_coding-promoter-TSS (ENST00000355640.3)	33	ENST00000497640.1	ENSG00000101966	ENST00000497640			XIAP			protein_coding
chr4-81	chr4	121801083	121801345	+	1	NA	promoter-TSS (ENST00000243498.10)	protein_coding-promoter-TSS (ENST00000243498.10)	-104	ENST00000509980.5	ENSG00000123737	ENST00000508212			EXOSC9			protein_coding
chr1-217	chr1	172358969	172359231	+	1	NA	intron (ENST00000627582.3, intron 17 of 20)	protein_coding-intron (ENST00000355305.9, intron 17 of 20)	-7440	ENST00000383957.1	ENSG00000206684	ENST00000383957			RNU6-157P			snRNA
chr13-116	chr13	20773228	20773490	+	1	NA	intron (ENST00000460374.1, intron 1 of 1)	protein_coding-intron (ENST00000382754.4, intron 1 of 4)	559	ENST00000382754.4	ENSG00000150456	ENST00000382754			EEF1AKMT1			protein_coding
chr16-72	chr16	85554108	85554370	+	1	NA	intron (ENST00000637419.1, intron 2 of 2)	protein_coding-intron (ENST00000637419.1, intron 2 of 2)	-1728	ENST00000635906.1	ENSG00000131149	ENST00000253458			GSE1			protein_coding
chr16-267	chr16	57292650	57292912	+	1	NA	Intergenic	Intergenic	-8109	ENST00000219207.10	ENSG00000102934	ENST00000564376			PLLP			protein_coding
chr16-141	chr16	2714517	2714779	+	1	NA	TTS (ENST00000566492.1)	protein_coding-TTS (ENST00000566492.1)	917	ENST00000543965.5	ENSG00000172382	ENST00000302641			PRSS27			protein_coding
chr9-392	chr9	92669983	92670245	+	1	NA	promoter-TSS (ENST00000287996.8)	protein_coding-promoter-TSS (ENST00000287996.8)	17	ENST00000287996.8	ENSG00000127080	ENST00000486841			IPPK			protein_coding
chr16-77	chr16	81314676	81314938	+	1	NA	promoter-TSS (ENST00000648349.2)	protein_coding-promoter-TSS (ENST00000648349.2)	12	ENST00000693428.1	ENSG00000289067	ENST00000693428			ENSG00000289067			lncRNA
chr5-108	chr5	83265259	83265521	+	1	NA	intron (ENST00000396027.9, intron 7 of 7)	protein_coding-intron (ENST00000282268.7, intron 7 of 7)	15254	ENST00000513804.1	ENSG00000251552	ENST00000513804			COQ10BP2			processed_pseudogene
chr4-41	chr4	54144867	54145129	+	1	NA	intron (ENST00000507166.5, intron 12 of 23)	protein_coding-intron (ENST00000507166.5, intron 12 of 23)	44825	ENST00000503800.1	ENSG00000180613	ENST00000507839			GSX2			protein_coding
chr14-7	chr14	65356540	65356802	+	1	NA	Intergenic	Intergenic	-21488	ENST00000584635.1	ENSG00000266740	ENST00000584635			MIR4708			miRNA
chr14-60	chr14	102279925	102280187	+	1	NA	TTS (ENST00000523169.1)	protein_coding-TTS (ENST00000523169.1)	-15405	ENST00000523485.5	ENSG00000080823	ENST00000557823			MOK			protein_coding
chr17-912	chr17	82292599	82292861	+	1	NA	promoter-TSS (ENST00000566986.1)	lncRNA-promoter-TSS (ENST00000566986.1)	84	ENST00000581489.1	ENSG00000265692	ENST00000581489			LINC01970			lncRNA
chr8-162	chr8	126570584	126570846	+	1	NA	intron (ENST00000690964.1, intron 1 of 2)	lncRNA-intron (ENST00000517773.5, intron 1 of 2)	-12237	ENST00000304916.4	ENSG00000168672	ENST00000517458			LRATD2			protein_coding
chr15-158	chr15	83011423	83011685	+	1	NA	promoter-TSS (ENST00000304177.10)	protein_coding-promoter-TSS (ENST00000304177.10)	-5	ENST00000512638.5	ENSG00000169609	ENST00000563387			C15orf40			protein_coding
chr3-743	chr3	119579380	119579642	+	1	NA	promoter-TSS (ENST00000357003.8)	protein_coding-promoter-TSS (ENST00000357003.8)	-17	ENST00000485496.1	ENSG00000144843	ENST00000478927			ADPRH			protein_coding
chr5-99	chr5	142512855	142513117	+	1	NA	intron (ENST00000702107.1, intron 4 of 4)	lncRNA-intron (ENST00000425963.1, intron 2 of 2)	-53714	ENST00000427031.1	ENSG00000225147	ENST00000427031			RPS12P10			processed_pseudogene
chr9-33	chr9	92325842	92326104	+	1	NA	promoter-TSS (ENST00000358855.8)	protein_coding-promoter-TSS (ENST00000358855.8)	20	ENST00000375587.8	ENSG00000188312	ENST00000375576			CENPP			protein_coding
chr11-608	chr11	69010440	69010702	+	1	NA	intron (ENST00000320913.6, intron 1 of 1)	protein_coding-intron (ENST00000309099.7, intron 1 of 2)	-1712	ENST00000569432.1	ENSG00000256508	ENST00000538407			MRGPRF-AS1			lncRNA
chr22-42	chr22	20982064	20982326	+	1	NA	promoter-TSS (ENST00000414985.5)	protein_coding-promoter-TSS (ENST00000414985.5)	38	ENST00000610278.2	ENSG00000272829	ENST00000610278			ENSG00000272829			lncRNA
chr1-75	chr1	39980502	39980764	+	1	NA	Intergenic	Intergenic	13014	ENST00000481612.1	ENSG00000168389	ENST00000481612			MFSD2A			protein_coding
chr9-223	chr9	104968212	104968474	+	1	NA	Intergenic	Intergenic	22801	ENST00000661986.1	ENSG00000230013	ENST00000659359			CT70			lncRNA
chr8-136	chr8	86514451	86514713	+	1	NA	promoter-TSS (ENST00000522240.1)	protein_coding-promoter-TSS (ENST00000522240.1)	20	ENST00000522240.1	ENSG00000085719	ENST00000522240			CPNE3			protein_coding
chrX-3	chrX	9462997	9463259	+	1	NA	promoter-TSS (ENST00000380961.5)	protein_coding-promoter-TSS (ENST00000380961.5)	-192	ENST00000407597.7	ENSG00000101849	ENST00000497555			TBL1X			protein_coding
chr8-88	chr8	66522498	66522760	+	1	NA	Intergenic	Intergenic	-21318	ENST00000384222.1	ENSG00000206949	ENST00000384222			RNU6-1324P			snRNA
chr1-134	chr1	244719810	244720072	+	1	NA	Intergenic	Intergenic	11074	ENST00000640271.3	ENSG00000284188	ENST00000640271			C1orf202			protein_coding
chr2-845	chr2	211248921	211249183	+	1	NA	Intergenic	Intergenic	50137	ENST00000413068.1	ENSG00000231017	ENST00000413068			RPS27P10			processed_pseudogene
chr22-43	chr22	23478290	23478552	+	1	NA	intron (ENST00000320372.9, intron 4 of 11)	lncRNA-intron (ENST00000320372.9, intron 4 of 11)	8559	ENST00000320372.9	ENSG00000178248	ENST00000320372			FAM230I			lncRNA
chr6-285	chr6	15090125	15090387	+	1	NA	promoter-TSS (ENST00000437648.1)	lncRNA-promoter-TSS (ENST00000437648.1)	-86	ENST00000656344.1	ENSG00000234261	ENST00000659197			ENSG00000234261			lncRNA
chr8-48	chr8	144428472	144428734	+	1	NA	promoter-TSS (ENST00000292510.6)	protein_coding-promoter-TSS (ENST00000292510.6)	-40	ENST00000377348.6	ENSG00000160948	ENST00000529182			VPS28			protein_coding
chr17-87	chr17	72126584	72126846	+	1	NA	TTS (ENST00000245479.3)	protein_coding-TTS (ENST00000245479.3)	5695	ENST00000245479.3	ENSG00000125398	ENST00000245479			SOX9			protein_coding
chr14-146	chr14	103011004	103011266	+	1	NA	intron (ENST00000559043.2, intron 2 of 35)	protein_coding-intron (ENST00000361246.7, intron 2 of 36)	-6856	ENST00000561271.1	ENSG00000198752	ENST00000559245			CDC42BPB			protein_coding
chrX-68	chrX	78103908	78104170	+	1	NA	promoter-TSS (ENST00000373316.5)	protein_coding-promoter-TSS (ENST00000373316.5)	-209	ENST00000373316.5	ENSG00000102144	ENST00000477335			PGK1			protein_coding
chr12-49	chr12	52203515	52203777	+	1	NA	intron (ENST00000640420.1, intron 2 of 2)	lncRNA-intron (ENST00000640420.1, intron 2 of 2)	4756	ENST00000551332.1	ENSG00000257137	ENST00000665543			LINC02874			lncRNA
chr9-84	chr9	81320976	81321238	+	1	NA	Intergenic	Intergenic	-89172	ENST00000412447.1	ENSG00000228375	ENST00000412447			RPS20P25			processed_pseudogene
chr9-139	chr9	113221201	113221463	+	1	NA	promoter-TSS (ENST00000238256.8)	protein_coding-promoter-TSS (ENST00000238256.8)	-14	ENST00000693409.1	ENSG00000119321	ENST00000691254			FKBP15			protein_coding
chr17-627	chr17	29344419	29344681	+	1	NA	intron (ENST00000685798.1, intron 2 of 2)	lncRNA-intron (ENST00000685798.1, intron 2 of 2)	-3728	ENST00000492004.1	ENSG00000239256	ENST00000492004			RPL35AP35			processed_pseudogene
chr7-278	chr7	1504264	1504526	+	1	NA	promoter-TSS (ENST00000404767.8)	protein_coding-promoter-TSS (ENST00000404767.8)	-6	ENST00000404767.8	ENSG00000164880	ENST00000404767			INTS1			protein_coding
chr3-1490	chr3	125921811	125922073	+	1	NA	intron (ENST00000693415.1, intron 3 of 3)	lncRNA-intron (ENST00000467239.5, intron 3 of 4)	5224	ENST00000685927.1	ENSG00000291071	ENST00000701225			FAM86JP			lncRNA
chr3-53	chr3	151085468	151085730	+	1	NA	promoter-TSS (ENST00000309237.8)	protein_coding-promoter-TSS (ENST00000309237.8)	-65	ENST00000687756.1	ENSG00000144893	ENST00000693531			MED12L			protein_coding
chr2-1085	chr2	172998608	172998870	+	1	NA	intron (ENST00000540783.5, intron 13 of 27)	protein_coding-intron (ENST00000397081.8, intron 16 of 30)	-27887	ENST00000397085.3	ENSG00000091428	ENST00000464976			RAPGEF4			protein_coding
chr9-369	chr9	137205533	137205795	+	1	NA	promoter-TSS (ENST00000343666.6)	protein_coding-promoter-TSS (ENST00000343666.6)	-16	ENST00000343666.6	ENSG00000187713	ENST00000343666			TMEM203			protein_coding
chr7-244	chr7	158326068	158326330	+	1	NA	intron (ENST00000389416.8, intron 1 of 21)	protein_coding-intron (ENST00000389413.7, intron 2 of 21)	-107150	ENST00000690805.1	ENSG00000289418	ENST00000690805			ENSG00000289418			lncRNA
chr17-4	chr17	59964527	59964789	+	1	NA	promoter-TSS (ENST00000305783.13)	protein_coding-promoter-TSS (ENST00000305783.13)	54	ENST00000586083.5	ENSG00000189050	ENST00000482446			RNFT1			protein_coding
chr4-61	chr4	82561269	82561531	+	1	NA	intron (ENST00000454948.3, intron 1 of 5)	protein_coding-intron (ENST00000449862.7, intron 1 of 7)	555	ENST00000508701.5	ENSG00000249242	ENST00000454948			TMEM150C			protein_coding
chr2-484	chr2	160221819	160222081	+	1	NA	intron (ENST00000485635.1, intron 1 of 9)	lncRNA-intron (ENST00000485635.1, intron 1 of 9)	-21637	ENST00000620391.4	ENSG00000115221	ENST00000475438			ITGB6			protein_coding
chr17-1453	chr17	81309106	81309368	+	1	NA	promoter-TSS (ENST00000332012.7)	lncRNA-promoter-TSS (ENST00000332012.7)	41	ENST00000332012.7	ENSG00000185168	ENST00000332012			LINC00482			lncRNA
chr21-11	chr21	42366762	42367024	+	1	NA	promoter-TSS (ENST00000291527.3)	protein_coding-promoter-TSS (ENST00000291527.3)	-358	ENST00000291527.3	ENSG00000160182	ENST00000291527			TFF1			protein_coding
chr8-199	chr8	124200040	124200302	+	1	NA	intron (ENST00000523703.1, intron 2 of 2)	lncRNA-intron (ENST00000523703.1, intron 2 of 2)	-28649	ENST00000520031.1	ENSG00000253868	ENST00000661827			FER1L6-AS2			lncRNA
chr1-79	chr1	115714587	115714849	+	1	NA	intron (ENST00000488931.2, intron 10 of 12)	protein_coding-intron (ENST00000261448.6, intron 8 of 10)	43574	ENST00000474344.1	ENSG00000173218	ENST00000355485			VANGL1			protein_coding
chr16-61	chr16	72924985	72925247	+	1	NA	intron (ENST00000641206.2, intron 11 of 17)	protein_coding-intron (ENST00000268489.10, intron 3 of 9)	-35282	ENST00000563625.1	ENSG00000140836	ENST00000641018			ZFHX3			protein_coding
chr14-261	chr14	103385058	103385320	+	1	NA	promoter-TSS (ENST00000216288.11)	protein_coding-promoter-TSS (ENST00000216288.11)	-188	ENST00000678179.1	ENSG00000075413	ENST00000678619			MARK3			protein_coding
chr7-70	chr7	151856613	151856875	+	1	NA	intron (ENST00000474383.1, intron 1 of 1)	protein_coding-intron (ENST00000287878.9, intron 1 of 15)	20044	ENST00000474383.1	ENSG00000106617	ENST00000392801			PRKAG2			protein_coding
chr1-268	chr1	116418443	116418705	+	1	NA	promoter-TSS (ENST00000369491.2)	lncRNA-promoter-TSS (ENST00000369491.2)	1	ENST00000676321.1	ENSG00000203865	ENST00000369491			ATP1A1-AS1			lncRNA
chr1-155	chr1	112464563	112464825	+	1	NA	Intergenic	Intergenic	-1847	ENST00000256640.9	ENSG00000134245	ENST00000369684			WNT2B			protein_coding
chrX-35	chrX	150849051	150849313	+	1	NA	intron (ENST00000491877.1, intron 1 of 4)	protein_coding-intron (ENST00000346693.8, intron 1 of 11)	-17934	ENST00000418547.2	ENSG00000102181	ENST00000346693			CD99L2			protein_coding
chr8-22	chr8	94092626	94092888	+	1	NA	Intergenic	Intergenic	11565	ENST00000522743.1	ENSG00000253585	ENST00000522743			ENSG00000253585			lncRNA
chr16-157	chr16	27155117	27155379	+	1	NA	Intergenic	Intergenic	-20069	ENST00000567658.1	ENSG00000261557	ENST00000567658			EEF1A1P38			processed_pseudogene
chr19-58	chr19	46784706	46784968	+	1	NA	promoter-TSS (ENST00000434726.6)	protein_coding-promoter-TSS (ENST00000434726.6)	-13	ENST00000434726.6	ENSG00000105281	ENST00000412532			SLC1A5			protein_coding
chr8-442	chr8	21725165	21725427	+	1	NA	intron (ENST00000524240.6, intron 4 of 8)	protein_coding-intron (ENST00000306793.4, intron 4 of 8)	62863	ENST00000520676.1	ENSG00000168546	ENST00000517328			GFRA2			protein_coding
chr8-118	chr8	141174978	141175240	+	1	NA	intron (ENST00000523066.1, intron 1 of 2)	protein_coding-intron (ENST00000262585.6, intron 13 of 22)	1604	ENST00000523066.1	ENSG00000105339	ENST00000518347			DENND3			protein_coding
chr1-7	chr1	114757980	114758242	+	1	NA	promoter-TSS (ENST00000261443.9)	protein_coding-promoter-TSS (ENST00000261443.9)	-84	ENST00000530886.5	ENSG00000009307	ENST00000358528			CSDE1			protein_coding
chr17-194	chr17	74152685	74152947	+	1	NA	intron (ENST00000584003.1, intron 1 of 4)	lncRNA-intron (ENST00000584003.1, intron 1 of 4)	1396	ENST00000584003.1	ENSG00000266357	ENST00000581028			LINC02074			lncRNA
chr15-28	chr15	69594439	69594701	+	1	NA	intron (ENST00000560655.5, intron 1 of 3)	lncRNA-intron (ENST00000558411.1, intron 1 of 1)	2357	ENST00000560655.5	ENSG00000245750	ENST00000654249			DRAIC			lncRNA
chr16-202	chr16	87391961	87392223	+	1	NA	promoter-TSS (ENST00000268607.10)	protein_coding-promoter-TSS (ENST00000268607.10)	15	ENST00000569412.5	ENSG00000103264	ENST00000618298			FBXO31			protein_coding
chr8-508	chr8	119873711	119873973	+	1	NA	exon (ENST00000286234.6, exon 1 of 9)	protein_coding-exon (ENST00000286234.6, exon 1 of 9)	120	ENST00000286234.6	ENSG00000155792	ENST00000286234			DEPTOR			protein_coding
chr11-281	chr11	70259278	70259540	+	1	NA	Intergenic	Intergenic	11117	ENST00000693295.2	ENSG00000289074	ENST00000693295			ENSG00000289074			lncRNA
chr8-68	chr8	101438485	101438747	+	1	NA	intron (ENST00000519793.1, intron 1 of 1)	lncRNA-intron (ENST00000519793.1, intron 1 of 1)	13836	ENST00000519793.1	ENSG00000254084	ENST00000519793			ENSG00000254084			lncRNA
chr16-954	chr16	67178294	67178556	+	1	NA	TTS (ENST00000564835.1)	protein_coding-TTS (ENST00000564835.1)	903	ENST00000563918.5	ENSG00000196123	ENST00000561621			MATCAP1			protein_coding
chr9-16	chr9	128026883	128027145	+	1	NA	Intergenic	Intergenic	30348	ENST00000414976.1	ENSG00000230848	ENST00000414976			ENSG00000230848			lncRNA
chr17-925	chr17	49880536	49880798	+	1	NA	Intergenic	Intergenic	-6931	ENST00000515692.1	ENSG00000248954	ENST00000515692			ENSG00000248954			lncRNA
chr20-869	chr20	59988148	59988410	+	1	NA	promoter-TSS (ENST00000370991.7)	protein_coding-promoter-TSS (ENST00000370991.7)	-827	ENST00000370991.7	ENSG00000124215	ENST00000370991			CDH26			protein_coding
chr12-21	chr12	6363919	6364181	+	1	NA	promoter-TSS (ENST00000540037.5)	protein_coding-promoter-TSS (ENST00000540037.5)	97	ENST00000540037.5	ENSG00000111319	ENST00000457871			SCNN1A			protein_coding
chr1-54	chr1	162152398	162152660	+	1	NA	intron (ENST00000648032.1, intron 3 of 3)	protein_coding-intron (ENST00000361897.10, intron 1 of 9)	-4578	ENST00000577581.1	ENSG00000266144	ENST00000577581			MIR4654			miRNA
chr8-333	chr8	123516854	123517116	+	1	NA	intron (ENST00000521719.5, intron 4 of 5)	protein_coding-intron (ENST00000287396.2, intron 1 of 5)	-10360	ENST00000524000.5	ENSG00000156804	ENST00000521719			FBXO32			protein_coding
chr15-35	chr15	63601501	63601763	+	1	NA	promoter-TSS (ENST00000558831.5)	lncRNA-promoter-TSS (ENST00000558831.5)	-43	ENST00000561256.5	ENSG00000259248	ENST00000560350			USP3-AS1			lncRNA
chr16-344	chr16	68790282	68790544	+	1	NA	intron (ENST00000564745.1, intron 1 of 3)	protein_coding-intron (ENST00000261769.10, intron 2 of 15)	-11327	ENST00000561751.1	ENSG00000039068	ENST00000567320			CDH1			protein_coding
chr2-165	chr2	11122360	11122622	+	1	NA	intron (ENST00000544306.5, intron 3 of 4)	lncRNA-intron (ENST00000536743.5, intron 5 of 7)	9597	ENST00000658220.1	ENSG00000145063	ENST00000447433			ENSG00000145063			lncRNA
chr2-258	chr2	135985760	135986022	+	1	NA	promoter-TSS (ENST00000264161.9)	protein_coding-promoter-TSS (ENST00000264161.9)	6	ENST00000449218.5	ENSG00000115866	ENST00000422708			DARS1			protein_coding
chr13-65	chr13	40921781	40922043	+	1	NA	promoter-TSS (ENST00000304932.5)	lncRNA-promoter-TSS (ENST00000304932.5)	-138	ENST00000304932.5	ENSG00000290464	ENST00000304932			SUGT1P3			lncRNA
chr17-2650	chr17	73187363	73187625	+	1	NA	intron (ENST00000580671.1, intron 1 of 2)	lncRNA-intron (ENST00000580671.1, intron 1 of 2)	-5561	ENST00000299886.9	ENSG00000166685	ENST00000582672			COG1			protein_coding
chr5-345	chr5	141923650	141923912	+	1	NA	promoter-TSS (ENST00000194118.8)	protein_coding-promoter-TSS (ENST00000194118.8)	-74	ENST00000194118.8	ENSG00000081791	ENST00000509110			DELE1			protein_coding
chrX-159	chrX	103711268	103711530	+	1	NA	intron (ENST00000319560.7, intron 1 of 2)	protein_coding-intron (ENST00000319560.7, intron 1 of 2)	490	ENST00000319560.7	ENSG00000179363	ENST00000319560			TMEM31			protein_coding
chr4-175	chr4	51844753	51845015	+	1	NA	promoter-TSS (ENST00000504661.1)	protein_coding-promoter-TSS (ENST00000504661.1)	0	ENST00000504661.1	ENSG00000109184	ENST00000504923			DCUN1D4			protein_coding
chr10-191	chr10	132517000	132517262	+	1	NA	promoter-TSS (ENST00000455414.2)	lncRNA-promoter-TSS (ENST00000455414.2)	8	ENST00000455414.2	ENSG00000226900	ENST00000656988			ENSG00000226900			lncRNA
chr3-78	chr3	58471443	58471705	+	1	NA	Intergenic	Intergenic	20376	ENST00000607592.2	ENSG00000272360	ENST00000607592			ENSG00000272360			lncRNA
chr15-105	chr15	90932421	90932683	+	1	NA	promoter-TSS (ENST00000330334.7)	protein_coding-promoter-TSS (ENST00000330334.7)	0	ENST00000494993.1	ENSG00000184508	ENST00000559898			HDDC3			protein_coding
chr14-235	chr14	61321492	61321754	+	1	NA	promoter-TSS (ENST00000332981.11)	protein_coding-promoter-TSS (ENST00000332981.11)	44	ENST00000332981.11	ENSG00000027075	ENST00000555082			PRKCH			protein_coding
chr3-96	chr3	63576884	63577146	+	1	NA	intron (ENST00000478744.1, intron 4 of 5)	protein_coding-intron (ENST00000295894.9, intron 3 of 4)	-26964	ENST00000488201.1	ENSG00000241359	ENST00000488201			SYNPR-AS1			lncRNA
chr8-3	chr8	127668883	127669145	+	1	NA	exon (ENST00000652367.1, exon 2 of 5)	lncRNA-exon (ENST00000652367.1, exon 2 of 5)	1976	ENST00000652367.1	ENSG00000286010	ENST00000652367			ENSG00000286010			lncRNA
chr7-438	chr7	106070139	106070401	+	1	NA	Intergenic	Intergenic	22982	ENST00000460770.1	ENSG00000008282	ENST00000706299			SYPL1			protein_coding
chr4-188	chr4	121697150	121697412	+	1	NA	promoter-TSS (ENST00000296511.10)	protein_coding-promoter-TSS (ENST00000296511.10)	-286	ENST00000513523.1	ENSG00000164111	ENST00000513728			ANXA5			protein_coding
chr3-144	chr3	51538527	51538789	+	1	NA	promoter-TSS (ENST00000684192.1)	protein_coding-promoter-TSS (ENST00000684192.1)	-61	ENST00000684192.1	ENSG00000164080	ENST00000432863			RAD54L2			protein_coding
chr20-74	chr20	10434106	10434368	+	1	NA	promoter-TSS (ENST00000347364.7)	protein_coding-promoter-TSS (ENST00000347364.7)	-15	ENST00000649912.2	ENSG00000285723	ENST00000649912			ENSG00000285723			protein_coding
chr14-83	chr14	76953409	76953671	+	1	NA	Intergenic	Intergenic	-4780	ENST00000692498.1	ENSG00000288762	ENST00000688632			ENSG00000288762			lncRNA
chr15-58	chr15	89837183	89837445	+	1	NA	TTS (ENST00000558186.1)	protein_coding-TTS (ENST00000558186.1)	640	ENST00000558926.1	ENSG00000157823	ENST00000559162			AP3S2			protein_coding
chr14-584	chr14	95212682	95212944	+	1	NA	TTS (ENST00000555336.6)	protein_coding-TTS (ENST00000555336.6)	-1962	ENST00000556454.1	ENSG00000165959	ENST00000298912			CLMN			protein_coding
chr2-319	chr2	32946252	32946514	+	1	NA	promoter-TSS (ENST00000384224.1)	misc_RNA-promoter-TSS (ENST00000384224.1)	-570	ENST00000404816.7	ENSG00000049323	ENST00000402934			LTBP1			protein_coding
chr16-502	chr16	28505111	28505373	+	1	NA	intron (ENST00000568075.1, intron 1 of 3)	protein_coding-intron (ENST00000356897.1, intron 1 of 4)	1592	ENST00000356897.1	ENSG00000197272	ENST00000568075			IL27			protein_coding
chr8-25	chr8	27459251	27459513	+	1	NA	TTS (ENST00000346049.10)	protein_coding-TTS (ENST00000346049.10)	5351	ENST00000522245.1	ENSG00000120899	ENST00000519650			PTK2B			protein_coding
chr1-125	chr1	156462378	156462640	+	1	NA	Intergenic	Intergenic	-5746	ENST00000656222.1	ENSG00000125462	ENST00000484428			MIR9-1HG			lncRNA
chr19-28	chr19	33047458	33047720	+	1	NA	intron (ENST00000588388.5, intron 1 of 13)	protein_coding-intron (ENST00000254260.8, intron 1 of 14)	-3926	ENST00000587471.1	ENSG00000267611	ENST00000587471			ENSG00000267611			processed_pseudogene
chr1-313	chr1	116632567	116632829	+	1	NA	intron (ENST00000369486.8, intron 2 of 10)	protein_coding-intron (ENST00000318837.6, intron 1 of 10)	14247	ENST00000481589.1	ENSG00000143061	ENST00000369486			IGSF3			protein_coding
chr9-140	chr9	129383020	129383282	+	1	NA	Intergenic	Intergenic	-2681	ENST00000444641.2	ENSG00000236146	ENST00000444641			ENSG00000236146			processed_pseudogene
chr9-23	chr9	131594332	131594594	+	1	NA	intron (ENST00000683357.1, intron 17 of 26)	protein_coding-intron (ENST00000372189.7, intron 14 of 23)	27375	ENST00000414781.1	ENSG00000107263	ENST00000372190			RAPGEF1			protein_coding
chr9-293	chr9	114804495	114804757	+	1	NA	intron (ENST00000374045.5, intron 1 of 3)	protein_coding-intron (ENST00000374045.5, intron 1 of 3)	1413	ENST00000374045.5	ENSG00000181634	ENST00000374045			TNFSF15			protein_coding
chr12-30	chr12	74508954	74509216	+	1	NA	Intergenic	Intergenic	-28750	ENST00000519948.4	ENSG00000253719	ENST00000519948			ATXN7L3B			protein_coding
chr22-61	chr22	39399605	39399867	+	1	NA	promoter-TSS (ENST00000216160.11)	protein_coding-promoter-TSS (ENST00000216160.11)	-42	ENST00000473613.5	ENSG00000100324	ENST00000331454			TAB1			protein_coding
chr16-8	chr16	11612382	11612644	+	1	NA	intron (ENST00000576334.1, intron 3 of 3)	protein_coding-intron (ENST00000574848.5, intron 3 of 3)	-14013	ENST00000571627.5	ENSG00000189067	ENST00000574848			LITAF			protein_coding
chr12-155	chr12	67468562	67468824	+	1	NA	intron (ENST00000650195.1, intron 2 of 4)	lncRNA-intron (ENST00000650195.1, intron 2 of 4)	25588	ENST00000650195.1	ENSG00000203585	ENST00000650195			LINC02408			lncRNA
chr1-57	chr1	26693037	26693299	+	1	NA	promoter-TSS (ENST00000430799.7)	protein_coding-promoter-TSS (ENST00000430799.7)	-68	ENST00000430799.7	ENSG00000117713	ENST00000457599			ARID1A			protein_coding
chr17-1024	chr17	62762001	62762263	+	1	NA	intron (ENST00000583600.5, intron 3 of 11)	protein_coding-intron (ENST00000311269.10, intron 3 of 10)	-2141	ENST00000582568.1	ENSG00000173838	ENST00000311269			MARCHF10			protein_coding
chr16-181	chr16	85720345	85720607	+	1	NA	intron (ENST00000602766.1, intron 2 of 4)	protein_coding-intron (ENST00000284245.9, intron 2 of 3)	-9626	ENST00000602583.5	ENSG00000154102	ENST00000602675			C16orf74			protein_coding
chr15-568	chr15	90320057	90320319	+	1	NA	Intergenic	Intergenic	26249	ENST00000613111.1	ENSG00000275803	ENST00000613111			RN7SL736P			misc_RNA
chr3-1499	chr3	129971469	129971731	+	1	NA	Intergenic	Intergenic	-2306	ENST00000509201.1	ENSG00000250643	ENST00000509201			ENSG00000250643			lncRNA
chr13-1	chr13	27960788	27961050	+	1	NA	TTS (ENST00000381020.8)	protein_coding-TTS (ENST00000381020.8)	6406	ENST00000548877.1	ENSG00000165556	ENST00000548877			CDX2			protein_coding
chr19-35	chr19	46731134	46731396	+	1	NA	promoter-TSS (ENST00000595357.5)	protein_coding-promoter-TSS (ENST00000595357.5)	-334	ENST00000599231.5	ENSG00000090372	ENST00000600710			STRN4			protein_coding
chr2-11	chr2	86440784	86441046	+	1	NA	promoter-TSS (ENST00000312912.10)	protein_coding-promoter-TSS (ENST00000312912.10)	114	ENST00000409556.5	ENSG00000115548	ENST00000427678			KDM3A			protein_coding
chr7-556	chr7	157493035	157493297	+	1	NA	intron (ENST00000444158.1, intron 2 of 3)	lncRNA-intron (ENST00000444158.1, intron 2 of 3)	-8156	ENST00000449903.1	ENSG00000223872	ENST00000669906			ENSG00000223872			lncRNA
chr14-792	chr14	102055687	102055949	+	1	NA	exon (ENST00000360184.10, exon 78 of 78)	protein_coding-exon (ENST00000360184.10, exon 78 of 78)	-2964	ENST00000646837.1	ENSG00000258959	ENST00000646837			ENSG00000258959			transcribed_unitary_pseudogene
chr2-50	chr2	210002467	210002729	+	1	NA	promoter-TSS (ENST00000354506.10)	protein_coding-promoter-TSS (ENST00000354506.10)	14	ENST00000436630.6	ENSG00000197713	ENST00000429907			RPE			protein_coding
chr17-212	chr17	66952307	66952569	+	1	NA	Intergenic	Intergenic	12082	ENST00000701320.1	ENSG00000289877	ENST00000702169			ENSG00000289877			lncRNA
chr11-102	chr11	2193376	2193638	+	1	NA	Intergenic	Intergenic	20444	ENST00000584128.1	ENSG00000265258	ENST00000584128			MIR4686			miRNA
chr1-138	chr1	77683442	77683704	+	1	NA	promoter-TSS (ENST00000370798.5)	protein_coding-promoter-TSS (ENST00000370798.5)	-154	ENST00000370798.5	ENSG00000036549	ENST00000474746			ZZZ3			protein_coding
chrX-2	chrX	9267539	9267801	+	1	NA	intron (ENST00000432442.1, intron 1 of 1)	lncRNA-intron (ENST00000432442.1, intron 1 of 1)	17750	ENST00000432442.1	ENSG00000228543	ENST00000432442			ENSG00000228543			lncRNA
chr14-367	chr14	100703915	100704177	+	1	NA	Intergenic	Intergenic	20243	ENST00000701818.1	ENSG00000289278	ENST00000687064			ENSG00000289278			lncRNA
chr8-141	chr8	143635580	143635842	+	1	NA	promoter-TSS (ENST00000458270.2)	protein_coding-promoter-TSS (ENST00000458270.2)	-308	ENST00000526926.6	ENSG00000183309	ENST00000501748			ZNF623			protein_coding
chr6-539	chr6	145964110	145964372	+	1	NA	promoter-TSS (ENST00000438092.6)	protein_coding-promoter-TSS (ENST00000438092.6)	117	ENST00000275233.12	ENSG00000146414	ENST00000520752			SHPRH			protein_coding
chr1-903	chr1	150234654	150234916	+	1	NA	promoter-TSS (ENST00000616917.4)	protein_coding-promoter-TSS (ENST00000616917.4)	-107	ENST00000616917.4	ENSG00000143401	ENST00000369114			ANP32E			protein_coding
chr9-201	chr9	121121659	121121921	+	1	NA	promoter-TSS (ENST00000373850.6)	protein_coding-promoter-TSS (ENST00000373850.6)	-3	ENST00000373850.6	ENSG00000119397	ENST00000685839			CNTRL			protein_coding
chr6-93	chr6	125584750	125585012	+	1	NA	intron (ENST00000656901.1, intron 3 of 3)	lncRNA-intron (ENST00000427852.6, intron 4 of 4)	-89472	ENST00000423208.2	ENSG00000224506	ENST00000670227			LINC02523			lncRNA
chr17-7	chr17	50944518	50944780	+	1	NA	promoter-TSS (ENST00000501718.2)	lncRNA-promoter-TSS (ENST00000501718.2)	-30	ENST00000701226.1	ENSG00000247011	ENST00000501718			ENSG00000247011			lncRNA
chr20-955	chr20	37693886	37694148	+	1	NA	promoter-TSS (ENST00000361383.11)	protein_coding-promoter-TSS (ENST00000361383.11)	-13	ENST00000361383.11	ENSG00000132792	ENST00000361383			CTNNBL1			protein_coding
chr10-404	chr10	98106472	98106734	+	1	NA	Intergenic	Intergenic	-28021	ENST00000370584.7	ENSG00000166024	ENST00000370584			R3HCC1L			protein_coding
chr12-51	chr12	53727468	53727730	+	1	NA	promoter-TSS (ENST00000430117.6)	protein_coding-promoter-TSS (ENST00000430117.6)	7	ENST00000549784.5	ENSG00000012822	ENST00000550804			CALCOCO1			protein_coding
chr6-378	chr6	34426006	34426268	+	1	NA	promoter-TSS (ENST00000344700.8)	protein_coding-promoter-TSS (ENST00000344700.8)	-66	ENST00000639725.1	ENSG00000270800	ENST00000605528			RPS10-NUDT3			protein_coding
chr17-151	chr17	64497017	64497279	+	1	NA	promoter-TSS (ENST00000539111.7)	protein_coding-promoter-TSS (ENST00000539111.7)	-94	ENST00000539111.7	ENSG00000256525	ENST00000578997			POLG2			protein_coding
chr7-93	chr7	116499298	116499560	+	1	NA	promoter-TSS (ENST00000222693.5)	protein_coding-promoter-TSS (ENST00000222693.5)	36	ENST00000446355.2	ENSG00000237813	ENST00000439070			ENSG00000237813			lncRNA
chr17-296	chr17	62163916	62164178	+	1	NA	Intergenic	Intergenic	-23408	ENST00000578759.1	ENSG00000266066	ENST00000578759			POLRMTP1			processed_pseudogene
chr9-181	chr9	132354822	132355084	+	1	NA	promoter-TSS (ENST00000224140.6)	protein_coding-promoter-TSS (ENST00000224140.6)	33	ENST00000224140.6	ENSG00000107290	ENST00000474172			SETX			protein_coding
chr21-48	chr21	36188217	36188479	+	1	NA	intron (ENST00000492760.1, intron 1 of 3)	protein_coding-intron (ENST00000399151.3, intron 2 of 36)	-12533	ENST00000624080.1	ENSG00000236830	ENST00000666303			CBR3-AS1			lncRNA
chr1-1046	chr1	43707191	43707453	+	1	NA	promoter-TSS (ENST00000262915.8)	protein_coding-promoter-TSS (ENST00000262915.8)	43	ENST00000663424.1	ENSG00000236200	ENST00000398804			KDM4A-AS1			lncRNA
chr4-55	chr4	123478812	123479074	+	1	NA	Intergenic	Intergenic	-11299	ENST00000667633.1	ENSG00000249125	ENST00000667633			ENSG00000249125			lncRNA
chrX-200	chrX	47498417	47498679	+	1	NA	Intergenic	Intergenic	14935	ENST00000446295.1	ENSG00000235636	ENST00000446295			NUS1P1			processed_pseudogene
chr20-1367	chr20	49812497	49812759	+	1	NA	promoter-TSS (ENST00000361573.3)	protein_coding-promoter-TSS (ENST00000361573.3)	-85	ENST00000417961.5	ENSG00000197818	ENST00000489787			SLC9A8			protein_coding
chr4-5	chr4	174283778	174284040	+	1	NA	promoter-TSS (ENST00000393674.7)	protein_coding-promoter-TSS (ENST00000393674.7)	-2	ENST00000503780.6	ENSG00000164118	ENST00000296519			CEP44			protein_coding
chr9-71	chr9	120730725	120730987	+	1	NA	Intergenic	Intergenic	10183	ENST00000430630.2	ENSG00000238181	ENST00000430630			AHCYP2			processed_pseudogene
chr18-12	chr18	48990929	48991191	+	1	NA	Intergenic	Intergenic	-22046	ENST00000624037.1	ENSG00000280335	ENST00000624037			ENSG00000280335			TEC
chr7-248	chr7	1536985	1537247	+	1	NA	promoter-TSS (ENST00000403150.5)	protein_coding-promoter-TSS (ENST00000403150.5)	-371	ENST00000403150.5	ENSG00000198517	ENST00000406174			MAFK			protein_coding
chr20-1546	chr20	60209123	60209385	+	1	NA	intron (ENST00000664403.1, intron 9 of 9)	lncRNA-intron (ENST00000421257.1, intron 1 of 2)	28366	ENST00000427820.1	ENSG00000228340	ENST00000654943			MIR646HG			lncRNA
chr7-344	chr7	64998078	64998340	+	1	NA	intron (ENST00000394323.3, intron 1 of 1)	protein_coding-intron (ENST00000394323.3, intron 1 of 1)	-7173	ENST00000282869.11	ENSG00000152926	ENST00000620222			ZNF117			protein_coding
chr9-87	chr9	127396984	127397246	+	1	NA	promoter-TSS (ENST00000373352.5)	protein_coding-promoter-TSS (ENST00000373352.5)	-23	ENST00000610552.4	ENSG00000136856	ENST00000439597			SLC2A8			protein_coding
chr6-248	chr6	35342348	35342610	+	1	NA	promoter-TSS (ENST00000311565.4)	protein_coding-promoter-TSS (ENST00000311565.4)	-79	ENST00000418635.6	ENSG00000112033	ENST00000337400			PPARD			protein_coding
chr17-1648	chr17	28227671	28227933	+	1	NA	TTS (ENST00000315776.4)	transcribed_unprocessed_pseudogene-TTS (ENST00000315776.4)	496	ENST00000315776.4	ENSG00000237575	ENST00000315776			PYY2			transcribed_unprocessed_pseudogene
chr9-47	chr9	38069743	38070005	+	1	NA	promoter-TSS (ENST00000377707.4)	protein_coding-promoter-TSS (ENST00000377707.4)	-647	ENST00000377707.4	ENSG00000107338	ENST00000377707			SHB			protein_coding
chrX-180	chrX	151082364	151082626	+	1	NA	Intergenic	Intergenic	-56089	ENST00000391293.1	ENSG00000212595	ENST00000391293			RNA5SP525			rRNA
chr16-325	chr16	4612973	4613235	+	1	NA	intron (ENST00000590965.1, intron 1 of 2)	protein_coding-intron (ENST00000283474.12, intron 1 of 2)	1298	ENST00000591113.1	ENSG00000153443	ENST00000588691			UBALD1			protein_coding
chr16-631	chr16	87635416	87635678	+	1	NA	intron (ENST00000284262.3, intron 1 of 4)	protein_coding-intron (ENST00000284262.3, intron 1 of 4)	-18015	ENST00000563609.1	ENSG00000154118	ENST00000563609			JPH3			protein_coding
chr17-354	chr17	28743387	28743649	+	1	NA	promoter-TSS (ENST00000262395.10)	protein_coding-promoter-TSS (ENST00000262395.10)	-416	ENST00000582536.1	ENSG00000265073	ENST00000584779			ENSG00000265073			lncRNA
chr19-263	chr19	58278802	58279064	+	1	NA	promoter-TSS (ENST00000591325.1)	lncRNA-promoter-TSS (ENST00000591325.1)	-22	ENST00000621650.2	ENSG00000278129	ENST00000621650			ZNF8			protein_coding
chr1-116	chr1	115062746	115063008	+	1	NA	intron (ENST00000433172.3, intron 2 of 6)	protein_coding-intron (ENST00000369515.6, intron 2 of 6)	-4452	ENST00000491992.1	ENSG00000134198	ENST00000433172			TSPAN2			protein_coding
chr14-244	chr14	72617752	72618014	+	1	NA	exon (ENST00000556509.6, exon 11 of 11)	protein_coding-exon (ENST00000556509.6, exon 11 of 11)	-22758	ENST00000555303.1	ENSG00000258871	ENST00000555303			ENSG00000258871			lncRNA
chr15-24	chr15	80804966	80805228	+	1	NA	intron (ENST00000220244.7, intron 1 of 28)	protein_coding-intron (ENST00000220244.7, intron 1 of 28)	25726	ENST00000356249.9	ENSG00000103888	ENST00000220244			CEMIP			protein_coding
chr17-235	chr17	65123292	65123554	+	1	NA	intron (ENST00000635833.1, intron 1 of 18)	protein_coding-intron (ENST00000635833.1, intron 1 of 18)	-13947	ENST00000262406.10	ENSG00000108370	ENST00000583473			RGS9			protein_coding
chr1-264	chr1	109090608	109090870	+	1	NA	promoter-TSS (ENST00000338272.9)	protein_coding-promoter-TSS (ENST00000338272.9)	-25	ENST00000338272.9	ENSG00000215717	ENST00000479160			TMEM167B			protein_coding
chr20-2563	chr20	64255848	64256110	+	1	NA	promoter-TSS (ENST00000609297.1)	protein_coding-promoter-TSS (ENST00000609297.1)	135	ENST00000609764.1	ENSG00000203880	ENST00000608844			PCMTD2			protein_coding
chr8-32	chr8	100145709	100145971	+	1	NA	promoter-TSS (ENST00000428847.3)	protein_coding-promoter-TSS (ENST00000428847.3)	-23	ENST00000428847.3	ENSG00000156509	ENST00000520987			FBXO43			protein_coding
chr17-1279	chr17	65056885	65057147	+	1	NA	promoter-TSS (ENST00000439174.7)	protein_coding-promoter-TSS (ENST00000439174.7)	-276	ENST00000439174.7	ENSG00000120063	ENST00000541118			GNA13			protein_coding
chr19-54	chr19	5680500	5680762	+	1	NA	promoter-TSS (ENST00000301382.8)	protein_coding-promoter-TSS (ENST00000301382.8)	27	ENST00000577257.5	ENSG00000167733	ENST00000581773			HSD11B1L			protein_coding
chr1-368	chr1	155117667	155117929	+	1	NA	Intergenic	Intergenic	-2692	ENST00000365157.1	ENSG00000202027	ENST00000365157			Y_RNA			misc_RNA
chr5-210	chr5	119070841	119071103	+	1	NA	promoter-TSS (ENST00000311085.8)	protein_coding-promoter-TSS (ENST00000311085.8)	-70	ENST00000504820.2	ENSG00000249494	ENST00000504820			DMXL1-DT			lncRNA
chr8-29	chr8	96493823	96494085	+	1	NA	promoter-TSS (ENST00000522911.5)	protein_coding-promoter-TSS (ENST00000522911.5)	-54	ENST00000522911.5	ENSG00000169439	ENST00000522911			SDC2			protein_coding
chr14-4	chr14	92039997	92040259	+	1	NA	promoter-TSS (ENST00000267622.8)	protein_coding-promoter-TSS (ENST00000267622.8)	-69	ENST00000267622.8	ENSG00000100815	ENST00000555516			TRIP11			protein_coding
chr19-180	chr19	10899361	10899623	+	1	NA	intron (ENST00000588947.5, intron 1 of 2)	protein_coding-intron (ENST00000327064.9, intron 1 of 15)	-19494	ENST00000586508.1	ENSG00000142453	ENST00000586221			CARM1			protein_coding
chr16-665	chr16	1705568	1705830	+	1	NA	promoter-TSS (ENST00000250894.8)	protein_coding-promoter-TSS (ENST00000250894.8)	-467	ENST00000685674.1	ENSG00000138834	ENST00000562042			MAPK8IP3			protein_coding
chr16-47	chr16	2858020	2858282	+	1	NA	promoter-TSS (ENST00000161006.8)	protein_coding-promoter-TSS (ENST00000161006.8)	3	ENST00000571228.1	ENSG00000005001	ENST00000570950			PRSS22			protein_coding
chr1-805	chr1	41954709	41954971	+	1	NA	intron (ENST00000489103.5, intron 1 of 3)	protein_coding-intron (ENST00000489103.5, intron 1 of 3)	-35918	ENST00000372583.6	ENSG00000127124	ENST00000491442			HIVEP3			protein_coding
chr17-261	chr17	21043324	21043586	+	1	NA	promoter-TSS (ENST00000261497.9)	protein_coding-promoter-TSS (ENST00000261497.9)	-46	ENST00000584538.1	ENSG00000124422	ENST00000579645			USP22			protein_coding
chr16-361	chr16	1309143	1309405	+	1	NA	promoter-TSS (ENST00000397514.8)	protein_coding-promoter-TSS (ENST00000397514.8)	57	ENST00000711335.1	ENSG00000103275	ENST00000711343			UBE2I			protein_coding
chr3-773	chr3	183253721	183253983	+	1	NA	promoter-TSS (ENST00000460419.1)	protein_coding-promoter-TSS (ENST00000460419.1)	57	ENST00000460419.1	ENSG00000176597	ENST00000460419			B3GNT5			protein_coding
chr2-576	chr2	95121889	95122151	+	1	NA	promoter-TSS (ENST00000272418.7)	protein_coding-promoter-TSS (ENST00000272418.7)	-14	ENST00000475895.6	ENSG00000144029	ENST00000695440			MRPS5			protein_coding
chr6-434	chr6	169751609	169751871	+	1	NA	promoter-TSS (ENST00000366774.4)	protein_coding-promoter-TSS (ENST00000366774.4)	-57	ENST00000588451.1	ENSG00000130023	ENST00000392095			ERMARD			protein_coding
chr6-56	chr6	36617006	36617268	+	1	NA	Intergenic	Intergenic	5375	ENST00000584674.1	ENSG00000263894	ENST00000584674			MIR3925			miRNA
chr8-237	chr8	97277909	97278171	+	1	NA	promoter-TSS (ENST00000322128.5)	protein_coding-promoter-TSS (ENST00000322128.5)	-112	ENST00000322128.5	ENSG00000180543	ENST00000322128			TSPYL5			protein_coding
chr8-2	chr8	144078423	144078685	+	1	NA	promoter-TSS (ENST00000316052.6)	protein_coding-promoter-TSS (ENST00000316052.6)	-88	ENST00000703645.1	ENSG00000290230	ENST00000703645			ENSG00000290230			protein_coding
chr17-2366	chr17	17476882	17477144	+	1	NA	promoter-TSS (ENST00000268711.4)	protein_coding-promoter-TSS (ENST00000268711.4)	7	ENST00000585041.1	ENSG00000141026	ENST00000585041			MED9			protein_coding
chr20-11	chr20	54649454	54649716	+	1	NA	intron (ENST00000395939.5, intron 7 of 7)	protein_coding-intron (ENST00000262593.10, intron 7 of 7)	94652	ENST00000484860.1	ENSG00000101134	ENST00000491469			DOK5			protein_coding
chr12-231	chr12	51993265	51993527	+	1	NA	intron (ENST00000542485.1, intron 8 of 8)	protein_coding-intron (ENST00000257963.9, intron 8 of 8)	5739	ENST00000384265.1	ENSG00000206992	ENST00000384265			RNU6-574P			snRNA
chr3-412	chr3	183884819	183885081	+	1	NA	promoter-TSS (ENST00000311101.9)	protein_coding-promoter-TSS (ENST00000311101.9)	-17	ENST00000469056.1	ENSG00000175193	ENST00000449306			PARL			protein_coding
chr7-56	chr7	43808501	43808763	+	1	NA	Intergenic	Intergenic	8223	ENST00000486984.1	ENSG00000106605	ENST00000453612			BLVRA			protein_coding
chr10-351	chr10	7788233	7788495	+	1	NA	promoter-TSS (ENST00000379562.9)	protein_coding-promoter-TSS (ENST00000379562.9)	154	ENST00000472202.1	ENSG00000165629	ENST00000473809			ATP5F1C			protein_coding
chr3-1255	chr3	43181229	43181491	+	1	NA	Intergenic	Intergenic	-75275	ENST00000687440.1	ENSG00000144647	ENST00000344697			POMGNT2			protein_coding
chr1-405	chr1	109484167	109484429	+	1	NA	intron (ENST00000684449.1, intron 1 of 10)	protein_coding-intron (ENST00000369870.7, intron 1 of 10)	344	ENST00000684472.1	ENSG00000162650	ENST00000463678			ATXN7L2			protein_coding
chr2-254	chr2	112645378	112645640	+	1	NA	promoter-TSS (ENST00000272542.8)	protein_coding-promoter-TSS (ENST00000272542.8)	-154	ENST00000661604.1	ENSG00000237753	ENST00000667014			SLC20A1-DT			lncRNA
chr1-72	chr1	182633778	182634040	+	1	NA	Intergenic	Intergenic	18655	ENST00000566297.1	ENSG00000261504	ENST00000566297			LINC01686			lncRNA
chr8-129	chr8	143928478	143928740	+	1	NA	intron (ENST00000693060.1, intron 25 of 31)	protein_coding-intron (ENST00000322810.8, intron 25 of 31)	10988	ENST00000345136.8	ENSG00000178209	ENST00000345136			PLEC			protein_coding
chr9-253	chr9	95382433	95382695	+	1	NA	intron (ENST00000636777.1, intron 1 of 6)	protein_coding-intron (ENST00000636777.1, intron 1 of 6)	25098	ENST00000603533.1	ENSG00000271384	ENST00000603533			ENSG00000271384			lncRNA
chr12-108	chr12	56104199	56104461	+	1	NA	promoter-TSS (ENST00000303305.11)	protein_coding-promoter-TSS (ENST00000303305.11)	-207	ENST00000552766.5	ENSG00000170515	ENST00000552528			PA2G4			protein_coding
chr16-42	chr16	4767216	4767478	+	1	NA	promoter-TSS (ENST00000219478.11)	protein_coding-promoter-TSS (ENST00000219478.11)	-131	ENST00000545009.1	ENSG00000103199	ENST00000588602			ZNF500			protein_coding
chr15-19	chr15	71337365	71337627	+	1	NA	intron (ENST00000648513.1, intron 1 of 2)	protein_coding-intron (ENST00000261862.8, intron 6 of 17)	4216	ENST00000498103.1	ENSG00000212664	ENST00000498103			RPL17P39			processed_pseudogene
chr20-2413	chr20	50331905	50332167	+	1	NA	Intergenic	Intergenic	-10550	ENST00000689787.1	ENSG00000233077	ENST00000689787			LINC01271			lncRNA
chr14-194	chr14	76961787	76962049	+	1	NA	intron (ENST00000647580.1, intron 1 of 1)	lncRNA-intron (ENST00000553613.1, intron 1 of 2)	2280	ENST00000553613.1	ENSG00000258602	ENST00000553613			LINC01629			lncRNA
chr12-195	chr12	53079250	53079512	+	1	NA	promoter-TSS (ENST00000301463.9)	protein_coding-promoter-TSS (ENST00000301463.9)	-4	ENST00000547837.5	ENSG00000167778	ENST00000550564			SPRYD3			protein_coding
chr13-104	chr13	30744387	30744649	+	1	NA	TTS (ENST00000479597.1)	protein_coding-TTS (ENST00000479597.1)	2182	ENST00000479597.1	ENSG00000132965	ENST00000380490			ALOX5AP			protein_coding
chr6-18	chr6	37433075	37433337	+	1	NA	promoter-TSS (ENST00000373451.9)	protein_coding-promoter-TSS (ENST00000373451.9)	-13	ENST00000471097.1	ENSG00000137200	ENST00000475364			CMTR1			protein_coding
chr7-18	chr7	30348102	30348364	+	1	NA	intron (ENST00000323037.5, intron 2 of 4)	protein_coding-intron (ENST00000323037.5, intron 2 of 4)	-14167	ENST00000442800.1	ENSG00000281593	ENST00000442800			ENSG00000281593			protein_coding
chr9-124	chr9	129885815	129886077	+	1	NA	promoter-TSS (ENST00000688549.2)	lncRNA-promoter-TSS (ENST00000688549.2)	-72	ENST00000688549.2	ENSG00000288956	ENST00000688549			ENSG00000288956			lncRNA
chr2-123	chr2	237085737	237085999	+	1	NA	promoter-TSS (ENST00000354371.7)	protein_coding-promoter-TSS (ENST00000354371.7)	-14	ENST00000392008.6	ENSG00000198612	ENST00000465362			COPS8			protein_coding
chr11-261	chr11	47848146	47848408	+	1	NA	promoter-TSS (ENST00000378460.7)	protein_coding-promoter-TSS (ENST00000378460.7)	36	ENST00000530326.5	ENSG00000030066	ENST00000529863			NUP160			protein_coding
chr16-341	chr16	53433593	53433855	+	1	NA	promoter-TSS (ENST00000262133.11)	protein_coding-promoter-TSS (ENST00000262133.11)	-253	ENST00000567964.6	ENSG00000103479	ENST00000562850			RBL2			protein_coding
chr1-232	chr1	113388820	113389082	+	1	NA	Intergenic	Intergenic	-1564	ENST00000307546.14	ENSG00000081026	ENST00000369617			MAGI3			protein_coding
chr12-137	chr12	62602358	62602620	+	1	NA	promoter-TSS (ENST00000550290.2)	lncRNA-promoter-TSS (ENST00000550290.2)	-263	ENST00000550290.2	ENSG00000257354	ENST00000550290			MIRLET7IHG			lncRNA
chr12-127	chr12	89525942	89526204	+	1	NA	promoter-TSS (ENST00000313546.8)	protein_coding-promoter-TSS (ENST00000313546.8)	-26	ENST00000313546.8	ENSG00000139323	ENST00000549035			POC1B			protein_coding
chr3-62	chr3	128123813	128124075	+	1	NA	promoter-TSS (ENST00000322623.10)	protein_coding-promoter-TSS (ENST00000322623.10)	-132	ENST00000322623.10	ENSG00000175792	ENST00000478243			RUVBL1			protein_coding
chr1-29	chr1	41353793	41354055	+	1	NA	Intergenic	Intergenic	-7998	ENST00000372591.1	ENSG00000204060	ENST00000641094			FOXO6			protein_coding
chr9-31	chr9	136546217	136546479	+	1	NA	promoter-TSS (ENST00000582457.1)	miRNA-promoter-TSS (ENST00000582457.1)	-89	ENST00000582457.1	ENSG00000265181	ENST00000582457			MIR4674			miRNA
chr13-22	chr13	41960996	41961258	+	1	NA	promoter-TSS (ENST00000281496.6)	protein_coding-promoter-TSS (ENST00000281496.6)	-7	ENST00000281496.6	ENSG00000102763	ENST00000478987			VWA8			protein_coding
chr2-122	chr2	201642679	201642941	+	1	NA	promoter-TSS (ENST00000463205.2)	protein_coding-promoter-TSS (ENST00000463205.2)	134	ENST00000409444.6	ENSG00000155755	ENST00000409883			TMEM237			protein_coding
chr10-4	chr10	75245470	75245732	+	1	NA	intron (ENST00000666247.1, intron 2 of 3)	lncRNA-intron (ENST00000666247.1, intron 2 of 3)	2033	ENST00000666247.1	ENSG00000226051	ENST00000533822			ZNF503-AS1			lncRNA
chr3-131	chr3	185498926	185499188	+	1	NA	promoter-TSS (ENST00000296254.3)	protein_coding-promoter-TSS (ENST00000296254.3)	0	ENST00000467061.1	ENSG00000163900	ENST00000475480			TMEM41A			protein_coding
chr19-193	chr19	45646069	45646331	+	1	NA	promoter-TSS (ENST00000585386.1)	protein_coding-promoter-TSS (ENST00000585386.1)	-598	ENST00000587152.6	ENSG00000125746	ENST00000592433			EML2			protein_coding
chr7-20	chr7	99955283	99955545	+	1	NA	Intergenic	Intergenic	3381	ENST00000411034.1	ENSG00000222966	ENST00000411034			ENSG00000222966			snoRNA
chr17-704	chr17	48908257	48908519	+	1	NA	promoter-TSS (ENST00000360943.10)	protein_coding-promoter-TSS (ENST00000360943.10)	-19	ENST00000360943.10	ENSG00000159202	ENST00000508468			UBE2Z			protein_coding
chr1-129	chr1	1375133	1375395	+	1	NA	promoter-TSS (ENST00000321751.9)	protein_coding-promoter-TSS (ENST00000321751.9)	-57	ENST00000338338.10	ENSG00000175756	ENST00000338370			AURKAIP1			protein_coding
chr12-177	chr12	69470174	69470436	+	1	NA	promoter-TSS (ENST00000547219.5)	protein_coding-promoter-TSS (ENST00000547219.5)	-44	ENST00000547219.5	ENSG00000166225	ENST00000550316			FRS2			protein_coding
chr2-256	chr2	120245381	120245643	+	1	NA	intron (ENST00000447591.5, intron 1 of 3)	protein_coding-intron (ENST00000447591.5, intron 1 of 3)	5448	ENST00000447591.5	ENSG00000144118	ENST00000449649			RALB			protein_coding
chr6-20	chr6	27230404	27230666	+	1	NA	Intergenic	Intergenic	-17166	ENST00000454665.6	ENSG00000112812	ENST00000462664			PRSS16			protein_coding
chr20-2975	chr20	40882293	40882555	+	1	NA	Intergenic	Intergenic	-28195	ENST00000458857.1	ENSG00000238908	ENST00000458857			RNA5SP484			rRNA_pseudogene
chr1-2	chr1	113904899	113905161	+	1	NA	promoter-TSS (ENST00000256658.8)	protein_coding-promoter-TSS (ENST00000256658.8)	7	ENST00000369571.3	ENSG00000134262	ENST00000489499			AP4B1			protein_coding
chr1-237	chr1	151282259	151282521	+	1	NA	promoter-TSS (ENST00000324048.9)	protein_coding-promoter-TSS (ENST00000324048.9)	78	ENST00000324048.9	ENSG00000143373	ENST00000436614			ZNF687			protein_coding
chr19-427	chr19	10252047	10252309	+	1	NA	promoter-TSS (ENST00000253099.11)	protein_coding-promoter-TSS (ENST00000253099.11)	-36	ENST00000253099.11	ENSG00000105364	ENST00000590702			MRPL4			protein_coding
chr9-604	chr9	108483767	108484029	+	1	NA	Intergenic	Intergenic	-142935	ENST00000306634.3	ENSG00000169253	ENST00000306634			RPL36P14			processed_pseudogene
chr19-169	chr19	57935241	57935503	+	1	NA	promoter-TSS (ENST00000396147.6)	protein_coding-promoter-TSS (ENST00000396147.6)	2	ENST00000600353.1	ENSG00000196724	ENST00000600989			ZNF418			protein_coding
chr14-420	chr14	67359947	67360209	+	1	NA	promoter-TSS (ENST00000216442.12)	protein_coding-promoter-TSS (ENST00000216442.12)	187	ENST00000555012.1	ENSG00000100554	ENST00000556058			ATP6V1D			protein_coding
chr17-1448	chr17	75844839	75845101	+	1	NA	promoter-TSS (ENST00000207549.9)	protein_coding-promoter-TSS (ENST00000207549.9)	-185	ENST00000588774.2	ENSG00000092929	ENST00000586147			UNC13D			protein_coding
chr17-1474	chr17	49567880	49568142	+	1	NA	promoter-TSS (ENST00000647923.1)	lncRNA-promoter-TSS (ENST00000647923.1)	-122	ENST00000647923.1	ENSG00000250310	ENST00000503624			ENSG00000250310			lncRNA
chr7-463	chr7	158123813	158124075	+	1	NA	intron (ENST00000409483.5, intron 8 of 21)	protein_coding-intron (ENST00000389413.7, intron 9 of 21)	96571	ENST00000436489.1	ENSG00000231980	ENST00000436489			ENSG00000231980			lncRNA
chr6-699	chr6	108707643	108707905	+	1	NA	Intergenic	Intergenic	-43880	ENST00000416104.5	ENSG00000203801	ENST00000416890			LINC00222			lncRNA
chr3-51	chr3	4999854	5000116	+	1	NA	Intergenic	Intergenic	-19571	ENST00000668962.1	ENSG00000235831	ENST00000701363			BHLHE40-AS1			lncRNA
chr3-10	chr3	129485774	129486036	+	1	NA	intron (ENST00000693654.1, intron 15 of 29)	protein_coding-intron (ENST00000296266.7, intron 16 of 30)	-1601	ENST00000511425.5	ENSG00000163913	ENST00000512814			IFT122			protein_coding
chr9-119	chr9	92293828	92294090	+	1	NA	promoter-TSS (ENST00000375643.7)	protein_coding-promoter-TSS (ENST00000375643.7)	-105	ENST00000683817.1	ENSG00000196305	ENST00000684726			IARS1			protein_coding
chr3-150	chr3	186783290	186783552	+	1	NA	promoter-TSS (ENST00000323963.10)	protein_coding-promoter-TSS (ENST00000323963.10)	116	ENST00000445596.5	ENSG00000156976	ENST00000445596			EIF4A2			protein_coding
chr19-56	chr19	41774607	41774869	+	1	NA	intron (ENST00000601409.1, intron 1 of 1)	lncRNA-intron (ENST00000601409.1, intron 1 of 1)	12155	ENST00000601409.1	ENSG00000268833	ENST00000601409			ENSG00000268833			lncRNA
chr9-90	chr9	99819415	99819677	+	1	NA	exon (ENST00000700913.1, exon 1 of 1)	lncRNA-exon (ENST00000700913.1, exon 1 of 1)	343	ENST00000427039.1	ENSG00000237461	ENST00000700913			ENSG00000237461			lncRNA
chr1-32	chr1	30824022	30824284	+	1	NA	promoter-TSS (ENST00000430320.3)	lncRNA-promoter-TSS (ENST00000430320.3)	-64	ENST00000671661.1	ENSG00000223382	ENST00000634319			LINC01778			lncRNA
chr22-184	chr22	44710762	44711024	+	1	NA	intron (ENST00000611394.4, intron 2 of 8)	protein_coding-intron (ENST00000006251.11, intron 2 of 8)	8373	ENST00000477331.5	ENSG00000186654	ENST00000492289			PRR5			protein_coding
chr3-28	chr3	189944403	189944665	+	1	NA	Intergenic	Intergenic	19587	ENST00000490940.1	ENSG00000090530	ENST00000490940			P3H2			protein_coding
chr11-225	chr11	66258441	66258703	+	1	NA	promoter-TSS (ENST00000394066.6)	protein_coding-promoter-TSS (ENST00000394066.6)	27	ENST00000394066.6	ENSG00000174996	ENST00000394065			KLC2			protein_coding
chr19-39	chr19	30479354	30479616	+	1	NA	intron (ENST00000706150.1, intron 2 of 5)	protein_coding-intron (ENST00000355537.4, intron 2 of 4)	-13606	ENST00000688284.1	ENSG00000289187	ENST00000688284			ENSG00000289187			lncRNA
chr19-243	chr19	40421251	40421513	+	1	NA	TTS (ENST00000357949.5)	protein_coding-TTS (ENST00000357949.5)	4610	ENST00000357949.5	ENSG00000197019	ENST00000357949			SERTAD1			protein_coding
chr1-114	chr1	77219324	77219586	+	1	NA	promoter-TSS (ENST00000359130.1)	protein_coding-promoter-TSS (ENST00000359130.1)	-25	ENST00000445065.5	ENSG00000142892	ENST00000359130			PIGK			protein_coding
chr11-354	chr11	34052281	34052543	+	1	NA	promoter-TSS (ENST00000529307.1)	protein_coding-promoter-TSS (ENST00000529307.1)	83	ENST00000530820.5	ENSG00000135387	ENST00000341394			CAPRIN1			protein_coding
chr15-26	chr15	89087943	89088205	+	1	NA	promoter-TSS (ENST00000352732.10)	protein_coding-promoter-TSS (ENST00000352732.10)	-133	ENST00000565547.1	ENSG00000261407	ENST00000570120			ENSG00000261407			lncRNA
chr20-1557	chr20	17646214	17646476	+	1	NA	intron (ENST00000455029.3, intron 2 of 23)	protein_coding-intron (ENST00000246043.8, intron 1 of 22)	-3260	ENST00000620641.1	ENSG00000125844	ENST00000470422			RRBP1			protein_coding
chr4-34	chr4	2963346	2963608	+	1	NA	promoter-TSS (ENST00000314262.10)	protein_coding-promoter-TSS (ENST00000314262.10)	-71	ENST00000416614.7	ENSG00000087269	ENST00000398071			NOP14			protein_coding
chr8-116	chr8	101360976	101361238	+	1	NA	promoter-TSS (ENST00000419462.1)	lncRNA-promoter-TSS (ENST00000419462.1)	-687	ENST00000419462.1	ENSG00000293064	ENST00000419462			ENSG00000293064			lncRNA
chr14-470	chr14	102097377	102097639	+	1	NA	intron (ENST00000557234.1, intron 1 of 2)	protein_coding-intron (ENST00000334701.11, intron 2 of 11)	-10464	ENST00000216281.13	ENSG00000080824	ENST00000554401			HSP90AA1			protein_coding
chr5-160	chr5	174483423	174483685	+	1	NA	intron (ENST00000515513.5, intron 2 of 4)	lncRNA-intron (ENST00000507361.5, intron 2 of 3)	-20129	ENST00000685618.1	ENSG00000249306	ENST00000664184			LINC01411			lncRNA
chr3-82	chr3	125375223	125375485	+	1	NA	promoter-TSS (ENST00000360647.9)	protein_coding-promoter-TSS (ENST00000360647.9)	-18	ENST00000687869.2	ENSG00000289324	ENST00000687869			ENSG00000289324			lncRNA
chr2-26	chr2	39180267	39180529	+	1	NA	intron (ENST00000699628.1, intron 9 of 10)	protein_coding-intron (ENST00000378803.6, intron 8 of 8)	-51471	ENST00000365439.1	ENSG00000202309	ENST00000365439			Y_RNA			misc_RNA
chr15-40	chr15	64163183	64163445	+	1	NA	promoter-TSS (ENST00000300026.4)	protein_coding-promoter-TSS (ENST00000300026.4)	-180	ENST00000680158.1	ENSG00000166794	ENST00000681397			PPIB			protein_coding
chr16-482	chr16	2752049	2752311	+	1	NA	promoter-TSS (ENST00000301740.13)	protein_coding-promoter-TSS (ENST00000301740.13)	338	ENST00000570677.1	ENSG00000205913	ENST00000667280			SRRM2-AS1			lncRNA
chr4-260	chr4	170089992	170090254	+	1	NA	promoter-TSS (ENST00000337664.9)	protein_coding-promoter-TSS (ENST00000337664.9)	91	ENST00000509167.5	ENSG00000109576	ENST00000507375			AADAT			protein_coding
chr4-27	chr4	128461305	128461567	+	1	NA	intron (ENST00000505133.5, intron 4 of 4)	lncRNA-intron (ENST00000504984.1, intron 1 of 3)	6267	ENST00000504984.1	ENSG00000251432	ENST00000663973			LINC02615			lncRNA
chr20-926	chr20	51460789	51461051	+	1	NA	intron (ENST00000610033.5, intron 5 of 10)	protein_coding-intron (ENST00000371564.8, intron 5 of 10)	-7943	ENST00000582236.1	ENSG00000266761	ENST00000582236			MIR3194			miRNA
chr3-247	chr3	123332332	123332594	+	1	NA	TTS (ENST00000476455.1)	protein_coding-TTS (ENST00000476455.1)	-3756	ENST00000699719.1	ENSG00000173175	ENST00000699714			ADCY5			protein_coding
chr11-212	chr11	30366227	30366489	+	1	NA	Intergenic	Intergenic	-1790	ENST00000488389.1	ENSG00000242353	ENST00000488389			RPL12P30			processed_pseudogene
chr8-138	chr8	123563998	123564260	+	1	NA	intron (ENST00000518970.1, intron 1 of 1)	lncRNA-intron (ENST00000518970.1, intron 1 of 1)	4633	ENST00000518970.1	ENSG00000254113	ENST00000518970			ENSG00000254113			lncRNA
chr16-294	chr16	30698034	30698296	+	1	NA	promoter-TSS (ENST00000411466.7)	protein_coding-promoter-TSS (ENST00000411466.7)	-44	ENST00000411466.7	ENSG00000080603	ENST00000483083			SRCAP			protein_coding
chr1-712	chr1	117059361	117059623	+	1	NA	promoter-TSS (ENST00000369466.9)	protein_coding-promoter-TSS (ENST00000369466.9)	-2	ENST00000445523.1	ENSG00000236137	ENST00000445523			CD101-AS1			lncRNA
chr20-1558	chr20	18288036	18288298	+	1	NA	promoter-TSS (ENST00000360010.9)	protein_coding-promoter-TSS (ENST00000360010.9)	-116	ENST00000396026.7	ENSG00000125846	ENST00000628216			ZNF133			protein_coding
chr15-160	chr15	87045864	87046126	+	1	NA	intron (ENST00000681381.1, intron 3 of 3)	protein_coding-intron (ENST00000560803.2, intron 2 of 2)	7278	ENST00000560803.2	ENSG00000273540	ENST00000568785			AGBL1			protein_coding
chr12-75	chr12	132887600	132887862	+	1	NA	promoter-TSS (ENST00000266880.11)	protein_coding-promoter-TSS (ENST00000266880.11)	-111	ENST00000424075.2	ENSG00000236617	ENST00000424075			CHFR-DT			lncRNA
chr2-891	chr2	10057579	10057841	+	1	NA	TTS (ENST00000477304.1)	protein_coding-TTS (ENST00000477304.1)	-2844	ENST00000607181.1	ENSG00000271787	ENST00000607181			ENSG00000271787			lncRNA
chr9-158	chr9	113401132	113401394	+	1	NA	promoter-TSS (ENST00000409155.8)	protein_coding-promoter-TSS (ENST00000409155.8)	-5	ENST00000468504.5	ENSG00000148218	ENST00000452726			ALAD			protein_coding
chr11-296	chr11	809422	809684	+	1	NA	promoter-TSS (ENST00000321153.9)	protein_coding-promoter-TSS (ENST00000321153.9)	-54	ENST00000534525.5	ENSG00000177595	ENST00000534649			PIDD1			protein_coding
chr12-213	chr12	122974479	122974741	+	1	NA	promoter-TSS (ENST00000228922.12)	protein_coding-promoter-TSS (ENST00000228922.12)	30	ENST00000397389.6	ENSG00000111325	ENST00000545056			OGFOD2			protein_coding
chr2-798	chr2	131104878	131105140	+	1	NA	promoter-TSS (ENST00000234115.10)	protein_coding-promoter-TSS (ENST00000234115.10)	65	ENST00000234115.10	ENSG00000115762	ENST00000628582			PLEKHB2			protein_coding
chr3-190	chr3	157500299	157500561	+	1	NA	promoter-TSS (ENST00000392832.6)	protein_coding-promoter-TSS (ENST00000392832.6)	-875	ENST00000483440.1	ENSG00000197415	ENST00000362010			VEPH1			protein_coding
chr11-151	chr11	46846139	46846401	+	1	NA	promoter-TSS (ENST00000312055.9)	protein_coding-promoter-TSS (ENST00000312055.9)	10	ENST00000529230.6	ENSG00000175216	ENST00000532321			CKAP5			protein_coding
chr21-31	chr21	34743924	34744186	+	1	NA	Intergenic	Intergenic	-1701	ENST00000420877.2	ENSG00000234380	ENST00000419921			LINC01426			lncRNA
chr11-7	chr11	118910367	118910629	+	1	NA	promoter-TSS (ENST00000581627.1)	miRNA-promoter-TSS (ENST00000581627.1)	-210	ENST00000581627.1	ENSG00000264211	ENST00000581627			MIR4492			miRNA
chr11-60	chr11	72786476	72786738	+	1	NA	promoter-TSS (ENST00000539138.1)	protein_coding-promoter-TSS (ENST00000539138.1)	-640	ENST00000542989.5	ENSG00000214530	ENST00000543304			STARD10			protein_coding
chr10-87	chr10	132916499	132916761	+	1	NA	promoter-TSS (ENST00000486104.5)	protein_coding-promoter-TSS (ENST00000486104.5)	52	ENST00000486104.5	ENSG00000171811	ENST00000368585			CFAP46			protein_coding
chr1-25	chr1	186375584	186375846	+	1	NA	promoter-TSS (ENST00000287859.11)	protein_coding-promoter-TSS (ENST00000287859.11)	-22	ENST00000451586.1	ENSG00000047410	ENST00000469463			TPR			protein_coding
chr6-143	chr6	134174941	134175203	+	1	NA	promoter-TSS (ENST00000237305.12)	protein_coding-promoter-TSS (ENST00000237305.12)	-204	ENST00000534658.5	ENSG00000118515	ENST00000472859			SGK1			protein_coding
chr12-136	chr12	57088609	57088871	+	1	NA	promoter-TSS (ENST00000300131.8)	protein_coding-promoter-TSS (ENST00000300131.8)	-303	ENST00000555857.1	ENSG00000166886	ENST00000554718			NAB2			protein_coding
chr18-2	chr18	3247575	3247837	+	1	NA	promoter-TSS (ENST00000217652.8)	protein_coding-promoter-TSS (ENST00000217652.8)	-95	ENST00000217652.8	ENSG00000101608	ENST00000580887			MYL12A			protein_coding
chr15-15	chr15	75335893	75336155	+	1	NA	promoter-TSS (ENST00000267935.13)	protein_coding-promoter-TSS (ENST00000267935.13)	3	ENST00000566843.1	ENSG00000140365	ENST00000565517			COMMD4			protein_coding
chr20-46	chr20	48864829	48865091	+	1	NA	Intergenic	Intergenic	-15502	ENST00000618168.1	ENSG00000278231	ENST00000618168			ENSG00000278231			lncRNA
chr19-70	chr19	13155592	13155854	+	1	NA	TTS (ENST00000292433.4)	protein_coding-TTS (ENST00000292433.4)	-1530	ENST00000592882.1	ENSG00000267598	ENST00000592882			ENSG00000267598			lncRNA
chr19-6	chr19	41310252	41310514	+	1	NA	promoter-TSS (ENST00000596882.1)	protein_coding-promoter-TSS (ENST00000596882.1)	29	ENST00000651374.1	ENSG00000286177	ENST00000651374			ENSG00000286177			lncRNA
chr15-81	chr15	62832254	62832516	+	1	NA	exon (ENST00000558888.2, exon 2 of 2)	lncRNA-exon (ENST00000558888.2, exon 2 of 2)	3012	ENST00000558888.2	ENSG00000259370	ENST00000558888			ENSG00000259370			lncRNA
chr7-142	chr7	100101323	100101585	+	1	NA	promoter-TSS (ENST00000303887.10)	protein_coding-promoter-TSS (ENST00000303887.10)	-45	ENST00000463722.5	ENSG00000166508	ENST00000710815			MCM7			protein_coding
chr21-109	chr21	39666925	39667187	+	1	NA	exon (ENST00000380620.8, exon 5 of 5)	protein_coding-exon (ENST00000380620.8, exon 5 of 5)	9729	ENST00000380618.5	ENSG00000183778	ENST00000398714			B3GALT5			protein_coding
chr12-126	chr12	74871806	74872068	+	1	NA	Intergenic	Intergenic	-143086	ENST00000547218.1	ENSG00000257998	ENST00000547218			ENSG00000257998			processed_pseudogene
chr6-147	chr6	148191900	148192162	+	1	NA	Intergenic	Intergenic	-34947	ENST00000652976.1	ENSG00000287473	ENST00000652976			ENSG00000287473			lncRNA
chr3-1118	chr3	83218464	83218726	+	1	NA	Intergenic	Intergenic	-165850	ENST00000670186.1	ENSG00000288004	ENST00000670186			ENSG00000288004			lncRNA
chr1-200	chr1	223655177	223655439	+	1	NA	promoter-TSS (ENST00000467384.6)	protein_coding-promoter-TSS (ENST00000467384.6)	-909	ENST00000467384.6	ENSG00000203697	ENST00000366872			CAPN8			protein_coding
chr15-617	chr15	50228770	50229032	+	1	NA	intron (ENST00000544960.1, intron 8 of 10)	protein_coding-intron (ENST00000267842.10, intron 7 of 9)	7013	ENST00000363735.1	ENSG00000200605	ENST00000363735			Y_RNA			misc_RNA
chr10-82	chr10	29098888	29099150	+	1	NA	Intergenic	Intergenic	-190042	ENST00000375500.8	ENSG00000120563	ENST00000649382			LYZL1			protein_coding
chr21-50	chr21	38914836	38915098	+	1	NA	intron (ENST00000701127.1, intron 4 of 4)	lncRNA-intron (ENST00000380931.6, intron 2 of 3)	181	ENST00000440379.2	ENSG00000205622	ENST00000380931			ETS2-AS1			lncRNA
chr11-146	chr11	77994659	77994921	+	1	NA	promoter-TSS (ENST00000433818.6)	protein_coding-promoter-TSS (ENST00000433818.6)	-75	ENST00000695096.1	ENSG00000149262	ENST00000695308			INTS4			protein_coding
chr12-234	chr12	57632979	57633241	+	1	NA	promoter-TSS (ENST00000341156.9)	protein_coding-promoter-TSS (ENST00000341156.9)	41	ENST00000553142.5	ENSG00000135454	ENST00000552350			B4GALNT1			protein_coding
chr19-160	chr19	23075296	23075558	+	1	NA	intron (ENST00000593635.1, intron 1 of 2)	protein_coding-intron (ENST00000593635.1, intron 1 of 2)	216	ENST00000600223.1	ENSG00000267886	ENST00000600223			ENSG00000267886			lncRNA
chr9-21	chr9	37948020	37948282	+	1	NA	intron (ENST00000377707.4, intron 5 of 5)	protein_coding-intron (ENST00000377707.4, intron 5 of 5)	-11383	ENST00000515936.1	ENSG00000251745	ENST00000515936			RNU7-124P			snRNA
chr8-54	chr8	102807337	102807599	+	1	NA	promoter-TSS (ENST00000663613.1)	lncRNA-promoter-TSS (ENST00000663613.1)	-206	ENST00000670970.1	ENSG00000253669	ENST00000665815			GASAL1			lncRNA
chr12-10	chr12	58877247	58877509	+	1	NA	intron (ENST00000552646.1, intron 1 of 2)	protein_coding-intron (ENST00000320743.8, intron 15 of 18)	116	ENST00000552646.1	ENSG00000139263	ENST00000320743			LRIG3			protein_coding
chr3-45	chr3	128845874	128846136	+	1	NA	Intergenic	Intergenic	-1601	ENST00000498560.1	ENSG00000244065	ENST00000498560			MARK2P17			processed_pseudogene
chr1-333	chr1	228165953	228166215	+	1	NA	promoter-TSS (ENST00000366713.1)	lncRNA-promoter-TSS (ENST00000366713.1)	280	ENST00000366711.4	ENSG00000181873	ENST00000546123			IBA57			protein_coding
chr13-152	chr13	36870791	36871053	+	1	NA	intron (ENST00000379826.5, intron 3 of 6)	protein_coding-intron (ENST00000350148.10, intron 3 of 5)	8862	ENST00000399275.7	ENSG00000120693	ENST00000483941			SMAD9			protein_coding
chr5-46	chr5	42950459	42950721	+	1	NA	Intergenic	Intergenic	-22034	ENST00000503606.1	ENSG00000250711	ENST00000503606			PRELID3BP7			processed_pseudogene
chr2-101	chr2	263827	264089	+	1	NA	promoter-TSS (ENST00000272065.10)	protein_coding-promoter-TSS (ENST00000272065.10)	25	ENST00000471948.5	ENSG00000035115	ENST00000602998			SH3YL1			protein_coding
chr1-68	chr1	156471720	156471982	+	1	NA	intron (ENST00000475587.2, intron 6 of 8)	protein_coding-intron (ENST00000348159.9, intron 9 of 11)	7929	ENST00000493077.1	ENSG00000116604	ENST00000464356			MEF2D			protein_coding
chr3-189	chr3	125063074	125063336	+	1	NA	exon (ENST00000660549.1, exon 2 of 2)	lncRNA-exon (ENST00000660549.1, exon 2 of 2)	1757	ENST00000660549.1	ENSG00000288022	ENST00000660549			ENSG00000288022			lncRNA
chr2-339	chr2	156399419	156399681	+	1	NA	Intergenic	Intergenic	-35740	ENST00000415049.5	ENSG00000115159	ENST00000415049			GPD2			protein_coding
chr2-215	chr2	74457981	74458243	+	1	NA	promoter-TSS (ENST00000233615.7)	protein_coding-promoter-TSS (ENST00000233615.7)	-288	ENST00000393972.7	ENSG00000239779	ENST00000464774			WBP1			protein_coding
chr19-40	chr19	39111600	39111862	+	1	NA	TTS (ENST00000331256.10)	protein_coding-TTS (ENST00000331256.10)	12668	ENST00000601531.1	ENSG00000183760	ENST00000594229			ACP7			protein_coding
chr11-187	chr11	66421617	66421879	+	1	NA	intron (ENST00000525148.1, intron 1 of 6)	protein_coding-intron (ENST00000311034.7, intron 1 of 7)	657	ENST00000525148.1	ENSG00000174576	ENST00000311034			NPAS4			protein_coding
chr7-173	chr7	73832192	73832454	+	1	NA	exon (ENST00000340958.4, exon 1 of 1)	protein_coding-exon (ENST00000340958.4, exon 1 of 1)	1327	ENST00000340958.4	ENSG00000189143	ENST00000435050			CLDN4			protein_coding
chr1-3	chr1	152392953	152393215	+	1	NA	intron (ENST00000411804.1, intron 1 of 1)	lncRNA-intron (ENST00000411804.1, intron 1 of 1)	-6493	ENST00000453847.2	ENSG00000183586	ENST00000453847			HMGN3P1			processed_pseudogene
chr1-337	chr1	247078562	247078824	+	1	NA	promoter-TSS (ENST00000465049.6)	protein_coding-promoter-TSS (ENST00000465049.6)	43	ENST00000465049.6	ENSG00000135747	ENST00000474541			ZNF670-ZNF695			protein_coding
chr5-86	chr5	43042586	43042848	+	1	NA	exon (ENST00000399543.1, exon 1 of 2)	lncRNA-exon (ENST00000399543.1, exon 1 of 2)	428	ENST00000669102.1	ENSG00000215068	ENST00000701506			ANXA2R-AS1			lncRNA
chr17-619	chr17	83193695	83193957	+	1	NA	intron (ENST00000652318.1, intron 2 of 3)	lncRNA-intron (ENST00000651869.1, intron 2 of 3)	-5826	ENST00000691786.1	ENSG00000262898	ENST00000572343			ENSG00000262898			lncRNA
chr9-58	chr9	87726322	87726584	+	1	NA	promoter-TSS (ENST00000676480.1)	protein_coding-promoter-TSS (ENST00000676480.1)	-8	ENST00000676480.1	ENSG00000135047	ENST00000482054			CTSL			protein_coding
chr16-478	chr16	1611966	1612228	+	1	NA	promoter-TSS (ENST00000397412.8)	protein_coding-promoter-TSS (ENST00000397412.8)	-25	ENST00000426508.7	ENSG00000187535	ENST00000568837			IFT140			protein_coding
chr6-30	chr6	170280045	170280307	+	1	NA	TTS (ENST00000422894.5)	lncRNA-TTS (ENST00000422894.5)	3237	ENST00000438622.1	ENSG00000227508	ENST00000607074			LINC01624			lncRNA
chr3-85	chr3	129662966	129663228	+	1	NA	intron (ENST00000698215.1, intron 2 of 3)	protein_coding-intron (ENST00000393238.8, intron 5 of 6)	-6371	ENST00000510323.1	ENSG00000172765	ENST00000698215			TMCC1			protein_coding
chr6-629	chr6	33410058	33410320	+	1	NA	promoter-TSS (ENST00000374512.7)	protein_coding-promoter-TSS (ENST00000374512.7)	-210	ENST00000427004.5	ENSG00000112511	ENST00000486845			PHF1			protein_coding
chr7-172	chr7	73578136	73578398	+	1	NA	promoter-TSS (ENST00000432538.5)	protein_coding-promoter-TSS (ENST00000432538.5)	2	ENST00000459913.5	ENSG00000106638	ENST00000452475			TBL2			protein_coding
chr17-264	chr17	45131715	45131977	+	1	NA	promoter-TSS (ENST00000431281.5)	protein_coding-promoter-TSS (ENST00000431281.5)	669	ENST00000619929.5	ENSG00000161714	ENST00000611986			PLCD3			protein_coding
chr7-30	chr7	101973187	101973449	+	1	NA	intron (ENST00000606749.1, intron 1 of 4)	protein_coding-intron (ENST00000292535.12, intron 2 of 23)	13202	ENST00000606640.1	ENSG00000272219	ENST00000606640			ENSG00000272219			lncRNA
chr1-199	chr1	203861427	203861689	+	1	NA	promoter-TSS (ENST00000414487.7)	protein_coding-promoter-TSS (ENST00000414487.7)	-41	ENST00000414487.7	ENSG00000182004	ENST00000469451			SNRPE			protein_coding
chr12-45	chr12	52147474	52147736	+	1	NA	Intergenic	Intergenic	-16510	ENST00000640420.1	ENSG00000258279	ENST00000668114			LINC00592			lncRNA
chr7-91	chr7	33722420	33722682	+	1	NA	intron (ENST00000672453.1, intron 20 of 22)	protein_coding-intron (ENST00000672453.1, intron 20 of 22)	-3430	ENST00000311067.3	ENSG00000173862	ENST00000311067			ENSG00000173862			lncRNA
chr10-147	chr10	71970344	71970606	+	1	NA	intron (ENST00000373115.5, intron 1 of 2)	protein_coding-intron (ENST00000373115.5, intron 1 of 2)	6080	ENST00000373115.5	ENSG00000122863	ENST00000373115			CHST3			protein_coding
chr17-351	chr17	83155392	83155654	+	1	NA	intron (ENST00000652318.1, intron 2 of 3)	lncRNA-intron (ENST00000572343.1, intron 2 of 2)	11392	ENST00000572343.1	ENSG00000262898	ENST00000572343			ENSG00000262898			lncRNA
chr2-197	chr2	162582504	162582766	+	1	NA	intron (ENST00000332142.10, intron 2 of 15)	protein_coding-intron (ENST00000328032.8, intron 2 of 7)	-54275	ENST00000477019.1	ENSG00000184611	ENST00000328032			KCNH7			protein_coding
chr13-97	chr13	22979123	22979385	+	1	NA	Intergenic	Intergenic	47717	ENST00000635091.1	ENSG00000283075	ENST00000635091			ENSG00000283075			lncRNA
chr6-331	chr6	148747991	148748253	+	1	NA	intron (ENST00000367463.5, intron 1 of 7)	protein_coding-intron (ENST00000367463.5, intron 1 of 7)	1092	ENST00000367463.5	ENSG00000111962	ENST00000473631			UST			protein_coding
chr17-1848	chr17	8383588	8383850	+	1	NA	promoter-TSS (ENST00000578115.1)	protein_coding-promoter-TSS (ENST00000578115.1)	28	ENST00000689023.1	ENSG00000288750	ENST00000689023			ENSG00000288750			lncRNA
chr3-6	chr3	194003134	194003396	+	1	NA	intron (ENST00000667794.1, intron 1 of 1)	lncRNA-intron (ENST00000397645.2, intron 1 of 2)	371	ENST00000414309.1	ENSG00000214146	ENST00000665314			LINC02026			lncRNA
chr2-449	chr2	64524114	64524376	+	1	NA	promoter-TSS (ENST00000238856.8)	protein_coding-promoter-TSS (ENST00000238856.8)	-54	ENST00000695864.1	ENSG00000119844	ENST00000695960			AFTPH			protein_coding
chr11-4	chr11	118057881	118058143	+	1	NA	intron (ENST00000606951.5, intron 2 of 3)	protein_coding-intron (ENST00000527329.5, intron 3 of 3)	-9225	ENST00000607615.2	ENSG00000272075	ENST00000607615			RN7SL828P			misc_RNA
chr20-90	chr20	50237435	50237697	+	1	NA	Intergenic	Intergenic	-10077	ENST00000651976.1	ENSG00000224397	ENST00000692392			PELATON			lncRNA
chr16-196	chr16	29808095	29808357	+	1	NA	promoter-TSS (ENST00000562594.2)	lncRNA-promoter-TSS (ENST00000562594.2)	80	ENST00000568282.1	ENSG00000103495	ENST00000562337			MAZ			protein_coding
chr1-447	chr1	236399604	236399866	+	1	NA	intron (ENST00000642595.1, intron 1 of 7)	protein_coding-intron (ENST00000334232.9, intron 1 of 5)	4286	ENST00000642595.1	ENSG00000186197	ENST00000334232			EDARADD			protein_coding
chr16-112	chr16	68707903	68708165	+	1	NA	intron (ENST00000569080.2, intron 1 of 2)	protein_coding-intron (ENST00000569080.2, intron 1 of 2)	11890	ENST00000569117.1	ENSG00000062038	ENST00000569036			CDH3			protein_coding
chr20-2084	chr20	45329558	45329820	+	1	NA	intron (ENST00000372733.3, intron 4 of 4)	protein_coding-intron (ENST00000372733.3, intron 4 of 4)	13764	ENST00000622729.1	ENSG00000124232	ENST00000622729			RBPJL			protein_coding
chr1-118	chr1	227766284	227766546	+	1	NA	intron (ENST00000681678.1, intron 4 of 6)	protein_coding-intron (ENST00000315781.10, intron 3 of 5)	2676	ENST00000681252.1	ENSG00000143740	ENST00000470038			SNAP47			protein_coding
chr8-7	chr8	115939140	115939402	+	1	NA	Intergenic	Intergenic	83508	ENST00000362580.1	ENSG00000199450	ENST00000362580			RNA5SP276			rRNA_pseudogene
chr4-24	chr4	1365758	1366020	+	1	NA	promoter-TSS (ENST00000511563.5)	protein_coding-promoter-TSS (ENST00000511563.5)	-188	ENST00000511563.5	ENSG00000163945	ENST00000511216			UVSSA			protein_coding
chr1-508	chr1	182604146	182604408	+	1	NA	exon (ENST00000367558.6, exon 1 of 5)	protein_coding-exon (ENST00000367558.6, exon 1 of 5)	112	ENST00000367558.6	ENSG00000143333	ENST00000367558			RGS16			protein_coding
chr11-194	chr11	69675209	69675471	+	1	NA	promoter-TSS (ENST00000279147.9)	protein_coding-promoter-TSS (ENST00000279147.9)	4	ENST00000538554.6	ENSG00000149716	ENST00000535657			LTO1			protein_coding
chr2-193	chr2	120399254	120399516	+	1	NA	Intergenic	Intergenic	53249	ENST00000295228.4	ENSG00000163083	ENST00000295228			INHBB			protein_coding
chr13-3	chr13	49247756	49248018	+	1	NA	promoter-TSS (ENST00000251108.10)	protein_coding-promoter-TSS (ENST00000251108.10)	-38	ENST00000251108.10	ENSG00000102543	ENST00000484126			CDADC1			protein_coding
chr19-15	chr19	54115551	54115813	+	1	NA	promoter-TSS (ENST00000321030.9)	protein_coding-promoter-TSS (ENST00000321030.9)	-25	ENST00000391759.6	ENSG00000105619	ENST00000420715			TFPT			protein_coding
chr2-13	chr2	73071672	73071934	+	1	NA	promoter-TSS (ENST00000272433.7)	protein_coding-promoter-TSS (ENST00000272433.7)	-75	ENST00000416579.5	ENSG00000144040	ENST00000464825			SFXN5			protein_coding
chr3-38	chr3	128153229	128153491	+	1	NA	promoter-TSS (ENST00000254730.11)	protein_coding-promoter-TSS (ENST00000254730.11)	-121	ENST00000254730.11	ENSG00000132394	ENST00000483569			EEFSEC			protein_coding
chr15-70	chr15	52678514	52678776	+	1	NA	promoter-TSS (ENST00000261844.11)	protein_coding-promoter-TSS (ENST00000261844.11)	-22	ENST00000261844.11	ENSG00000047346	ENST00000534964			ATOSA			protein_coding
chr15-6	chr15	74546232	74546494	+	1	NA	intron (ENST00000566147.1, intron 1 of 2)	protein_coding-intron (ENST00000346246.10, intron 2 of 8)	2013	ENST00000566147.1	ENSG00000179361	ENST00000569680			ARID3B			protein_coding
chr18-5	chr18	12407930	12408192	+	1	NA	intron (ENST00000590956.5, intron 1 of 5)	protein_coding-intron (ENST00000336990.8, intron 1 of 6)	113	ENST00000589565.1	ENSG00000141391	ENST00000336990			PRELID3A			protein_coding
chr7-109	chr7	148339287	148339549	+	1	NA	promoter-TSS (ENST00000463592.3)	protein_coding-promoter-TSS (ENST00000463592.3)	-43	ENST00000463592.3	ENSG00000174469	ENST00000637825			CNTNAP2			protein_coding
chr8-268	chr8	90645123	90645385	+	1	NA	exon (ENST00000418210.2, exon 1 of 2)	protein_coding-exon (ENST00000418210.2, exon 1 of 2)	258	ENST00000422900.1	ENSG00000180694	ENST00000519519			TMEM64			protein_coding
chr3-69	chr3	123605204	123605466	+	1	NA	intron (ENST00000702298.1, intron 2 of 3)	lncRNA-intron (ENST00000463408.1, intron 1 of 1)	10318	ENST00000692507.1	ENSG00000065534	ENST00000686388			MYLK			protein_coding
chr1-22	chr1	234963241	234963503	+	1	NA	promoter-TSS (ENST00000423175.2)	lncRNA-promoter-TSS (ENST00000423175.2)	8	ENST00000423175.2	ENSG00000238005	ENST00000458044			LNCATV			lncRNA
chr3-935	chr3	150703797	150704059	+	1	NA	promoter-TSS (ENST00000295910.11)	protein_coding-promoter-TSS (ENST00000295910.11)	4	ENST00000474463.5	ENSG00000163645	ENST00000491361			ERICH6			protein_coding
chr8-364	chr8	66190927	66191189	+	1	NA	Intergenic	Intergenic	-1035	ENST00000518412.1	ENSG00000253138	ENST00000517725			LINC00967			lncRNA
chr19-305	chr19	39833851	39834113	+	1	NA	promoter-TSS (ENST00000593685.5)	protein_coding-promoter-TSS (ENST00000593685.5)	170	ENST00000601972.1	ENSG00000105204	ENST00000601972			DYRK1B			protein_coding
chr5-203	chr5	43469695	43469957	+	1	NA	intron (ENST00000512085.5, intron 1 of 3)	protein_coding-intron (ENST00000397080.8, intron 1 of 2)	14010	ENST00000500337.6	ENSG00000151881	ENST00000512085			TMEM267			protein_coding
chr1-443	chr1	225777532	225777794	+	1	NA	promoter-TSS (ENST00000304786.12)	protein_coding-promoter-TSS (ENST00000304786.12)	-150	ENST00000626563.2	ENSG00000143742	ENST00000650651			SRP9			protein_coding
chr6-109	chr6	7969376	7969638	+	1	NA	intron (ENST00000439343.2, intron 4 of 12)	protein_coding-intron (ENST00000439343.2, intron 4 of 12)	-17030	ENST00000460661.1	ENSG00000219294	ENST00000460661			PIP5K1P1			processed_pseudogene
chr1-136	chr1	26695537	26695799	+	1	NA	promoter-TSS (ENST00000324856.13)	protein_coding-promoter-TSS (ENST00000324856.13)	-347	ENST00000324856.13	ENSG00000117713	ENST00000457599			ARID1A			protein_coding
chr15-193	chr15	38251832	38252094	+	1	NA	promoter-TSS (ENST00000299084.9)	protein_coding-promoter-TSS (ENST00000299084.9)	-873	ENST00000299084.9	ENSG00000166068	ENST00000561317			SPRED1			protein_coding
chr1-88	chr1	39988674	39988936	+	1	NA	Intergenic	Intergenic	21186	ENST00000481612.1	ENSG00000168389	ENST00000481612			MFSD2A			protein_coding
chr16-125	chr16	84475615	84475877	+	1	NA	TTS (ENST00000343629.11)	protein_coding-TTS (ENST00000343629.11)	-8385	ENST00000565700.1	ENSG00000261286	ENST00000565700			ATP2C2-AS1			lncRNA
chr17-154	chr17	75667141	75667403	+	1	NA	promoter-TSS (ENST00000293208.13)	protein_coding-promoter-TSS (ENST00000293208.13)	21	ENST00000583170.5	ENSG00000161526	ENST00000580322			SAP30BP			protein_coding
chr8-134	chr8	56074420	56074682	+	1	NA	promoter-TSS (ENST00000009589.8)	protein_coding-promoter-TSS (ENST00000009589.8)	-41	ENST00000521262.5	ENSG00000008988	ENST00000521262			RPS20			protein_coding
chr11-82	chr11	118929573	118929835	+	1	NA	intron (ENST00000534788.1, intron 1 of 5)	protein_coding-intron (ENST00000534788.1, intron 1 of 5)	-1512	ENST00000471754.3	ENSG00000239726	ENST00000471754			RN7SL688P			misc_RNA
chr2-735	chr2	65432599	65432861	+	1	NA	promoter-TSS (ENST00000356388.9)	protein_coding-promoter-TSS (ENST00000356388.9)	-93	ENST00000440972.1	ENSG00000198369	ENST00000356388			SPRED2			protein_coding
chr3-347	chr3	12664071	12664333	+	1	NA	promoter-TSS (ENST00000251849.9)	protein_coding-promoter-TSS (ENST00000251849.9)	-1	ENST00000684903.1	ENSG00000132155	ENST00000691396			RAF1			protein_coding
chr4-37	chr4	1615114	1615376	+	1	NA	Intergenic	Intergenic	29708	ENST00000467215.1	ENSG00000174137	ENST00000489363			FAM53A			protein_coding
chr1-159	chr1	155562943	155563205	+	1	NA	promoter-TSS (ENST00000368346.7)	protein_coding-promoter-TSS (ENST00000368346.7)	18	ENST00000679097.1	ENSG00000116539	ENST00000677992			ASH1L			protein_coding
chr5-230	chr5	180831005	180831267	+	1	NA	promoter-TSS (ENST00000501937.2)	lncRNA-promoter-TSS (ENST00000501937.2)	-36	ENST00000661444.1	ENSG00000245060	ENST00000501855			LINC00847			lncRNA
chr5-14	chr5	37379106	37379368	+	1	NA	promoter-TSS (ENST00000265107.9)	protein_coding-promoter-TSS (ENST00000265107.9)	-48	ENST00000504564.1	ENSG00000082068	ENST00000504564			WDR70			protein_coding
chr16-433	chr16	30115337	30115599	+	1	NA	intron (ENST00000490298.5, intron 8 of 8)	protein_coding-intron (ENST00000263025.9, intron 8 of 8)	531	ENST00000494643.1	ENSG00000102882	ENST00000478356			MAPK3			protein_coding
chr20-415	chr20	63682602	63682864	+	1	NA	intron (ENST00000647249.1, intron 1 of 2)	protein_coding-intron (ENST00000318100.9, intron 13 of 33)	196	ENST00000647249.1	ENSG00000258366	ENST00000684971			RTEL1			protein_coding
chr17-1864	chr17	45425675	45425937	+	1	NA	promoter-TSS (ENST00000376922.6)	protein_coding-promoter-TSS (ENST00000376922.6)	-175	ENST00000376922.6	ENSG00000159314	ENST00000524404			ARHGAP27			protein_coding
chr6-641	chr6	37059415	37059677	+	1	NA	Intergenic	Intergenic	14686	ENST00000620597.2	ENSG00000226976	ENST00000620597			COX6A1P2			processed_pseudogene
chr16-197	chr16	30805414	30805676	+	1	NA	Intergenic	Intergenic	-10485	ENST00000612622.1	ENSG00000274848	ENST00000612622			Metazoa_SRP			misc_RNA
chr13-139	chr13	93727453	93727715	+	1	NA	intron (ENST00000377047.9, intron 2 of 8)	protein_coding-intron (ENST00000377047.9, intron 2 of 8)	108560	ENST00000445540.1	ENSG00000224394	ENST00000445540			GPC6-AS2			lncRNA
chr2-157	chr2	190417286	190417548	+	1	NA	intron (ENST00000392328.6, intron 2 of 7)	protein_coding-intron (ENST00000392328.6, intron 2 of 7)	9062	ENST00000417958.5	ENSG00000151690	ENST00000392328			MFSD6			protein_coding
chr20-113	chr20	58651059	58651321	+	1	NA	promoter-TSS (ENST00000312283.12)	protein_coding-promoter-TSS (ENST00000312283.12)	-82	ENST00000355957.9	ENSG00000124222	ENST00000496117			STX16			protein_coding
chr2-36	chr2	127226700	127226962	+	1	NA	Intergenic	Intergenic	-6518	ENST00000409327.2	ENSG00000186684	ENST00000664447			CYP27C1			protein_coding
chr13-52	chr13	22107600	22107862	+	1	NA	intron (ENST00000659301.1, intron 1 of 1)	lncRNA-intron (ENST00000611481.1, intron 1 of 1)	132	ENST00000659301.1	ENSG00000276476	ENST00000656522			LINC00540			lncRNA
chr18-9	chr18	9849621	9849883	+	1	NA	intron (ENST00000580795.1, intron 1 of 1)	protein_coding-intron (ENST00000435762.2, intron 2 of 2)	156	ENST00000580795.1	ENSG00000168461	ENST00000577796			RAB31			protein_coding
chr6-220	chr6	113971131	113971393	+	1	NA	promoter-TSS (ENST00000368632.6)	protein_coding-promoter-TSS (ENST00000368632.6)	-105	ENST00000368632.6	ENSG00000196591	ENST00000519108			HDAC2			protein_coding
chr3-65	chr3	184565691	184565953	+	1	NA	intron (ENST00000330394.3, intron 1 of 15)	protein_coding-intron (ENST00000330394.3, intron 1 of 15)	4037	ENST00000330394.3	ENSG00000182580	ENST00000482987			EPHB3			protein_coding
chr9-73	chr9	134357000	134357262	+	1	NA	intron (ENST00000481739.2, intron 1 of 9)	protein_coding-intron (ENST00000481739.2, intron 1 of 9)	-14840	ENST00000356384.4	ENSG00000186350	ENST00000481739			RXRA			protein_coding
chr7-376	chr7	132251319	132251581	+	1	NA	intron (ENST00000359827.7, intron 4 of 31)	protein_coding-intron (ENST00000321063.9, intron 4 of 31)	-12702	ENST00000445459.2	ENSG00000225144	ENST00000445459			ENSG00000225144			lncRNA
chr7-829	chr7	74279756	74280018	+	1	NA	TTS (ENST00000661689.2)	lncRNA-TTS (ENST00000661689.2)	9420	ENST00000661689.2	ENSG00000287815	ENST00000661689			ENSG00000287815			lncRNA
chr5-439	chr5	149345430	149345692	+	1	NA	promoter-TSS (ENST00000329271.8)	protein_coding-promoter-TSS (ENST00000329271.8)	-58	ENST00000507562.1	ENSG00000164284	ENST00000513661			GRPEL2			protein_coding
chr12-84	chr12	71686290	71686552	+	1	NA	promoter-TSS (ENST00000549735.5)	protein_coding-promoter-TSS (ENST00000549735.5)	-75	ENST00000549735.5	ENSG00000139291	ENST00000546677			TMEM19			protein_coding
chr16-473	chr16	278948	279210	+	1	NA	intron (ENST00000412541.5, intron 1 of 1)	lncRNA-intron (ENST00000412541.5, intron 1 of 1)	-1371	ENST00000447871.5	ENSG00000242173	ENST00000414650			ARHGDIG			protein_coding
chr14-166	chr14	64704150	64704412	+	1	NA	promoter-TSS (ENST00000247226.13)	protein_coding-promoter-TSS (ENST00000247226.13)	-143	ENST00000247226.13	ENSG00000126822	ENST00000554499			PLEKHG3			protein_coding
chr10-417	chr10	114544343	114544605	+	1	NA	intron (ENST00000707119.1, intron 6 of 20)	protein_coding-intron (ENST00000369256.6, intron 6 of 23)	-17543	ENST00000392952.7	ENSG00000099204	ENST00000651092			ABLIM1			protein_coding
chr7-161	chr7	159013315	159013577	+	1	NA	intron (ENST00000447563.5, intron 1 of 3)	lncRNA-intron (ENST00000438049.5, intron 1 of 4)	-3962	ENST00000413238.1	ENSG00000231419	ENST00000447563			LINC00689			lncRNA
chr11-87	chr11	68413626	68413888	+	1	NA	TTS (ENST00000528714.1)	protein_coding-TTS (ENST00000528714.1)	3728	ENST00000528714.1	ENSG00000162337	ENST00000528890			LRP5			protein_coding
chr5-66	chr5	111092121	111092383	+	1	NA	promoter-TSS (ENST00000505303.5)	protein_coding-promoter-TSS (ENST00000505303.5)	-69	ENST00000505303.5	ENSG00000134987	ENST00000505303			WDR36			protein_coding
chr1-48	chr1	47478185	47478447	+	1	NA	Intergenic	Intergenic	5846	ENST00000604764.1	ENSG00000271355	ENST00000604764			ENSG00000271355			processed_pseudogene
chr21-46	chr21	34845779	34846041	+	1	NA	intron (ENST00000651798.1, intron 1 of 1)	protein_coding-intron (ENST00000300305.7, intron 5 of 7)	9023	ENST00000701892.1	ENSG00000286153	ENST00000651798			RUNX1-AS1			lncRNA
chr18-32	chr18	9475013	9475275	+	1	NA	promoter-TSS (ENST00000383432.8)	protein_coding-promoter-TSS (ENST00000383432.8)	135	ENST00000019317.8	ENSG00000017797	ENST00000383432			RALBP1			protein_coding
chr9-154	chr9	94030888	94031150	+	1	NA	promoter-TSS (ENST00000650567.1)	protein_coding-promoter-TSS (ENST00000650567.1)	-8	ENST00000650567.1	ENSG00000158079	ENST00000650567			PTPDC1			protein_coding
chr2-153	chr2	121649444	121649706	+	1	NA	promoter-TSS (ENST00000263710.8)	protein_coding-promoter-TSS (ENST00000263710.8)	-46	ENST00000662168.1	ENSG00000236859	ENST00000414554			NIFK-AS1			lncRNA
chr3-8	chr3	9363003	9363265	+	1	NA	promoter-TSS (ENST00000345094.7)	protein_coding-promoter-TSS (ENST00000345094.7)	36	ENST00000515662.6	ENSG00000134077	ENST00000345094			THUMPD3			protein_coding
chr3-432	chr3	45167543	45167805	+	1	NA	Intergenic	Intergenic	-7499	ENST00000431490.1	ENSG00000224094	ENST00000431490			RPS24P8			processed_pseudogene
chr10-7	chr10	133520264	133520526	+	1	NA	promoter-TSS (ENST00000463117.6)	protein_coding-promoter-TSS (ENST00000463117.6)	-11	ENST00000463117.6	ENSG00000130649	ENST00000252945			CYP2E1			protein_coding
chrX-7	chrX	39953975	39954237	+	1	NA	Intergenic	Intergenic	45797	ENST00000649640.1	ENSG00000285709	ENST00000649640			ENSG00000285709			lncRNA
chr2-821	chr2	178112249	178112511	+	1	NA	promoter-TSS (ENST00000286070.10)	protein_coding-promoter-TSS (ENST00000286070.10)	-44	ENST00000424000.6	ENSG00000155636	ENST00000493048			RBM45			protein_coding
chr15-39	chr15	89334823	89335085	+	1	NA	promoter-TSS (ENST00000268124.11)	protein_coding-promoter-TSS (ENST00000268124.11)	-93	ENST00000442287.6	ENSG00000140521	ENST00000530292			POLG			protein_coding
chr20-276	chr20	34876517	34876779	+	1	NA	promoter-TSS (ENST00000253382.5)	protein_coding-promoter-TSS (ENST00000253382.5)	26	ENST00000476922.5	ENSG00000131069	ENST00000493250			ACSS2			protein_coding
chr2-728	chr2	63984353	63984615	+	1	NA	intron (ENST00000409558.8, intron 1 of 22)	protein_coding-intron (ENST00000272322.9, intron 1 of 22)	-8882	ENST00000354504.7	ENSG00000143952	ENST00000354504			VPS54			protein_coding
chr3-120	chr3	142596235	142596497	+	1	NA	promoter-TSS (ENST00000457734.7)	protein_coding-promoter-TSS (ENST00000457734.7)	-27	ENST00000457734.7	ENSG00000120756	ENST00000483373			PLS1			protein_coding
chr20-1129	chr20	38291179	38291441	+	1	NA	intron (ENST00000437016.1, intron 1 of 2)	lncRNA-intron (ENST00000418004.5, intron 2 of 2)	-12840	ENST00000262865.9	ENSG00000101425	ENST00000642449			BPI			protein_coding
chr19-26	chr19	46863859	46864121	+	1	NA	intron (ENST00000672722.1, intron 1 of 6)	protein_coding-intron (ENST00000672722.1, intron 1 of 6)	2993	ENST00000672722.1	ENSG00000160007	ENST00000595822			ARHGAP35			protein_coding
chr16-184	chr16	593552	593814	+	1	NA	intron (ENST00000569575.5, intron 2 of 5)	protein_coding-intron (ENST00000248139.8, intron 1 of 5)	3351	ENST00000563109.1	ENSG00000197562	ENST00000248139			RAB40C			protein_coding
chr14-102	chr14	88775607	88775869	+	1	NA	intron (ENST00000554922.6, intron 1 of 43)	protein_coding-intron (ENST00000380664.9, intron 1 of 41)	16765	ENST00000380664.9	ENSG00000165521	ENST00000553526			EML5			protein_coding
chr19-522	chr19	55117772	55118034	+	1	NA	promoter-TSS (ENST00000263433.8)	protein_coding-promoter-TSS (ENST00000263433.8)	48	ENST00000653659.1	ENSG00000287170	ENST00000653659			ENSG00000287170			lncRNA
chr1-35	chr1	107936664	107936926	+	1	NA	intron (ENST00000527011.5, intron 1 of 27)	protein_coding-intron (ENST00000370056.9, intron 1 of 26)	26705	ENST00000530671.1	ENSG00000134215	ENST00000469325			VAV3			protein_coding
chr19-380	chr19	34926877	34927139	+	1	NA	promoter-TSS (ENST00000601540.5)	protein_coding-promoter-TSS (ENST00000601540.5)	28	ENST00000601957.5	ENSG00000168661	ENST00000595818			ZNF30			protein_coding
chr15-169	chr15	52331408	52331670	+	1	NA	exon (ENST00000692874.1, exon 1 of 8)	protein_coding-exon (ENST00000692874.1, exon 1 of 8)	211	ENST00000692874.1	ENSG00000197535	ENST00000553916			MYO5A			protein_coding
chr3-89	chr3	161291273	161291535	+	1	NA	Intergenic	Intergenic	34815	ENST00000467631.1	ENSG00000240138	ENST00000467631			EEF1GP4			processed_pseudogene
chr1-300	chr1	29105971	29106233	+	1	NA	intron (ENST00000373800.7, intron 16 of 18)	protein_coding-intron (ENST00000343067.9, intron 17 of 20)	8515	ENST00000462032.1	ENSG00000159023	ENST00000646260			EPB41			protein_coding
chr11-186	chr11	66002166	66002428	+	1	NA	promoter-TSS (ENST00000312175.7)	protein_coding-promoter-TSS (ENST00000312175.7)	-19	ENST00000524663.1	ENSG00000175334	ENST00000528648			BANF1			protein_coding
chr17-1801	chr17	65394696	65394958	+	1	NA	Intergenic	Intergenic	-62714	ENST00000579474.1	ENSG00000263520	ENST00000579474			LINC02563			lncRNA
chr8-212	chr8	98293669	98293931	+	1	NA	intron (ENST00000519324.1, intron 1 of 2)	protein_coding-intron (ENST00000341166.3, intron 1 of 11)	310	ENST00000519324.1	ENSG00000104361	ENST00000522188			NIPAL2			protein_coding
chr2-421	chr2	230794084	230794346	+	1	NA	intron (ENST00000478152.1, intron 2 of 2)	protein_coding-intron (ENST00000258418.10, intron 4 of 8)	3317	ENST00000478152.1	ENSG00000135932	ENST00000478152			CAB39			protein_coding
chr3-4	chr3	193872421	193872683	+	1	NA	Intergenic	Intergenic	-28528	ENST00000445168.1	ENSG00000229155	ENST00000445168			LINC02038			lncRNA
chr5-76	chr5	139561334	139561596	+	1	NA	promoter-TSS (ENST00000398734.8)	protein_coding-promoter-TSS (ENST00000398734.8)	126	ENST00000398733.8	ENSG00000131508	ENST00000398733			UBE2D2			protein_coding
chr7-112	chr7	2508837	2509099	+	1	NA	Intergenic	Intergenic	-3561	ENST00000402506.5	ENSG00000106003	ENST00000359574			LFNG			protein_coding
chr3-134	chr3	53664912	53665174	+	1	NA	intron (ENST00000640483.1, intron 5 of 40)	protein_coding-intron (ENST00000288139.11, intron 5 of 48)	-1320	ENST00000481085.5	ENSG00000157388	ENST00000638120			CACNA1D			protein_coding
chr2-384	chr2	85561376	85561638	+	1	NA	promoter-TSS (ENST00000233838.9)	protein_coding-promoter-TSS (ENST00000233838.9)	-6	ENST00000688205.1	ENSG00000115486	ENST00000233838			GGCX			protein_coding
chr1-597	chr1	179025574	179025836	+	1	NA	promoter-TSS (ENST00000263733.5)	protein_coding-promoter-TSS (ENST00000263733.5)	-99	ENST00000440702.5	ENSG00000116199	ENST00000263733			FAM20B			protein_coding
chr12-426	chr12	53321519	53321781	+	1	NA	promoter-TSS (ENST00000209873.9)	protein_coding-promoter-TSS (ENST00000209873.9)	-34	ENST00000549983.5	ENSG00000094914	ENST00000548880			AAAS			protein_coding
chr12-248	chr12	132426881	132427143	+	1	NA	Intergenic	Intergenic	-1804	ENST00000622182.1	ENSG00000274373	ENST00000622182			ENSG00000274373			lncRNA
chr6-112	chr6	16168331	16168593	+	1	NA	Intergenic	Intergenic	-3144	ENST00000403169.1	ENSG00000216364	ENST00000403169			MRPL42P2			processed_pseudogene
chr17-152	chr17	67378540	67378802	+	1	NA	promoter-TSS (ENST00000584471.5)	protein_coding-promoter-TSS (ENST00000584471.5)	-295	ENST00000584471.5	ENSG00000154217	ENST00000578527			PITPNC1			protein_coding
chr5-335	chr5	134511984	134512246	+	1	NA	Intergenic	Intergenic	5563	ENST00000515627.3	ENSG00000251169	ENST00000515627			LINC01843			lncRNA
chrX-85	chrX	130903099	130903361	+	1	NA	promoter-TSS (ENST00000338144.8)	protein_coding-promoter-TSS (ENST00000338144.8)	0	ENST00000686943.1	ENSG00000165675	ENST00000394363			ENOX2			protein_coding
chr2-9	chr2	47176484	47176746	+	1	NA	promoter-TSS (ENST00000272298.12)	protein_coding-promoter-TSS (ENST00000272298.12)	8	ENST00000652974.1	ENSG00000143933	ENST00000489742			CALM2			protein_coding
chr15-45	chr15	40755124	40755386	+	1	NA	promoter-TSS (ENST00000338376.8)	protein_coding-promoter-TSS (ENST00000338376.8)	-1	ENST00000338376.8	ENSG00000137824	ENST00000557831			RMDN3			protein_coding
chr7-113	chr7	4641819	4642081	+	1	NA	promoter-TSS (ENST00000667321.1)	lncRNA-promoter-TSS (ENST00000667321.1)	-298	ENST00000667321.1	ENSG00000286874	ENST00000667321			ENSG00000286874			lncRNA
chr20-16	chr20	44714686	44714948	+	1	NA	promoter-TSS (ENST00000190983.5)	protein_coding-promoter-TSS (ENST00000190983.5)	-27	ENST00000372868.6	ENSG00000064205	ENST00000190983			CCN5			protein_coding
chr9-63	chr9	137482134	137482396	+	1	NA	intron (ENST00000406427.6, intron 21 of 34)	protein_coding-intron (ENST00000277531.8, intron 20 of 33)	-1538	ENST00000469998.1	ENSG00000130653	ENST00000469998			PNPLA7			protein_coding
chr19-176	chr19	4723926	4724188	+	1	NA	promoter-TSS (ENST00000262960.14)	protein_coding-promoter-TSS (ENST00000262960.14)	-214	ENST00000601130.6	ENSG00000142002	ENST00000601764			DPP9			protein_coding
chr20-1892	chr20	42582348	42582610	+	1	NA	intron (ENST00000617474.1, intron 7 of 30)	protein_coding-intron (ENST00000356100.6, intron 7 of 30)	-24215	ENST00000446195.1	ENSG00000229892	ENST00000446195			ENSG00000229892			processed_pseudogene
chr3-75	chr3	11272263	11272525	+	1	NA	promoter-TSS (ENST00000354449.7)	protein_coding-promoter-TSS (ENST00000354449.7)	-3	ENST00000685771.1	ENSG00000197548	ENST00000434066			ATG7			protein_coding
chr2-275	chr2	20071668	20071930	+	1	NA	intron (ENST00000430429.1, intron 1 of 1)	lncRNA-intron (ENST00000430429.1, intron 1 of 1)	19665	ENST00000688203.1	ENSG00000223734	ENST00000688203			LAPTM4A-DT			lncRNA
chr6-325	chr6	122609981	122610243	+	1	NA	promoter-TSS (ENST00000368448.5)	protein_coding-promoter-TSS (ENST00000368448.5)	-120	ENST00000392490.5	ENSG00000135549	ENST00000368452			PKIB			protein_coding
chr11-65	chr11	69301793	69302055	+	1	NA	intron (ENST00000544781.5, intron 1 of 2)	lncRNA-intron (ENST00000544781.5, intron 1 of 2)	1883	ENST00000535743.1	ENSG00000213275	ENST00000535743			IFITM9P			processed_pseudogene
chr1-53	chr1	175023337	175023599	+	1	NA	promoter-TSS (ENST00000367677.3)	protein_coding-promoter-TSS (ENST00000367677.3)	-43	ENST00000476371.1	ENSG00000120333	ENST00000476371			MRPS14			protein_coding
chr2-108	chr2	102586264	102586526	+	1	NA	Intergenic	Intergenic	-33158	ENST00000233969.3	ENSG00000115616	ENST00000467657			SLC9A2			protein_coding
chr19-126	chr19	44890752	44891014	+	1	NA	promoter-TSS (ENST00000252487.9)	protein_coding-promoter-TSS (ENST00000252487.9)	-7	ENST00000585408.1	ENSG00000267282	ENST00000585408			ENSG00000267282			lncRNA
chr16-311	chr16	89582115	89582377	+	1	NA	intron (ENST00000268720.9, intron 3 of 16)	protein_coding-intron (ENST00000268720.9, intron 3 of 16)	-2575	ENST00000532500.1	ENSG00000178773	ENST00000568977			CPNE7			protein_coding
chr17-466	chr17	74758133	74758395	+	1	NA	intron (ENST00000583369.5, intron 1 of 2)	protein_coding-intron (ENST00000262613.10, intron 1 of 5)	-3739	ENST00000413388.2	ENSG00000109062	ENST00000262613			NHERF1			protein_coding
chr3-195	chr3	184711737	184711999	+	1	NA	promoter-TSS (ENST00000663807.1)	lncRNA-promoter-TSS (ENST00000663807.1)	196	ENST00000317897.5	ENSG00000177383	ENST00000317897			MAGEF1			protein_coding
chr9-121	chr9	98805830	98806092	+	1	NA	intron (ENST00000647710.1, intron 1 of 1)	lncRNA-intron (ENST00000647710.1, intron 1 of 1)	1603	ENST00000647710.1	ENSG00000285706	ENST00000647710			ENSG00000285706			lncRNA
chr7-325	chr7	1269203	1269465	+	1	NA	TTS (ENST00000453798.1)	lncRNA-TTS (ENST00000453798.1)	1981	ENST00000453798.1	ENSG00000233082	ENST00000453798			ENSG00000233082			lncRNA
chr5-589	chr5	146446824	146447086	+	1	NA	promoter-TSS (ENST00000296702.9)	protein_coding-promoter-TSS (ENST00000296702.9)	-356	ENST00000507175.5	ENSG00000113649	ENST00000509810			TCERG1			protein_coding
chr15-319	chr15	70375023	70375285	+	1	NA	Intergenic	Intergenic	53578	ENST00000558226.1	ENSG00000259503	ENST00000558226			ENSG00000259503			lncRNA
chr9-27	chr9	129488589	129488851	+	1	NA	promoter-TSS (ENST00000419300.3)	lncRNA-promoter-TSS (ENST00000419300.3)	11	ENST00000657306.1	ENSG00000204054	ENST00000653047			LINC00963			lncRNA
chr9-260	chr9	129174148	129174410	+	1	NA	intron (ENST00000674648.1, intron 2 of 2)	protein_coding-intron (ENST00000674559.1, intron 2 of 6)	-1528	ENST00000599172.3	ENSG00000204055	ENST00000675308			IER5L-AS1			lncRNA
chr2-99	chr2	163348131	163348393	+	1	NA	Intergenic	Intergenic	59267	ENST00000364032.1	ENSG00000200902	ENST00000364032			RNU6-627P			snRNA
chr12-6	chr12	103841854	103842116	+	1	NA	promoter-TSS (ENST00000392876.8)	protein_coding-promoter-TSS (ENST00000392876.8)	534	ENST00000551650.1	ENSG00000257327	ENST00000551650			ENSG00000257327			lncRNA
chr14-22	chr14	96083747	96084009	+	1	NA	intron (ENST00000553764.1, intron 2 of 2)	protein_coding-intron (ENST00000553764.1, intron 2 of 2)	44494	ENST00000553782.1	ENSG00000227051	ENST00000553782			C14orf132			protein_coding
chr8-261	chr8	56993136	56993398	+	1	NA	promoter-TSS (ENST00000517461.1)	protein_coding-promoter-TSS (ENST00000517461.1)	93	ENST00000517461.1	ENSG00000104331	ENST00000262644			BPNT2			protein_coding
chr12-96	chr12	50224433	50224695	+	1	NA	promoter-TSS (ENST00000550611.1)	protein_coding-promoter-TSS (ENST00000550611.1)	-83	ENST00000550611.1	ENSG00000050405	ENST00000552909			LIMA1			protein_coding
chr10-486	chr10	60139757	60140019	+	1	NA	promoter-TSS (ENST00000373815.5)	protein_coding-promoter-TSS (ENST00000373815.5)	-24	ENST00000633779.1	ENSG00000282121	ENST00000633779			ENSG00000282121			lncRNA
chr1-185	chr1	108963280	108963542	+	1	NA	promoter-TSS (ENST00000302500.5)	protein_coding-promoter-TSS (ENST00000302500.5)	2	ENST00000676454.1	ENSG00000121940	ENST00000675790			CLCC1			protein_coding
chr8-8	chr8	94719708	94719970	+	1	NA	promoter-TSS (ENST00000414645.6)	protein_coding-promoter-TSS (ENST00000414645.6)	-36	ENST00000520774.5	ENSG00000156162	ENST00000519353			DPY19L4			protein_coding
chr1-111	chr1	40039852	40040114	+	1	NA	promoter-TSS (ENST00000340450.7)	protein_coding-promoter-TSS (ENST00000340450.7)	-250	ENST00000372797.7	ENSG00000131236	ENST00000420216			CAP1			protein_coding
chr15-10	chr15	89378560	89378822	+	1	NA	promoter-TSS (ENST00000538734.7)	lncRNA-promoter-TSS (ENST00000538734.7)	128	ENST00000558754.6	ENSG00000255571	ENST00000657897			MIR9-3HG			lncRNA
chr8-49	chr8	27311368	27311630	+	1	NA	promoter-TSS (ENST00000305364.9)	protein_coding-promoter-TSS (ENST00000305364.9)	17	ENST00000397501.5	ENSG00000120899	ENST00000519650			PTK2B			protein_coding
chr1-501	chr1	168098755	168099017	+	1	NA	intron (ENST00000546300.5, intron 1 of 4)	protein_coding-intron (ENST00000271357.9, intron 2 of 5)	6023	ENST00000493800.1	ENSG00000143147	ENST00000539777			GPR161			protein_coding
chr14-23	chr14	85587365	85587627	+	1	NA	intron (ENST00000683129.1, intron 1 of 1)	protein_coding-intron (ENST00000330753.6, intron 1 of 1)	26633	ENST00000553627.1	ENSG00000185070	ENST00000554746			FLRT2			protein_coding
chr2-454	chr2	71130448	71130710	+	1	NA	promoter-TSS (ENST00000244217.6)	protein_coding-promoter-TSS (ENST00000244217.6)	-49	ENST00000694907.2	ENSG00000124383	ENST00000493360			MPHOSPH10			protein_coding
chr17-1148	chr17	74923514	74923776	+	1	NA	promoter-TSS (ENST00000331427.9)	protein_coding-promoter-TSS (ENST00000331427.9)	-389	ENST00000579243.1	ENSG00000182040	ENST00000579243			USH1G			protein_coding
chr1-205	chr1	51878852	51879114	+	1	NA	promoter-TSS (ENST00000352171.12)	protein_coding-promoter-TSS (ENST00000352171.12)	-178	ENST00000354831.11	ENSG00000078618	ENST00000485608			NRDC			protein_coding
chr7-591	chr7	26398868	26399130	+	1	NA	promoter-TSS (ENST00000653226.2)	lncRNA-promoter-TSS (ENST00000653226.2)	52	ENST00000663877.1	ENSG00000214870	ENST00000653226			LINC02981			lncRNA
chr10-214	chr10	91908801	91909063	+	1	NA	exon (ENST00000311575.6, exon 2 of 2)	protein_coding-exon (ENST00000311575.6, exon 2 of 2)	554	ENST00000311575.6	ENSG00000174721	ENST00000311575			FGFBP3			protein_coding
chr8-89	chr8	100213503	100213765	+	1	NA	intron (ENST00000523302.1, intron 1 of 2)	protein_coding-intron (ENST00000251809.4, intron 11 of 18)	547	ENST00000523302.1	ENSG00000104450	ENST00000520508			SPAG1			protein_coding
chr17-3	chr17	61411734	61411996	+	1	NA	promoter-TSS (ENST00000592009.1)	lncRNA-promoter-TSS (ENST00000592009.1)	114	ENST00000623772.1	ENSG00000187013	ENST00000623772			LINC02875			lncRNA
chr8-4	chr8	127800785	127801047	+	1	NA	intron (ENST00000665372.1, intron 2 of 3)	lncRNA-intron (ENST00000504719.7, intron 1 of 3)	4883	ENST00000523068.2	ENSG00000249859	ENST00000667305			PVT1			lncRNA
chr15-509	chr15	68579409	68579671	+	1	NA	intron (ENST00000261861.10, intron 1 of 11)	protein_coding-intron (ENST00000261861.10, intron 1 of 11)	547	ENST00000261861.10	ENSG00000103647	ENST00000543950			CORO2B			protein_coding
chrX-6	chrX	40578067	40578329	+	1	NA	Intergenic	Intergenic	-1174	ENST00000436783.6	ENSG00000182220	ENST00000635734			ATP6AP2			protein_coding
chr7-338	chr7	30149079	30149341	+	1	NA	intron (ENST00000324489.5, intron 2 of 2)	protein_coding-intron (ENST00000324453.13, intron 2 of 2)	3409	ENST00000324489.5	ENSG00000180354	ENST00000324489			MTURN			protein_coding
chr22-5	chr22	30408842	30409104	+	1	NA	promoter-TSS (ENST00000439023.3)	protein_coding-promoter-TSS (ENST00000439023.3)	-49	ENST00000483116.5	ENSG00000100003	ENST00000428195			SEC14L2			protein_coding
chr7-780	chr7	25862397	25862659	+	1	NA	Intergenic	Intergenic	7206	ENST00000702991.1	ENSG00000290106	ENST00000702991			ENSG00000290106			lncRNA
chr6-338	chr6	170129747	170130009	+	1	NA	Intergenic	Intergenic	-5496	ENST00000671798.1	ENSG00000288162	ENST00000671798			ENSG00000288162			lncRNA
chr14-27	chr14	90331715	90331977	+	1	NA	promoter-TSS (ENST00000354366.8)	protein_coding-promoter-TSS (ENST00000354366.8)	58	ENST00000628832.1	ENSG00000119720	ENST00000554464			NRDE2			protein_coding
chr7-97	chr7	27740803	27741065	+	1	NA	promoter-TSS (ENST00000441955.2)	lncRNA-promoter-TSS (ENST00000441955.2)	-539	ENST00000441955.2	ENSG00000229893	ENST00000441955			TAX1BP1-AS1			lncRNA
chr22-37	chr22	19751118	19751380	+	1	NA	Intergenic	Intergenic	-5454	ENST00000359500.7	ENSG00000184058	ENST00000700274			TBX1			protein_coding
KI270713.1-1	KI270713.1	21771	22033	+	1	NA	TTS (ENST00000619109.1)	snRNA-TTS (ENST00000619109.1)	122	ENST00000619109.1	ENSG00000275405	ENST00000619109			U1			snRNA
chr15-308	chr15	63042579	63042841	+	1	NA	promoter-TSS (ENST00000267996.11)	protein_coding-promoter-TSS (ENST00000267996.11)	23	ENST00000610733.1	ENSG00000140416	ENST00000558072			TPM1			protein_coding
chr3-54	chr3	20186255	20186517	+	1	NA	promoter-TSS (ENST00000263753.8)	protein_coding-promoter-TSS (ENST00000263753.8)	21	ENST00000635369.1	ENSG00000231304	ENST00000634837			SGO1-AS1			lncRNA
chr8-45	chr8	132775120	132775382	+	1	NA	promoter-TSS (ENST00000220847.8)	protein_coding-promoter-TSS (ENST00000220847.8)	-107	ENST00000220847.8	ENSG00000129292	ENST00000395390			PHF20L1			protein_coding
chr12-39	chr12	55926921	55927183	+	1	NA	promoter-TSS (ENST00000302533.6)	protein_coding-promoter-TSS (ENST00000302533.6)	59	ENST00000302533.6	ENSG00000170473	ENST00000557259			PYM1			protein_coding
chr6-168	chr6	151616182	151616444	+	1	NA	promoter-TSS (ENST00000384691.1)	snRNA-promoter-TSS (ENST00000384691.1)	-434	ENST00000384691.1	ENSG00000207422	ENST00000384691			RNU6-813P			snRNA
chr14-130	chr14	103921497	103921759	+	1	NA	promoter-TSS (ENST00000286953.8)	protein_coding-promoter-TSS (ENST00000286953.8)	-62	ENST00000554528.1	ENSG00000156411	ENST00000553430			ATP5MJ			protein_coding
chr14-120	chr14	49676587	49676849	+	1	NA	promoter-TSS (ENST00000554632.2)	processed_pseudogene-promoter-TSS (ENST00000554632.2)	-651	ENST00000554632.2	ENSG00000259155	ENST00000554632			STK16P1			processed_pseudogene
chr19-469	chr19	37656062	37656324	+	1	NA	promoter-TSS (ENST00000351218.6)	protein_coding-promoter-TSS (ENST00000351218.6)	68	ENST00000514101.6	ENSG00000120784	ENST00000514101			ZFP30			protein_coding
chr7-316	chr7	155003418	155003680	+	1	NA	promoter-TSS (ENST00000404141.6)	protein_coding-promoter-TSS (ENST00000404141.6)	128	ENST00000608317.2	ENSG00000273344	ENST00000608317			PAXIP1-DT			lncRNA
chr12-56	chr12	116385816	116386078	+	1	NA	intron (ENST00000548506.1, intron 4 of 4)	lncRNA-intron (ENST00000548506.1, intron 4 of 4)	17183	ENST00000548506.1	ENSG00000258346	ENST00000548506			ENSG00000258346			lncRNA
chr16-516	chr16	67441209	67441471	+	1	NA	promoter-TSS (ENST00000567694.5)	protein_coding-promoter-TSS (ENST00000567694.5)	52	ENST00000567694.5	ENSG00000159720	ENST00000290949			ATP6V0D1			protein_coding
chr17-2405	chr17	49014541	49014803	+	1	NA	promoter-TSS (ENST00000504865.3)	lncRNA-promoter-TSS (ENST00000504865.3)	755	ENST00000499130.6	ENSG00000159217	ENST00000505562			IGF2BP1			protein_coding
chr20-25	chr20	57695044	57695306	+	1	NA	intron (ENST00000472841.1, intron 1 of 1)	protein_coding-intron (ENST00000265626.8, intron 1 of 3)	-3345	ENST00000395814.5	ENSG00000124225	ENST00000265626			PMEPA1			protein_coding
chr2-310	chr2	3519009	3519271	+	1	NA	promoter-TSS (ENST00000450917.1)	lncRNA-promoter-TSS (ENST00000450917.1)	-135	ENST00000450917.1	ENSG00000235078	ENST00000450917			ENSG00000235078			lncRNA
chr1-144	chr1	147172359	147172621	+	1	NA	promoter-TSS (ENST00000254101.4)	protein_coding-promoter-TSS (ENST00000254101.4)	-20	ENST00000254101.4	ENSG00000131791	ENST00000474939			PRKAB2			protein_coding
chr1-96	chr1	109246256	109246518	+	1	NA	Intergenic	Intergenic	-3152	ENST00000271332.4	ENSG00000143126	ENST00000498157			CELSR2			protein_coding
chr20-183	chr20	47984647	47984909	+	1	NA	TTS (ENST00000425385.1)	lncRNA-TTS (ENST00000425385.1)	1374	ENST00000425385.1	ENSG00000229522	ENST00000425385			LINC01523			lncRNA
chr11-223	chr11	65570311	65570573	+	1	NA	promoter-TSS (ENST00000309328.8)	protein_coding-promoter-TSS (ENST00000309328.8)	16	ENST00000623234.2	ENSG00000260233	ENST00000623234			ZNRD2-DT			lncRNA
chr19-245	chr19	43463588	43463850	+	1	NA	TTS (ENST00000595970.1)	protein_coding-TTS (ENST00000595970.1)	244	ENST00000594326.1	ENSG00000124466	ENST00000597741			LYPD3			protein_coding
chr4-31	chr4	41319180	41319442	+	1	NA	Intergenic	Intergenic	-15974	ENST00000384750.1	ENSG00000207481	ENST00000384750			Y_RNA			misc_RNA
chr1-78	chr1	203626552	203626814	+	1	NA	promoter-TSS (ENST00000341360.7)	protein_coding-promoter-TSS (ENST00000341360.7)	-149	ENST00000357681.10	ENSG00000058668	ENST00000356729			ATP2B4			protein_coding
chr2-494	chr2	178414714	178414976	+	1	NA	exon (ENST00000686412.1, exon 1 of 1)	lncRNA-exon (ENST00000686412.1, exon 1 of 1)	822	ENST00000415236.1	ENSG00000223960	ENST00000436616			CHROMR			lncRNA
chr9-43	chr9	127545410	127545672	+	1	NA	intron (ENST00000373314.7, intron 1 of 13)	protein_coding-intron (ENST00000373312.4, intron 1 of 13)	-18320	ENST00000476091.1	ENSG00000136830	ENST00000373314			NIBAN2			protein_coding
chr8-85	chr8	142031351	142031613	+	1	NA	Intergenic	Intergenic	-58345	ENST00000562989.1	ENSG00000261710	ENST00000562989			ENSG00000261710			lncRNA
chr17-52	chr17	58387858	58388120	+	1	NA	intron (ENST00000581868.1, intron 1 of 7)	protein_coding-intron (ENST00000407977.7, intron 2 of 9)	14732	ENST00000577625.5	ENSG00000108375	ENST00000583753			RNF43			protein_coding
chr12-169	chr12	49741264	49741526	+	1	NA	promoter-TSS (ENST00000267115.10)	protein_coding-promoter-TSS (ENST00000267115.10)	-149	ENST00000549966.5	ENSG00000139644	ENST00000548201			TMBIM6			protein_coding
chr3-949	chr3	184134196	184134458	+	1	NA	promoter-TSS (ENST00000491144.5)	protein_coding-promoter-TSS (ENST00000491144.5)	-711	ENST00000491144.5	ENSG00000145191	ENST00000471832			EIF2B5			protein_coding
chr9-34	chr9	136229662	136229924	+	1	NA	intron (ENST00000358701.10, intron 1 of 11)	protein_coding-intron (ENST00000358701.10, intron 1 of 11)	-4916	ENST00000455222.1	ENSG00000165661	ENST00000706611			QSOX2			protein_coding
chr12-427	chr12	54188715	54188977	+	1	NA	promoter-TSS (ENST00000401977.6)	protein_coding-promoter-TSS (ENST00000401977.6)	25	ENST00000504338.5	ENSG00000123415	ENST00000682136			SMUG1			protein_coding
chr17-69	chr17	78374200	78374462	+	1	NA	TTS (ENST00000592569.1)	lncRNA-TTS (ENST00000592569.1)	-3196	ENST00000484759.3	ENSG00000243870	ENST00000484759			RN7SL236P			misc_RNA
chr4-90	chr4	77156901	77157163	+	1	NA	promoter-TSS (ENST00000316355.10)	protein_coding-promoter-TSS (ENST00000316355.10)	-175	ENST00000316355.10	ENSG00000138764	ENST00000509972			CCNG2			protein_coding
chr16-622	chr16	85335436	85335698	+	1	NA	intron (ENST00000637419.1, intron 1 of 2)	protein_coding-intron (ENST00000637419.1, intron 1 of 2)	17394	ENST00000653751.1	ENSG00000287946	ENST00000653751			ENSG00000287946			lncRNA
chr3-1148	chr3	133456195	133456457	+	1	NA	promoter-TSS (ENST00000515542.1)	lncRNA-promoter-TSS (ENST00000515542.1)	-550	ENST00000515542.1	ENSG00000249993	ENST00000515542			BFSP2-AS1			lncRNA
chr12-495	chr12	15225882	15226144	+	1	NA	intron (ENST00000393736.3, intron 2 of 3)	protein_coding-intron (ENST00000393736.3, intron 2 of 3)	-4596	ENST00000256953.6	ENSG00000134533	ENST00000256953			RERG			protein_coding
chrX-4	chrX	119094423	119094685	+	1	NA	intron (ENST00000402510.2, intron 8 of 13)	protein_coding-intron (ENST00000402510.2, intron 8 of 13)	21561	ENST00000620151.4	ENSG00000277535	ENST00000620151			CT47C1			protein_coding
chr17-1828	chr17	82022666	82022928	+	1	NA	promoter-TSS (ENST00000306688.8)	protein_coding-promoter-TSS (ENST00000306688.8)	24	ENST00000584514.5	ENSG00000169689	ENST00000392359			CENPX			protein_coding
chr12-437	chr12	64610808	64611070	+	1	NA	intron (ENST00000542104.6, intron 1 of 4)	protein_coding-intron (ENST00000283172.8, intron 1 of 3)	417	ENST00000540088.1	ENSG00000153179	ENST00000540088			RASSF3			protein_coding
chr8-6	chr8	89984451	89984713	+	1	NA	promoter-TSS (ENST00000265433.8)	protein_coding-promoter-TSS (ENST00000265433.8)	16	ENST00000697294.1	ENSG00000104320	ENST00000697293			NBN			protein_coding
chr1-1039	chr1	40257982	40258244	+	1	NA	promoter-TSS (ENST00000372759.4)	protein_coding-promoter-TSS (ENST00000372759.4)	22	ENST00000674703.1	ENSG00000084073	ENST00000674703			ZMPSTE24			protein_coding
chr17-467	chr17	82458379	82458641	+	1	NA	promoter-TSS (ENST00000309794.16)	protein_coding-promoter-TSS (ENST00000309794.16)	11	ENST00000579095.2	ENSG00000265458	ENST00000579095			NARF-AS2			lncRNA
chr2-95	chr2	75710771	75711033	+	1	NA	promoter-TSS (ENST00000321027.8)	protein_coding-promoter-TSS (ENST00000321027.8)	-3	ENST00000470503.1	ENSG00000005436	ENST00000470197			GCFC2			protein_coding
chrX-8	chrX	71824890	71825152	+	1	NA	Intergenic	Intergenic	-23754	ENST00000424182.1	ENSG00000229030	ENST00000424182			ENSG00000229030			processed_pseudogene
chr3-7	chr3	64331668	64331930	+	1	NA	intron (ENST00000498162.2, intron 2 of 4)	protein_coding-intron (ENST00000295902.11, intron 2 of 8)	-63625	ENST00000564377.6	ENSG00000163637	ENST00000564377			PRICKLE2			protein_coding
chr19-137	chr19	10461335	10461597	+	1	NA	intron (ENST00000592685.5, intron 13 of 16)	protein_coding-intron (ENST00000293683.9, intron 11 of 14)	2497	ENST00000590407.1	ENSG00000065989	ENST00000586275			PDE4A			protein_coding
chr10-1	chr10	5496626	5496888	+	1	NA	Intergenic	Intergenic	2813	ENST00000380332.5	ENSG00000178372	ENST00000380332			CALML5			protein_coding
chr15-84	chr15	78931028	78931290	+	1	NA	TTS (ENST00000534038.6)	protein_coding-TTS (ENST00000534038.6)	894	ENST00000678114.1	ENSG00000103811	ENST00000679334			CTSH			protein_coding
chr20-38	chr20	50440856	50441118	+	1	NA	Intergenic	Intergenic	-11504	ENST00000497504.3	ENSG00000244376	ENST00000497504			RN7SL636P			misc_RNA
chr3-605	chr3	163698221	163698483	+	1	NA	Intergenic	Intergenic	223285	ENST00000477099.1	ENSG00000240792	ENST00000477099			ENSG00000240792			lncRNA
chr2-375	chr2	47028938	47029200	+	1	NA	promoter-TSS (ENST00000698504.1)	protein_coding-promoter-TSS (ENST00000698504.1)	-245	ENST00000698504.1	ENSG00000068724	ENST00000652236			TTC7A			protein_coding
chr9-282	chr9	96566455	96566717	+	1	NA	intron (ENST00000452280.5, intron 1 of 8)	protein_coding-intron (ENST00000375240.7, intron 1 of 12)	244	ENST00000452280.5	ENSG00000081377	ENST00000496750			CDC14B			protein_coding
chr17-22	chr17	58692445	58692707	+	1	NA	promoter-TSS (ENST00000240361.12)	protein_coding-promoter-TSS (ENST00000240361.12)	0	ENST00000487921.5	ENSG00000108384	ENST00000461271			RAD51C			protein_coding
chr5-235	chr5	1594529	1594791	+	1	NA	promoter-TSS (ENST00000436493.2)	lncRNA-promoter-TSS (ENST00000436493.2)	-9	ENST00000684972.1	ENSG00000291055	ENST00000689786			ENSG00000291055			lncRNA
chr16-32	chr16	2163243	2163505	+	1	NA	promoter-TSS (ENST00000567645.2)	protein_coding-promoter-TSS (ENST00000567645.2)	-168	ENST00000567645.2	ENSG00000131653	ENST00000569686			TRAF7			protein_coding
chr16-33	chr16	4200234	4200496	+	1	NA	intron (ENST00000572111.1, intron 4 of 6)	protein_coding-intron (ENST00000399609.7, intron 3 of 5)	-16850	ENST00000573220.1	ENSG00000263105	ENST00000573220			ENSG00000263105			lncRNA
chr16-9	chr16	85521035	85521297	+	1	NA	intron (ENST00000637419.1, intron 2 of 2)	protein_coding-intron (ENST00000637419.1, intron 2 of 2)	31353	ENST00000620845.1	ENSG00000278716	ENST00000620845			ENSG00000278716			lncRNA
chr20-1166	chr20	50451339	50451601	+	1	NA	Intergenic	Intergenic	-21987	ENST00000497504.3	ENSG00000244376	ENST00000497504			RN7SL636P			misc_RNA
chr12-288	chr12	124626205	124626467	+	1	NA	Intergenic	Intergenic	2945	ENST00000624789.1	ENSG00000280444	ENST00000624789			ENSG00000280444			TEC
chr11-523	chr11	14765239	14765501	+	1	NA	intron (ENST00000534317.1, intron 1 of 1)	protein_coding-intron (ENST00000282096.9, intron 1 of 15)	-23569	ENST00000525439.1	ENSG00000152270	ENST00000282096			PDE3B			protein_coding
chr19-200	chr19	2342164	2342426	+	1	NA	promoter-TSS (ENST00000589515.2)	protein_coding-promoter-TSS (ENST00000589515.2)	-427	ENST00000589515.2	ENSG00000005206	ENST00000593243			SPPL2B			protein_coding
chr14-92	chr14	57268632	57268894	+	1	NA	promoter-TSS (ENST00000261558.8)	protein_coding-promoter-TSS (ENST00000261558.8)	-38	ENST00000555749.5	ENSG00000070367	ENST00000621441			EXOC5			protein_coding
chr8-242	chr8	118850164	118850426	+	1	NA	intron (ENST00000664584.1, intron 5 of 6)	lncRNA-intron (ENST00000625758.3, intron 6 of 7)	78778	ENST00000521597.1	ENSG00000164761	ENST00000297350			TNFRSF11B			protein_coding
chr9-37	chr9	130854137	130854399	+	1	NA	TTS (ENST00000393293.4)	protein_coding-TTS (ENST00000393293.4)	19014	ENST00000318560.6	ENSG00000097007	ENST00000372348			ABL1			protein_coding
chr9-102	chr9	128771855	128772117	+	1	NA	promoter-TSS (ENST00000291900.7)	protein_coding-promoter-TSS (ENST00000291900.7)	-45	ENST00000414921.5	ENSG00000160445	ENST00000494461			ZER1			protein_coding
chr12-26	chr12	48021962	48022224	+	1	NA	intron (ENST00000547602.1, intron 1 of 1)	lncRNA-intron (ENST00000546738.1, intron 3 of 3)	3289	ENST00000547602.1	ENSG00000257955	ENST00000547602			ENSG00000257955			lncRNA
chr16-216	chr16	70136680	70136942	+	1	NA	intron (ENST00000568530.5, intron 10 of 18)	protein_coding-intron (ENST00000288050.9, intron 10 of 18)	4878	ENST00000562100.5	ENSG00000090857	ENST00000561920			PDPR			protein_coding
chr5-531	chr5	43514911	43515173	+	1	NA	promoter-TSS (ENST00000504277.1)	lncRNA-promoter-TSS (ENST00000504277.1)	-18	ENST00000509489.1	ENSG00000172244	ENST00000509489			C5orf34			protein_coding
chr2-104	chr2	96509448	96509710	+	1	NA	Intergenic	Intergenic	-1470	ENST00000435380.3	ENSG00000163121	ENST00000444588			NEURL3			protein_coding
chr16-37	chr16	84099675	84099937	+	1	NA	intron (ENST00000343411.8, intron 2 of 22)	protein_coding-intron (ENST00000343411.8, intron 2 of 22)	2190	ENST00000692460.1	ENSG00000140943	ENST00000568051			MBTPS1			protein_coding
chr14-93	chr14	58244756	58245018	+	1	NA	promoter-TSS (ENST00000216455.9)	protein_coding-promoter-TSS (ENST00000216455.9)	8	ENST00000555743.1	ENSG00000100567	ENST00000556321			PSMA3			protein_coding
chr14-3	chr14	69191389	69191651	+	1	NA	promoter-TSS (ENST00000312994.9)	protein_coding-promoter-TSS (ENST00000312994.9)	9	ENST00000409018.7	ENSG00000081177	ENST00000461908			EXD2			protein_coding
chr9-513	chr9	129803018	129803280	+	1	NA	promoter-TSS (ENST00000259339.7)	protein_coding-promoter-TSS (ENST00000259339.7)	-8	ENST00000486372.1	ENSG00000136816	ENST00000259339			TOR1B			protein_coding
chr8-190	chr8	94474614	94474876	+	1	NA	intron (ENST00000518998.5, intron 1 of 3)	protein_coding-intron (ENST00000297592.5, intron 1 of 3)	309	ENST00000518998.5	ENSG00000197275	ENST00000519348			RAD54B			protein_coding
chr3-1628	chr3	19946783	19947045	+	1	NA	promoter-TSS (ENST00000273047.9)	protein_coding-promoter-TSS (ENST00000273047.9)	95	ENST00000344838.8	ENSG00000163576	ENST00000389256			EFHB			protein_coding
chr16-133	chr16	14364607	14364869	+	1	NA	intron (ENST00000566054.1, intron 1 of 1)	lncRNA-intron (ENST00000566054.1, intron 1 of 1)	5528	ENST00000566054.1	ENSG00000260009	ENST00000566054			LINC02130			lncRNA
chr5-11	chr5	40755862	40756124	+	1	NA	promoter-TSS (ENST00000337702.5)	protein_coding-promoter-TSS (ENST00000337702.5)	-30	ENST00000636106.1	ENSG00000113638	ENST00000637375			TTC33			protein_coding
chr16-142	chr16	10578546	10578808	+	1	NA	promoter-TSS (ENST00000566325.1)	lncRNA-promoter-TSS (ENST00000566325.1)	-494	ENST00000566325.1	ENSG00000260310	ENST00000566325			ENSG00000260310			lncRNA
chr1-174	chr1	155193421	155193683	+	1	NA	promoter-TSS (ENST00000337604.6)	protein_coding-promoter-TSS (ENST00000337604.6)	-636	ENST00000466913.1	ENSG00000185499	ENST00000337604			MUC1			protein_coding
chr7-395	chr7	2493909	2494171	+	1	NA	Intergenic	Intergenic	-17146	ENST00000611693.1	ENSG00000275572	ENST00000611693			GRIFIN			protein_coding
chr5-50	chr5	151126225	151126487	+	1	NA	TTS (ENST00000517707.5)	protein_coding-TTS (ENST00000517707.5)	2015	ENST00000520054.1	ENSG00000197043	ENST00000517757			ANXA6			protein_coding
chr17-911	chr17	81393931	81394193	+	1	NA	TTS (ENST00000701623.1)	lncRNA-TTS (ENST00000701623.1)	-1395	ENST00000675386.2	ENSG00000266074	ENST00000584330			BAHCC1			protein_coding
chr2-92	chr2	234464048	234464310	+	1	NA	Intergenic	Intergenic	-8396	ENST00000440046.1	ENSG00000232690	ENST00000440046			HSPE1P9			unprocessed_pseudogene
chr3-979	chr3	17559296	17559558	+	1	NA	intron (ENST00000434420.1, intron 1 of 4)	protein_coding-intron (ENST00000253692.11, intron 2 of 21)	64486	ENST00000486224.5	ENSG00000131374	ENST00000428355			TBC1D5			protein_coding
chr15-137	chr15	76311301	76311563	+	1	NA	promoter-TSS (ENST00000267950.12)	protein_coding-promoter-TSS (ENST00000267950.12)	0	ENST00000687975.1	ENSG00000140374	ENST00000689120			ETFA			protein_coding
chr10-65	chr10	5889996	5890258	+	1	NA	promoter-TSS (ENST00000191063.8)	protein_coding-promoter-TSS (ENST00000191063.8)	-76	ENST00000397269.7	ENSG00000134452	ENST00000469009			FBH1			protein_coding
chrX-28	chrX	23907695	23907957	+	1	NA	promoter-TSS (ENST00000379211.8)	protein_coding-promoter-TSS (ENST00000379211.8)	77	ENST00000490078.2	ENSG00000184831	ENST00000634086			APOO			protein_coding
chr19-84	chr19	44094166	44094428	+	1	NA	promoter-TSS (ENST00000336976.10)	protein_coding-promoter-TSS (ENST00000336976.10)	-64	ENST00000693561.1	ENSG00000267680	ENST00000590614			ZNF224			protein_coding
chr7-334	chr7	23338975	23339237	+	1	NA	intron (ENST00000619562.4, intron 3 of 7)	protein_coding-intron (ENST00000258729.8, intron 10 of 14)	7055	ENST00000495009.1	ENSG00000136231	ENST00000476938			IGF2BP3			protein_coding
chr3-1993	chr3	158644318	158644580	+	1	NA	promoter-TSS (ENST00000264263.9)	protein_coding-promoter-TSS (ENST00000264263.9)	-78	ENST00000486715.6	ENSG00000168827	ENST00000478251			GFM1			protein_coding
chr10-117	chr10	5832984	5833246	+	1	NA	intron (ENST00000380127.5, intron 1 of 6)	protein_coding-intron (ENST00000380127.5, intron 1 of 6)	9017	ENST00000380127.5	ENSG00000057608	ENST00000456041			GDI2			protein_coding
chr14-211	chr14	55271900	55272162	+	1	NA	promoter-TSS (ENST00000440021.1)	protein_coding-promoter-TSS (ENST00000440021.1)	44	ENST00000556183.1	ENSG00000258413	ENST00000660805			FBXO34-AS1			lncRNA
chr16-173	chr16	21512490	21512752	+	1	NA	intron (ENST00000654954.1, intron 1 of 1)	lncRNA-intron (ENST00000435197.3, intron 1 of 13)	986	ENST00000654954.1	ENSG00000287809	ENST00000654954			ENSG00000287809			lncRNA
chr21-16	chr21	29476556	29476818	+	1	NA	intron (ENST00000468059.1, intron 2 of 3)	protein_coding-intron (ENST00000422809.5, intron 2 of 4)	-19360	ENST00000429843.1	ENSG00000234293	ENST00000429843			BACH1-IT3			lncRNA
chr3-57	chr3	134357957	134358219	+	1	NA	intron (ENST00000514516.5, intron 9 of 9)	protein_coding-intron (ENST00000249883.10, intron 9 of 9)	-1527	ENST00000273411.2	ENSG00000293138	ENST00000273411			ENSG00000293138			lncRNA
chrX-51	chrX	129540164	129540426	+	1	NA	promoter-TSS (ENST00000357121.5)	protein_coding-promoter-TSS (ENST00000357121.5)	-5	ENST00000691455.1	ENSG00000122126	ENST00000647245			OCRL			protein_coding
chrX-10	chrX	11111244	11111506	+	1	NA	promoter-TSS (ENST00000321143.8)	protein_coding-promoter-TSS (ENST00000321143.8)	33	ENST00000380763.7	ENSG00000004961	ENST00000321143			HCCS			protein_coding
chr11-1	chr11	78156429	78156691	+	1	NA	TTS (ENST00000701360.1)	lncRNA-TTS (ENST00000701360.1)	-10621	ENST00000528468.1	ENSG00000246174	ENST00000701360			KCTD21-AS1			lncRNA
chr1-1020	chr1	22024898	22025160	+	1	NA	promoter-TSS (ENST00000404210.5)	lncRNA-promoter-TSS (ENST00000404210.5)	-113	ENST00000695855.1	ENSG00000289694	ENST00000695856			ENSG00000289694			protein_coding
chr14-69	chr14	73058251	73058513	+	1	NA	promoter-TSS (ENST00000261973.12)	protein_coding-promoter-TSS (ENST00000261973.12)	-150	ENST00000527432.5	ENSG00000119707	ENST00000532483			RBM25			protein_coding
chr12-81	chr12	132446061	132446323	+	1	NA	Intergenic	Intergenic	-10968	ENST00000542627.1	ENSG00000256783	ENST00000542627			ENSG00000256783			lncRNA
chr17-1287	chr17	81977533	81977795	+	1	NA	promoter-TSS (ENST00000306739.9)	protein_coding-promoter-TSS (ENST00000306739.9)	23	ENST00000583503.5	ENSG00000169696	ENST00000585274			ASPSCR1			protein_coding
chr16-496	chr16	21301732	21301994	+	1	NA	intron (ENST00000338573.9, intron 1 of 2)	protein_coding-intron (ENST00000219599.8, intron 1 of 9)	982	ENST00000561968.5	ENSG00000293411	ENST00000444326			ENSG00000293411			lncRNA
chr13-102	chr13	27965932	27966194	+	1	NA	intron (ENST00000381020.8, intron 1 of 2)	protein_coding-intron (ENST00000381020.8, intron 1 of 2)	1262	ENST00000548877.1	ENSG00000165556	ENST00000548877			CDX2			protein_coding
chr17-1633	chr17	5078264	5078526	+	1	NA	promoter-TSS (ENST00000318833.4)	protein_coding-promoter-TSS (ENST00000318833.4)	-72	ENST00000318833.4	ENSG00000180787	ENST00000318833			ZFP3			protein_coding
chr4-58	chr4	6750990	6751252	+	1	NA	Intergenic	Intergenic	-12387	ENST00000666330.1	ENSG00000287331	ENST00000666330			ENSG00000287331			lncRNA
chr7-94	chr7	128889115	128889377	+	1	NA	TTS (ENST00000612224.1)	protein_coding-TTS (ENST00000612224.1)	-8268	ENST00000679229.1	ENSG00000135253	ENST00000678812			KCP			protein_coding
chr12-15	chr12	131710734	131710996	+	1	NA	promoter-TSS (ENST00000261674.9)	protein_coding-promoter-TSS (ENST00000261674.9)	-216	ENST00000540469.5	ENSG00000061936	ENST00000261674			SFSWAP			protein_coding
chr1-813	chr1	54016347	54016609	+	1	NA	intron (ENST00000371360.2, intron 2 of 5)	protein_coding-intron (ENST00000371360.2, intron 2 of 5)	1694	ENST00000371362.7	ENSG00000203985	ENST00000545928			LDLRAD1			protein_coding
chr14-206	chr14	45253392	45253654	+	1	NA	promoter-TSS (ENST00000310806.9)	protein_coding-promoter-TSS (ENST00000310806.9)	17	ENST00000494512.1	ENSG00000129534	ENST00000555653			MIS18BP1			protein_coding
chr17-1142	chr17	64975777	64976039	+	1	NA	promoter-TSS (ENST00000397713.6)	lncRNA-promoter-TSS (ENST00000397713.6)	-278	ENST00000690715.2	ENSG00000291140	ENST00000687667			AMZ2P1			lncRNA
chr15-136	chr15	72272730	72272992	+	1	NA	promoter-TSS (ENST00000566844.1)	protein_coding-promoter-TSS (ENST00000566844.1)	138	ENST00000568360.5	ENSG00000137817	ENST00000566844			PARP6			protein_coding
chr8-62	chr8	60911702	60911964	+	1	NA	intron (ENST00000529234.5, intron 1 of 4)	lncRNA-intron (ENST00000526936.5, intron 1 of 2)	1243	ENST00000529234.5	ENSG00000254777	ENST00000527672			ENSG00000254777			lncRNA
chr2-580	chr2	96537209	96537471	+	1	NA	promoter-TSS (ENST00000454558.2)	protein_coding-promoter-TSS (ENST00000454558.2)	-5	ENST00000454558.2	ENSG00000196843	ENST00000467498			ARID5A			protein_coding
chr19-303	chr19	39167563	39167825	+	1	NA	intron (ENST00000599657.5, intron 1 of 3)	protein_coding-intron (ENST00000321944.8, intron 1 of 9)	-7242	ENST00000597715.1	ENSG00000130669	ENST00000321944			PAK4			protein_coding
chr2-498	chr2	191245092	191245354	+	1	NA	promoter-TSS (ENST00000304164.8)	protein_coding-promoter-TSS (ENST00000304164.8)	38	ENST00000418908.5	ENSG00000128641	ENST00000427152			MYO1B			protein_coding
chr3-72	chr3	15427346	15427608	+	1	NA	promoter-TSS (ENST00000383789.9)	protein_coding-promoter-TSS (ENST00000383789.9)	41	ENST00000443029.5	ENSG00000206562	ENST00000584799			METTL6			protein_coding
chr2-779	chr2	109499531	109499793	+	1	NA	intron (ENST00000309415.8, intron 9 of 9)	protein_coding-intron (ENST00000309415.8, intron 9 of 9)	-52874	ENST00000417974.1	ENSG00000237916	ENST00000417974			RPL37P12			processed_pseudogene
chr4-21	chr4	104671488	104671750	+	1	NA	intron (ENST00000515127.1, intron 4 of 5)	lncRNA-intron (ENST00000500179.1, intron 6 of 9)	33014	ENST00000655215.1	ENSG00000245384	ENST00000664466			CXXC4-AS1			lncRNA
chr1-817	chr1	89820845	89821107	+	1	NA	promoter-TSS (ENST00000337338.9)	protein_coding-promoter-TSS (ENST00000337338.9)	-38	ENST00000525774.5	ENSG00000171492	ENST00000337338			LRRC8D			protein_coding
chr16-412	chr16	89720930	89721192	+	1	NA	promoter-TSS (ENST00000289816.9)	protein_coding-promoter-TSS (ENST00000289816.9)	54	ENST00000568064.5	ENSG00000158805	ENST00000562530			ZNF276			protein_coding
chr1-148	chr1	179399522	179399784	+	1	NA	intron (ENST00000617277.4, intron 11 of 24)	protein_coding-intron (ENST00000367618.8, intron 11 of 25)	30752	ENST00000434088.1	ENSG00000162779	ENST00000511889			AXDND1			protein_coding
chrX-247	chrX	154369572	154369834	+	1	NA	intron (ENST00000676696.1, intron 1 of 46)	protein_coding-intron (ENST00000360319.9, intron 1 of 45)	1500	ENST00000420627.5	ENSG00000196924	ENST00000422373			FLNA			protein_coding
chr1-1070	chr1	94237639	94237901	+	1	NA	promoter-TSS (ENST00000260526.11)	protein_coding-promoter-TSS (ENST00000260526.11)	-137	ENST00000370217.3	ENSG00000137962	ENST00000552844			ARHGAP29			protein_coding
chr19-45	chr19	38837839	38838101	+	1	NA	promoter-TSS (ENST00000595804.5)	protein_coding-promoter-TSS (ENST00000595804.5)	-385	ENST00000595804.5	ENSG00000104824	ENST00000600741			HNRNPL			protein_coding
chr20-143	chr20	59933494	59933756	+	1	NA	promoter-TSS (ENST00000357552.8)	protein_coding-promoter-TSS (ENST00000357552.8)	12	ENST00000357552.8	ENSG00000196074	ENST00000412613			SYCP2			protein_coding
chr15-209	chr15	75640101	75640363	+	1	NA	promoter-TSS (ENST00000403490.3)	protein_coding-promoter-TSS (ENST00000403490.3)	-8	ENST00000403490.3	ENSG00000177971	ENST00000314852			IMP3			protein_coding
chr16-5	chr16	10944299	10944561	+	1	NA	promoter-TSS (ENST00000409552.4)	protein_coding-promoter-TSS (ENST00000409552.4)	-109	ENST00000703130.1	ENSG00000038532	ENST00000487189			CLEC16A			protein_coding
chr22-2	chr22	19806624	19806886	+	1	NA	exon (ENST00000329517.11, exon 6 of 8)	protein_coding-exon (ENST00000329517.11, exon 6 of 8)	14461	ENST00000424559.2	ENSG00000235776	ENST00000424559			RPL7AP70			processed_pseudogene
chr16-138	chr16	76138155	76138417	+	1	NA	intron (ENST00000658559.1, intron 1 of 1)	lncRNA-intron (ENST00000563923.1, intron 1 of 1)	9493	ENST00000564561.1	ENSG00000260223	ENST00000658559			ENSG00000260223			lncRNA
chr2-541	chr2	41457088	41457350	+	1	NA	Intergenic	Intergenic	-258914	ENST00000660664.1	ENSG00000287145	ENST00000660664			ENSG00000287145			lncRNA
chr14-139	chr14	77457541	77457803	+	1	NA	promoter-TSS (ENST00000216479.8)	protein_coding-promoter-TSS (ENST00000216479.8)	-67	ENST00000553888.5	ENSG00000151445	ENST00000448935			VIPAS39			protein_coding
chr9-827	chr9	127751912	127752174	+	1	NA	intron (ENST00000471939.5, intron 1 of 3)	protein_coding-intron (ENST00000314830.13, intron 3 of 11)	-2491	ENST00000652130.1	ENSG00000286196	ENST00000652130			ENSG00000286196			lncRNA
chr21-25	chr21	13877070	13877332	+	1	NA	Intergenic	Intergenic	-28837	ENST00000428301.1	ENSG00000290541	ENST00000428301			CYP4F29P			lncRNA
chr8-10	chr8	123396496	123396758	+	1	NA	promoter-TSS (ENST00000287394.10)	protein_coding-promoter-TSS (ENST00000287394.10)	-180	ENST00000287394.10	ENSG00000156802	ENST00000521903			ATAD2			protein_coding
chr9-130	chr9	83062816	83063078	+	1	NA	promoter-TSS (ENST00000652950.1)	lncRNA-promoter-TSS (ENST00000652950.1)	195	ENST00000376447.4	ENSG00000165105	ENST00000376447			RASEF			protein_coding
chr17-301	chr17	57899853	57900115	+	1	NA	intron (ENST00000577830.6, intron 1 of 10)	protein_coding-intron (ENST00000360238.6, intron 1 of 10)	3405	ENST00000360238.6	ENSG00000180891	ENST00000581391			CUEDC1			protein_coding
chr12-40	chr12	93314560	93314822	+	1	NA	promoter-TSS (ENST00000547118.1)	lncRNA-promoter-TSS (ENST00000547118.1)	-118	ENST00000547118.1	ENSG00000293091	ENST00000547118			ENSG00000293091			lncRNA
chr9-24	chr9	94554426	94554688	+	1	NA	promoter-TSS (ENST00000452148.3)	lncRNA-promoter-TSS (ENST00000452148.3)	-497	ENST00000647389.1	ENSG00000231806	ENST00000452148			PCAT7			lncRNA
chr8-51	chr8	37598617	37598879	+	1	NA	promoter-TSS (ENST00000522471.1)	lncRNA-promoter-TSS (ENST00000522471.1)	30	ENST00000522471.1	ENSG00000254290	ENST00000519691			ENSG00000254290			lncRNA
chr3-1998	chr3	160449515	160449777	+	1	NA	promoter-TSS (ENST00000479460.5)	protein_coding-promoter-TSS (ENST00000479460.5)	-33	ENST00000494486.1	ENSG00000213186	ENST00000468542			TRIM59			protein_coding
chr15-88	chr15	52288333	52288595	+	1	NA	intron (ENST00000560809.5, intron 1 of 37)	protein_coding-intron (ENST00000261839.12, intron 1 of 40)	7192	ENST00000560809.5	ENSG00000128833	ENST00000559459			MYO5C			protein_coding
chr19-224	chr19	4042745	4043007	+	1	NA	TTS (ENST00000322357.9)	protein_coding-TTS (ENST00000322357.9)	14415	ENST00000601439.1	ENSG00000105229	ENST00000599999			PIAS4			protein_coding
chr10-273	chr10	132407949	132408211	+	1	NA	intron (ENST00000305233.6, intron 2 of 2)	protein_coding-intron (ENST00000305233.6, intron 2 of 2)	10880	ENST00000305233.6	ENSG00000171813	ENST00000305233			PWWP2B			protein_coding
chr14-53	chr14	73756576	73756838	+	1	NA	intron (ENST00000486739.1, intron 2 of 2)	protein_coding-intron (ENST00000286523.9, intron 1 of 11)	-1691	ENST00000421708.1	ENSG00000156030	ENST00000451078			MIDEAS			protein_coding
chr8-150	chr8	141058075	141058337	+	1	NA	intron (ENST00000517606.1, intron 2 of 4)	lncRNA-intron (ENST00000517606.1, intron 2 of 4)	-1126	ENST00000522882.1	ENSG00000253266	ENST00000522882			ENSG00000253266			lncRNA
chr15-75	chr15	55743134	55743396	+	1	NA	promoter-TSS (ENST00000389286.9)	protein_coding-promoter-TSS (ENST00000389286.9)	-113	ENST00000389286.9	ENSG00000166450	ENST00000559842			PRTG			protein_coding
chr19-10	chr19	16463976	16464238	+	1	NA	intron (ENST00000602151.1, intron 1 of 3)	protein_coding-intron (ENST00000248070.10, intron 1 of 22)	7836	ENST00000602151.1	ENSG00000127527	ENST00000602009			EPS15L1			protein_coding
chr14-52	chr14	24195464	24195726	+	1	NA	promoter-TSS (ENST00000261789.9)	protein_coding-promoter-TSS (ENST00000261789.9)	-8	ENST00000528010.1	ENSG00000100926	ENST00000524835			TM9SF1			protein_coding
chr19-234	chr19	14006888	14007150	+	1	NA	promoter-TSS (ENST00000254325.9)	protein_coding-promoter-TSS (ENST00000254325.9)	20	ENST00000586913.1	ENSG00000132005	ENST00000588520			RFX1			protein_coding
chr8-28	chr8	93955692	93955954	+	1	NA	Intergenic	Intergenic	1868	ENST00000466433.1	ENSG00000240509	ENST00000466433			RPL34P18			processed_pseudogene
chr12-160	chr12	116434269	116434531	+	1	NA	Intergenic	Intergenic	-6082	ENST00000582069.1	ENSG00000264037	ENST00000582069			MIR4472-2			miRNA
chr7-229	chr7	73770100	73770362	+	1	NA	promoter-TSS (ENST00000395145.3)	protein_coding-promoter-TSS (ENST00000395145.3)	39	ENST00000395145.3	ENSG00000165215	ENST00000395145			CLDN3			protein_coding
chr11-301	chr11	22192907	22193169	+	1	NA	promoter-TSS (ENST00000324559.9)	protein_coding-promoter-TSS (ENST00000324559.9)	5	ENST00000682341.1	ENSG00000171714	ENST00000682341			ANO5			protein_coding
chr11-120	chr11	17351465	17351727	+	1	NA	promoter-TSS (ENST00000338965.9)	protein_coding-promoter-TSS (ENST00000338965.9)	107	ENST00000648634.1	ENSG00000285545	ENST00000648634			ENSG00000285545			lncRNA
chr5-430	chr5	134527539	134527801	+	1	NA	intron (ENST00000681498.1, intron 1 of 9)	protein_coding-intron (ENST00000282605.8, intron 1 of 11)	1033	ENST00000681498.1	ENSG00000043143	ENST00000361895			JADE2			protein_coding
chr20-2299	chr20	44580641	44580903	+	1	NA	intron (ENST00000477390.5, intron 1 of 2)	protein_coding-intron (ENST00000372887.5, intron 1 of 4)	-1807	ENST00000372886.6	ENSG00000168734	ENST00000372892			PKIG			protein_coding
chr1-10	chr1	151909523	151909785	+	1	NA	promoter-TSS (ENST00000368814.8)	protein_coding-promoter-TSS (ENST00000368814.8)	-17	ENST00000489410.1	ENSG00000159445	ENST00000489410			THEM4			protein_coding
chr10-53	chr10	78927353	78927615	+	1	NA	Intergenic	Intergenic	34910	ENST00000428862.5	ENSG00000224596	ENST00000428862			ZMIZ1-AS1			lncRNA
chr6-229	chr6	2244904	2245166	+	1	NA	promoter-TSS (ENST00000456943.6)	lncRNA-promoter-TSS (ENST00000456943.6)	570	ENST00000380815.5	ENSG00000112699	ENST00000476972			GMDS			protein_coding
chr1-51	chr1	53107648	53107910	+	1	NA	TTS (ENST00000371491.4)	protein_coding-TTS (ENST00000371491.4)	-6797	ENST00000439621.1	ENSG00000235563	ENST00000439621			ENSG00000235563			lncRNA
chr17-923	chr17	45440092	45440354	+	1	NA	exon (ENST00000430334.8, exon 10 of 12)	protein_coding-exon (ENST00000430334.8, exon 10 of 12)	150	ENST00000585506.2	ENSG00000225190	ENST00000586084			PLEKHM1			protein_coding
chr7-1	chr7	103344726	103344988	+	1	NA	promoter-TSS (ENST00000249270.11)	protein_coding-promoter-TSS (ENST00000249270.11)	-27	ENST00000412522.1	ENSG00000105821	ENST00000379257			DNAJC2			protein_coding
chr22-68	chr22	35629950	35630212	+	1	NA	intron (ENST00000472240.1, intron 1 of 1)	protein_coding-intron (ENST00000447607.5, intron 2 of 3)	5053	ENST00000472240.1	ENSG00000268818	ENST00000472240			ENSG00000268818			lncRNA
chr19-336	chr19	51367993	51368255	+	1	NA	promoter-TSS (ENST00000593841.1)	protein_coding-promoter-TSS (ENST00000593841.1)	-25	ENST00000600067.1	ENSG00000269403	ENST00000600067			ENSG00000269403			protein_coding
chr10-52	chr10	69360783	69361045	+	1	NA	promoter-TSS (ENST00000703956.1)	protein_coding-promoter-TSS (ENST00000703956.1)	-511	ENST00000703956.1	ENSG00000156515	ENST00000703951			HK1			protein_coding
chr11-130	chr11	72103180	72103442	+	1	NA	promoter-TSS (ENST00000278671.10)	protein_coding-promoter-TSS (ENST00000278671.10)	-14	ENST00000535872.1	ENSG00000149357	ENST00000278671			LAMTOR1			protein_coding
chr6-1	chr6	27241487	27241749	+	1	NA	Intergenic	Intergenic	-6083	ENST00000454665.6	ENSG00000112812	ENST00000462664			PRSS16			protein_coding
chr1-373	chr1	161540287	161540549	+	1	NA	intron (ENST00000537821.2, intron 3 of 4)	lncRNA-intron (ENST00000537821.2, intron 3 of 4)	-2260	ENST00000416185.2	ENSG00000224203	ENST00000416185			RPS23P10			unprocessed_pseudogene
chr16-252	chr16	81568333	81568595	+	1	NA	intron (ENST00000539778.6, intron 1 of 20)	protein_coding-intron (ENST00000537098.8, intron 1 of 20)	34562	ENST00000620068.1	ENSG00000277255	ENST00000620068			MIR7854			miRNA
chr12-140	chr12	92144693	92144955	+	1	NA	promoter-TSS (ENST00000501008.2)	lncRNA-promoter-TSS (ENST00000501008.2)	-129	ENST00000673901.1	ENSG00000133639	ENST00000673901			BTG1			protein_coding
chr16-764	chr16	78052985	78053247	+	1	NA	intron (ENST00000567430.2, intron 2 of 2)	lncRNA-intron (ENST00000563114.1, intron 1 of 1)	-3219	ENST00000562317.1	ENSG00000260731	ENST00000562317			KRT8P22			processed_pseudogene
chr3-114	chr3	13414352	13414614	+	1	NA	intron (ENST00000695492.1, intron 1 of 5)	protein_coding-intron (ENST00000254508.7, intron 1 of 39)	5772	ENST00000695492.1	ENSG00000132182	ENST00000695489			NUP210			protein_coding
chr19-21	chr19	11339482	11339744	+	1	NA	promoter-TSS (ENST00000222120.8)	protein_coding-promoter-TSS (ENST00000222120.8)	44	ENST00000222120.8	ENSG00000105514	ENST00000222120			RAB3D			protein_coding
chr1-28	chr1	3708947	3709209	+	1	NA	TTS (ENST00000604194.1)	protein_coding-TTS (ENST00000604194.1)	5220	ENST00000416554.1	ENSG00000235131	ENST00000416554			TP73-AS2			lncRNA
chr10-57	chr10	28303165	28303427	+	1	NA	promoter-TSS (ENST00000634334.1)	lncRNA-promoter-TSS (ENST00000634334.1)	-4	ENST00000634334.1	ENSG00000282996	ENST00000634334			MPP7-DT			lncRNA
chr2-826	chr2	189674248	189674510	+	1	NA	promoter-TSS (ENST00000441800.5)	protein_coding-promoter-TSS (ENST00000441800.5)	89	ENST00000441800.5	ENSG00000151687	ENST00000684021			ANKAR			protein_coding
chr10-129	chr10	96513731	96513993	+	1	NA	promoter-TSS (ENST00000357947.4)	protein_coding-promoter-TSS (ENST00000357947.4)	56	ENST00000469598.1	ENSG00000095587	ENST00000506028			TLL2			protein_coding
chr9-61	chr9	136693743	136694005	+	1	NA	Intergenic	Intergenic	-6417	ENST00000371696.7	ENSG00000169692	ENST00000470861			AGPAT2			protein_coding
chr17-698	chr17	74982191	74982453	+	1	NA	Intergenic	Intergenic	-5310	ENST00000337231.5	ENSG00000109089	ENST00000337231			CDR2L			protein_coding
chr3-32	chr3	119463537	119463799	+	1	NA	promoter-TSS (ENST00000319172.10)	protein_coding-promoter-TSS (ENST00000319172.10)	-3	ENST00000468676.5	ENSG00000176142	ENST00000491685			TMEM39A			protein_coding
chr7-19	chr7	2689158	2689420	+	1	NA	intron (ENST00000683327.1, intron 1 of 6)	protein_coding-intron (ENST00000312371.8, intron 1 of 6)	1087	ENST00000407112.1	ENSG00000174945	ENST00000683327			AMZ1			protein_coding
chr20-36	chr20	47204394	47204656	+	1	NA	Intergenic	Intergenic	37558	ENST00000584070.1	ENSG00000264901	ENST00000584070			MIR3616			miRNA
chr7-133	chr7	2558837	2559099	+	1	NA	promoter-TSS (ENST00000325979.11)	protein_coding-promoter-TSS (ENST00000325979.11)	-4	ENST00000623361.3	ENSG00000106012	ENST00000325997			IQCE			protein_coding
chr16-107	chr16	74607260	74607522	+	1	NA	promoter-TSS (ENST00000205061.9)	protein_coding-promoter-TSS (ENST00000205061.9)	-247	ENST00000627032.2	ENSG00000090863	ENST00000422840			GLG1			protein_coding
chr6-19	chr6	152302078	152302340	+	1	NA	promoter-TSS (ENST00000489156.1)	protein_coding-promoter-TSS (ENST00000489156.1)	60	ENST00000489156.1	ENSG00000131018	ENST00000684643			SYNE1			protein_coding
chr14-223	chr14	103333714	103333976	+	1	NA	promoter-TSS (ENST00000216554.8)	protein_coding-promoter-TSS (ENST00000216554.8)	301	ENST00000560877.5	ENSG00000100664	ENST00000558316			EIF5			protein_coding
chr2-1146	chr2	225843034	225843296	+	1	NA	Intergenic	Intergenic	81606	ENST00000624730.1	ENSG00000279015	ENST00000624730			ENSG00000279015			TEC
chr2-307	chr2	240893356	240893618	+	1	NA	intron (ENST00000388934.5, intron 1 of 4)	protein_coding-intron (ENST00000388934.5, intron 1 of 4)	-1449	ENST00000307486.12	ENSG00000172478	ENST00000402775			MAB21L4			protein_coding
chr5-603	chr5	172355111	172355373	+	1	NA	intron (ENST00000519643.5, intron 8 of 12)	protein_coding-intron (ENST00000311601.6, intron 8 of 12)	-4856	ENST00000518522.5	ENSG00000174705	ENST00000518522			SH3PXD2B			protein_coding
chr20-877	chr20	44966081	44966343	+	1	NA	promoter-TSS (ENST00000372801.5)	protein_coding-promoter-TSS (ENST00000372801.5)	190	ENST00000434401.1	ENSG00000227477	ENST00000445571			STK4-DT			lncRNA
chr21-41	chr21	17454601	17454863	+	1	NA	Intergenic	Intergenic	12951	ENST00000613691.1	ENSG00000232560	ENST00000440664			LINC01549			lncRNA
chr6-166	chr6	125154787	125155049	+	1	NA	intron (ENST00000534199.5, intron 1 of 4)	protein_coding-intron (ENST00000304877.17, intron 1 of 7)	537	ENST00000534199.5	ENSG00000111907	ENST00000527711			TPD52L1			protein_coding
chr9-188	chr9	33221356	33221618	+	1	NA	intron (ENST00000379725.5, intron 2 of 4)	protein_coding-intron (ENST00000379725.5, intron 2 of 4)	3122	ENST00000379725.5	ENSG00000122711	ENST00000379721			SPINK4			protein_coding
chr12-703	chr12	54294215	54294477	+	1	NA	intron (ENST00000553198.1, intron 2 of 2)	protein_coding-intron (ENST00000312156.8, intron 2 of 2)	1412	ENST00000540264.2	ENSG00000123405	ENST00000312156			NFE2			protein_coding
chr3-29	chr3	50268882	50269144	+	1	NA	promoter-TSS (ENST00000433753.4)	protein_coding-promoter-TSS (ENST00000433753.4)	-134	ENST00000616701.5	ENSG00000012171	ENST00000616701			SEMA3B			protein_coding
chr1-62	chr1	112904248	112904510	+	1	NA	Intergenic	Intergenic	-13457	ENST00000416137.1	ENSG00000228040	ENST00000416137			ENSG00000228040			processed_pseudogene
chr7-214	chr7	143901923	143902185	+	1	NA	promoter-TSS (ENST00000355951.2)	protein_coding-promoter-TSS (ENST00000355951.2)	72	ENST00000355951.2	ENSG00000198420	ENST00000479870			TCAF1			protein_coding
chr12-58	chr12	50773769	50774031	+	1	NA	intron (ENST00000552487.1, intron 1 of 5)	protein_coding-intron (ENST00000262053.8, intron 1 of 6)	9391	ENST00000552487.1	ENSG00000123268	ENST00000552487			ATF1			protein_coding
chr20-62	chr20	47792151	47792413	+	1	NA	Intergenic	Intergenic	-5666	ENST00000484875.5	ENSG00000196562	ENST00000433632			SULF2			protein_coding
chr7-318	chr7	155644609	155644871	+	1	NA	promoter-TSS (ENST00000392759.7)	protein_coding-promoter-TSS (ENST00000392759.7)	38	ENST00000392759.7	ENSG00000184863	ENST00000392759			RBM33			protein_coding
chr17-1	chr17	61231019	61231281	+	1	NA	intron (ENST00000587294.5, intron 1 of 4)	protein_coding-intron (ENST00000390652.9, intron 23 of 24)	-14066	ENST00000592702.5	ENSG00000141376	ENST00000586241			BCAS3			protein_coding
chr4-64	chr4	26583882	26584144	+	1	NA	promoter-TSS (ENST00000264866.9)	protein_coding-promoter-TSS (ENST00000264866.9)	-71	ENST00000502873.5	ENSG00000109680	ENST00000264866			TBC1D19			protein_coding
chr10-69	chr10	127013776	127014038	+	1	NA	intron (ENST00000599979.5, intron 4 of 4)	protein_coding-intron (ENST00000280333.9, intron 12 of 51)	12515	ENST00000601242.5	ENSG00000223528	ENST00000595456			ENSG00000223528			lncRNA
chr2-303	chr2	218568133	218568395	+	1	NA	promoter-TSS (ENST00000258399.8)	protein_coding-promoter-TSS (ENST00000258399.8)	27	ENST00000418019.5	ENSG00000135913	ENST00000466523			USP37			protein_coding
chr8-148	chr8	121150910	121151172	+	1	NA	Intergenic	Intergenic	-37122	ENST00000604710.1	ENSG00000271219	ENST00000604710			ENSG00000271219			processed_pseudogene
chr3-2	chr3	170222021	170222283	+	1	NA	promoter-TSS (ENST00000295797.5)	protein_coding-promoter-TSS (ENST00000295797.5)	-272	ENST00000295797.5	ENSG00000163558	ENST00000295797			PRKCI			protein_coding
chr6-689	chr6	85678934	85679196	+	1	NA	promoter-TSS (ENST00000369605.9)	lncRNA-promoter-TSS (ENST00000369605.9)	-133	ENST00000670094.1	ENSG00000203875	ENST00000671650			SNHG5			lncRNA
chr4-16	chr4	3111616	3111878	+	1	NA	intron (ENST00000681528.1, intron 6 of 67)	protein_coding-intron (ENST00000355072.11, intron 6 of 66)	-1117	ENST00000648150.1	ENSG00000197386	ENST00000513639			HTT			protein_coding
chr12-189	chr12	4320769	4321031	+	1	NA	promoter-TSS (ENST00000179259.6)	protein_coding-promoter-TSS (ENST00000179259.6)	-313	ENST00000179259.6	ENSG00000078237	ENST00000179259			TIGAR			protein_coding
chr14-447	chr14	79343021	79343283	+	1	NA	intron (ENST00000556003.1, intron 1 of 3)	protein_coding-intron (ENST00000281127.11, intron 1 of 5)	29101	ENST00000556003.1	ENSG00000021645	ENST00000557081			NRXN3			protein_coding
chr8-413	chr8	125477065	125477327	+	1	NA	intron (ENST00000522815.1, intron 2 of 3)	lncRNA-intron (ENST00000522815.1, intron 2 of 3)	-9484	ENST00000521991.2	ENSG00000253111	ENST00000521991			TRIB1AL			lncRNA
chr2-302	chr2	218406496	218406758	+	1	NA	TTS (ENST00000273062.7)	protein_coding-TTS (ENST00000273062.7)	3981	ENST00000362251.4	ENSG00000199121	ENST00000362251			MIR26B			miRNA
chr3-129	chr3	127113144	127113406	+	1	NA	Intergenic	Intergenic	-79856	ENST00000624688.2	ENSG00000214324	ENST00000624688			PRR23E			protein_coding
chr13-7	chr13	33388292	33388554	+	1	NA	intron (ENST00000454681.2, intron 3 of 5)	lncRNA-intron (ENST00000454681.2, intron 3 of 5)	-37793	ENST00000567873.2	ENSG00000133121	ENST00000567873			STARD13			protein_coding
chr2-17	chr2	232611473	232611735	+	1	NA	exon (ENST00000596622.1, exon 2 of 4)	lncRNA-exon (ENST00000596622.1, exon 2 of 4)	194	ENST00000595732.5	ENSG00000237126	ENST00000600865			ENSG00000237126			lncRNA
chr2-160	chr2	227325025	227325287	+	1	NA	promoter-TSS (ENST00000304593.14)	protein_coding-promoter-TSS (ENST00000304593.14)	5	ENST00000423098.5	ENSG00000168958	ENST00000337110			MFF			protein_coding
chr17-2693	chr17	80817841	80818103	+	1	NA	intron (ENST00000697423.1, intron 7 of 33)	protein_coding-intron (ENST00000306801.8, intron 7 of 33)	8928	ENST00000655216.1	ENSG00000287403	ENST00000655216			ENSG00000287403			lncRNA
chr15-30	chr15	83210704	83210966	+	1	NA	intron (ENST00000565495.1, intron 1 of 1)	lncRNA-intron (ENST00000565495.1, intron 1 of 1)	-3012	ENST00000299633.7	ENSG00000166503	ENST00000563404			HDGFL3			protein_coding
chr4-33	chr4	99563604	99563866	+	1	NA	promoter-TSS (ENST00000273962.7)	protein_coding-promoter-TSS (ENST00000273962.7)	-5	ENST00000455368.6	ENSG00000145331	ENST00000515831			TRMT10A			protein_coding
chr5-26	chr5	40679079	40679341	+	1	NA	promoter-TSS (ENST00000302472.4)	protein_coding-promoter-TSS (ENST00000302472.4)	95	ENST00000686725.1	ENSG00000289540	ENST00000686725			ENSG00000289540			lncRNA
chr12-98	chr12	53501452	53501714	+	1	NA	promoter-TSS (ENST00000394357.6)	protein_coding-promoter-TSS (ENST00000394357.6)	-8	ENST00000602306.2	ENSG00000270175	ENST00000602306			ENSG00000270175			lncRNA
chr19-49	chr19	883855	884117	+	1	NA	intron (ENST00000607471.5, intron 2 of 9)	protein_coding-intron (ENST00000312090.10, intron 6 of 15)	1923	ENST00000607471.5	ENSG00000175221	ENST00000325464			MED16			protein_coding
chr20-876	chr20	43513959	43514221	+	1	NA	promoter-TSS (ENST00000373134.5)	protein_coding-promoter-TSS (ENST00000373134.5)	135	ENST00000647860.1	ENSG00000185513	ENST00000650484			L3MBTL1			protein_coding
chr3-180	chr3	23916937	23917199	+	1	NA	promoter-TSS (ENST00000307839.10)	protein_coding-promoter-TSS (ENST00000307839.10)	-64	ENST00000413699.7	ENSG00000174748	ENST00000643707			RPL15			protein_coding
chr19-86	chr19	48468730	48468992	+	1	NA	promoter-TSS (ENST00000325139.9)	protein_coding-promoter-TSS (ENST00000325139.9)	-347	ENST00000427476.4	ENSG00000105443	ENST00000391881			CYTH2			protein_coding
chr1-176	chr1	202143037	202143299	+	1	NA	intron (ENST00000614750.1, intron 1 of 5)	protein_coding-intron (ENST00000272217.7, intron 1 of 6)	1569	ENST00000272217.7	ENSG00000143862	ENST00000272217			ARL8A			protein_coding
chr18-77	chr18	5237672	5237934	+	1	NA	promoter-TSS (ENST00000577439.2)	lncRNA-promoter-TSS (ENST00000577439.2)	-23	ENST00000581471.3	ENSG00000263753	ENST00000660030			LINC00667			lncRNA
chr22-12	chr22	20117334	20117596	+	1	NA	promoter-TSS (ENST00000252136.12)	protein_coding-promoter-TSS (ENST00000252136.12)	-40	ENST00000331821.8	ENSG00000099901	ENST00000418705			RANBP1			protein_coding
chr9-41	chr9	107541578	107541840	+	1	NA	Intergenic	Intergenic	1907	ENST00000422463.1	ENSG00000227350	ENST00000422463			PPIAP88			processed_pseudogene
chr17-2302	chr17	73795664	73795926	+	1	NA	intron (ENST00000669327.1, intron 2 of 2)	lncRNA-intron (ENST00000321800.11, intron 2 of 3)	6549	ENST00000656457.1	ENSG00000234721	ENST00000667712			LINC02092			lncRNA
chr16-162	chr16	57535919	57536181	+	1	NA	intron (ENST00000258214.3, intron 1 of 8)	protein_coding-intron (ENST00000258214.3, intron 1 of 8)	521	ENST00000258214.3	ENSG00000135736	ENST00000258214			CCDC102A			protein_coding
chr9-81	chr9	135961360	135961622	+	1	NA	promoter-TSS (ENST00000371756.4)	protein_coding-promoter-TSS (ENST00000371756.4)	-118	ENST00000371756.4	ENSG00000130560	ENST00000486258			UBAC1			protein_coding
chr12-19	chr12	54304282	54304544	+	1	NA	intron (ENST00000548076.5, intron 1 of 3)	protein_coding-intron (ENST00000548076.5, intron 1 of 3)	3193	ENST00000548076.5	ENSG00000111481	ENST00000549043			COPZ1			protein_coding
chr6-359	chr6	26204845	26205107	+	1	NA	TTS (ENST00000615164.3)	protein_coding-TTS (ENST00000615164.3)	366	ENST00000615164.3	ENSG00000276966	ENST00000615164			H4C5			protein_coding
chr22-17	chr22	26483707	26483969	+	1	NA	promoter-TSS (ENST00000215917.11)	protein_coding-promoter-TSS (ENST00000215917.11)	-1	ENST00000466781.5	ENSG00000100099	ENST00000699233			HPS4			protein_coding
chr16-239	chr16	29996051	29996313	+	1	NA	promoter-TSS (ENST00000279392.8)	protein_coding-promoter-TSS (ENST00000279392.8)	-28	ENST00000620599.4	ENSG00000169592	ENST00000567065			INO80E			protein_coding
chr15-231	chr15	62897000	62897262	+	1	NA	intron (ENST00000557900.1, intron 1 of 1)	lncRNA-intron (ENST00000557900.1, intron 1 of 1)	1319	ENST00000557900.1	ENSG00000259727	ENST00000557900			ENSG00000259727			lncRNA
chr21-14	chr21	46116930	46117192	+	1	NA	intron (ENST00000485591.1, intron 6 of 6)	protein_coding-intron (ENST00000300527.9, intron 10 of 27)	3444	ENST00000485591.1	ENSG00000142173	ENST00000409416			COL6A2			protein_coding
chr14-65	chr14	94081152	94081414	+	1	NA	promoter-TSS (ENST00000393115.7)	protein_coding-promoter-TSS (ENST00000393115.7)	-18	ENST00000553350.5	ENSG00000165948	ENST00000554166			IFI27L1			protein_coding
chr5-479	chr5	1864852	1865114	+	1	NA	Intergenic	Intergenic	-5093	ENST00000623526.1	ENSG00000279222	ENST00000623526			ENSG00000279222			TEC
chr14-101	chr14	77097998	77098260	+	1	NA	promoter-TSS (ENST00000361786.7)	protein_coding-promoter-TSS (ENST00000361786.7)	3	ENST00000555437.5	ENSG00000198894	ENST00000555200			CIPC			protein_coding
chr15-79	chr15	50854716	50854978	+	1	NA	intron (ENST00000613161.4, intron 3 of 4)	lncRNA-intron (ENST00000613161.4, intron 3 of 4)	6084	ENST00000619889.1	ENSG00000273674	ENST00000655436			ENSG00000273674			lncRNA
chr10-92	chr10	44173676	44173938	+	1	NA	Intergenic	Intergenic	88006	ENST00000437014.1	ENSG00000237590	ENST00000437014			LINC03089			lncRNA
chr11-104	chr11	46700557	46700819	+	1	NA	promoter-TSS (ENST00000311764.3)	protein_coding-promoter-TSS (ENST00000311764.3)	-69	ENST00000311956.9	ENSG00000175220	ENST00000311956			ARHGAP1			protein_coding
chr3-473	chr3	72628103	72628365	+	1	NA	Intergenic	Intergenic	44864	ENST00000483483.1	ENSG00000239568	ENST00000483483			MTCO3P47			processed_pseudogene
chr11-23	chr11	86499809	86500071	+	1	NA	intron (ENST00000543262.6, intron 5 of 14)	protein_coding-intron (ENST00000323418.10, intron 5 of 8)	-1816	ENST00000525957.1	ENSG00000151376	ENST00000543262			ME3			protein_coding
chr17-1155	chr17	5419836	5420098	+	1	NA	promoter-TSS (ENST00000225696.9)	protein_coding-promoter-TSS (ENST00000225696.9)	-30	ENST00000700547.1	ENSG00000108559	ENST00000700540			NUP88			protein_coding
chr4-84	chr4	2843663	2843925	+	1	NA	promoter-TSS (ENST00000264758.11)	protein_coding-promoter-TSS (ENST00000264758.11)	-50	ENST00000683351.1	ENSG00000087274	ENST00000503455			ADD1			protein_coding
chr6-100	chr6	31197871	31198133	+	1	NA	promoter-TSS (ENST00000414008.3)	lncRNA-promoter-TSS (ENST00000414008.3)	35	ENST00000606367.1	ENSG00000272501	ENST00000606367			ENSG00000272501			lncRNA
chr20-1692	chr20	57794980	57795242	+	1	NA	Intergenic	Intergenic	-83575	ENST00000472841.1	ENSG00000124225	ENST00000265626			PMEPA1			protein_coding
chr20-18	chr20	63658215	63658477	+	1	NA	promoter-TSS (ENST00000318100.9)	protein_coding-promoter-TSS (ENST00000318100.9)	-14	ENST00000356810.5	ENSG00000258366	ENST00000684971			RTEL1			protein_coding
chr19-395	chr19	46617042	46617304	+	1	NA	Intergenic	Intergenic	-6394	ENST00000597609.1	ENSG00000269292	ENST00000597609			ENSG00000269292			lncRNA
chr11-22	chr11	67373592	67373854	+	1	NA	promoter-TSS (ENST00000312438.8)	protein_coding-promoter-TSS (ENST00000312438.8)	-125	ENST00000312438.8	ENSG00000175505	ENST00000312438			CLCF1			protein_coding
chr3-472	chr3	71583564	71583826	+	1	NA	promoter-TSS (ENST00000327590.9)	protein_coding-promoter-TSS (ENST00000327590.9)	3	ENST00000327590.9	ENSG00000114861	ENST00000497553			FOXP1			protein_coding
chr6-510	chr6	108156102	108156364	+	1	NA	exon (ENST00000426008.1, exon 2 of 2)	lncRNA-exon (ENST00000426008.1, exon 2 of 2)	3939	ENST00000699583.1	ENSG00000081087	ENST00000193322			OSTM1			protein_coding
chr19-337	chr19	53869519	53869781	+	1	NA	promoter-TSS (ENST00000414489.1)	protein_coding-promoter-TSS (ENST00000414489.1)	-115	ENST00000414489.1	ENSG00000179820	ENST00000439000			MYADM			protein_coding
chr7-362	chr7	102004238	102004500	+	1	NA	intron (ENST00000606749.1, intron 1 of 4)	protein_coding-intron (ENST00000292535.12, intron 2 of 23)	44253	ENST00000606640.1	ENSG00000272219	ENST00000606640			ENSG00000272219			lncRNA
chr10-3	chr10	94545571	94545833	+	1	NA	promoter-TSS (ENST00000348459.10)	protein_coding-promoter-TSS (ENST00000348459.10)	-66	ENST00000698672.1	ENSG00000119969	ENST00000698674			HELLS			protein_coding
chr1-82	chr1	201170667	201170929	+	1	NA	intron (ENST00000367333.6, intron 1 of 5)	protein_coding-intron (ENST00000367333.6, intron 1 of 5)	776	ENST00000367333.6	ENSG00000116857	ENST00000367334			TMEM9			protein_coding
chr17-533	chr17	78996113	78996375	+	1	NA	promoter-TSS (ENST00000588096.1)	protein_coding-promoter-TSS (ENST00000588096.1)	-995	ENST00000588096.1	ENSG00000171302	ENST00000392446			CANT1			protein_coding
chr7-100	chr7	65475785	65476047	+	1	NA	Intergenic	Intergenic	12845	ENST00000453648.1	ENSG00000238124	ENST00000453648			ENSG00000238124			lncRNA
chr1-42	chr1	161083544	161083806	+	1	NA	promoter-TSS (ENST00000447167.1)	lncRNA-promoter-TSS (ENST00000447167.1)	-790	ENST00000447167.1	ENSG00000228917	ENST00000447167			NECTIN4-AS1			lncRNA
chr7-15	chr7	159015493	159015755	+	1	NA	intron (ENST00000447563.5, intron 1 of 3)	lncRNA-intron (ENST00000438049.5, intron 1 of 4)	-1784	ENST00000413238.1	ENSG00000231419	ENST00000447563			LINC00689			lncRNA
chr2-106	chr2	96888530	96888792	+	1	NA	intron (ENST00000494172.1, intron 2 of 3)	protein_coding-intron (ENST00000393526.6, intron 2 of 4)	6481	ENST00000470789.5	ENSG00000168754	ENST00000494172			FAM178B			protein_coding
chr6-15	chr6	37473418	37473680	+	1	NA	promoter-TSS (ENST00000475364.1)	protein_coding-promoter-TSS (ENST00000475364.1)	-19	ENST00000475364.1	ENSG00000137200	ENST00000475364			CMTR1			protein_coding
chr3-477	chr3	119498224	119498486	+	1	NA	promoter-TSS (ENST00000264244.7)	protein_coding-promoter-TSS (ENST00000264244.7)	-174	ENST00000609598.1	ENSG00000272662	ENST00000609598			TIMMDC1-DT			lncRNA
chr1-190	chr1	151511744	151512006	+	1	NA	intron (ENST00000271636.12, intron 1 of 20)	protein_coding-intron (ENST00000271636.12, intron 1 of 20)	488	ENST00000427934.2	ENSG00000143375	ENST00000467998			CGN			protein_coding
chr11-27	chr11	17238555	17238817	+	1	NA	intron (ENST00000528644.5, intron 1 of 2)	protein_coding-intron (ENST00000528644.5, intron 1 of 2)	10407	ENST00000494359.1	ENSG00000197149	ENST00000494359			ENSG00000197149			processed_pseudogene
chr14-451	chr14	89041203	89041465	+	1	NA	Intergenic	Intergenic	27948	ENST00000637466.1	ENSG00000283627	ENST00000637466			ENSG00000283627			lncRNA
chr12-24	chr12	53230571	53230833	+	1	NA	TTS (ENST00000552901.1)	protein_coding-TTS (ENST00000552901.1)	1486	ENST00000549859.1	ENSG00000172819	ENST00000548284			RARG			protein_coding
chr16-106	chr16	69339507	69339769	+	1	NA	promoter-TSS (ENST00000254940.10)	protein_coding-promoter-TSS (ENST00000254940.10)	-55	ENST00000562081.2	ENSG00000213380	ENST00000564419			COG8			protein_coding
chr1-242	chr1	164748630	164748892	+	1	NA	intron (ENST00000699847.1, intron 1 of 7)	protein_coding-intron (ENST00000340699.7, intron 3 of 3)	-24151	ENST00000558837.5	ENSG00000185630	ENST00000560469			PBX1			protein_coding
chr19-110	chr19	40570612	40570874	+	1	NA	promoter-TSS (ENST00000593816.1)	protein_coding-promoter-TSS (ENST00000593816.1)	-296	ENST00000599926.5	ENSG00000160460	ENST00000392023			SPTBN4			protein_coding
chr2-291	chr2	138060415	138060677	+	1	NA	Intergenic	Intergenic	-41332	ENST00000446520.2	ENSG00000224231	ENST00000446520			LINC01832			lncRNA
chr1-6	chr1	234373427	234373689	+	1	NA	promoter-TSS (ENST00000366612.1)	protein_coding-promoter-TSS (ENST00000366612.1)	90	ENST00000619305.1	ENSG00000168275	ENST00000366615			COA6			protein_coding
chr19-108	chr19	32702154	32702416	+	1	NA	intron (ENST00000397061.4, intron 1 of 2)	protein_coding-intron (ENST00000397061.4, intron 1 of 2)	-8756	ENST00000702711.1	ENSG00000290058	ENST00000702711			ENSG00000290058			lncRNA
chr11-69	chr11	67288461	67288723	+	1	NA	promoter-TSS (ENST00000308440.11)	protein_coding-promoter-TSS (ENST00000308440.11)	-708	ENST00000512101.5	ENSG00000172932	ENST00000513750			ANKRD13D			protein_coding
chr9-59	chr9	127937745	127938007	+	1	NA	promoter-TSS (ENST00000314392.13)	protein_coding-promoter-TSS (ENST00000314392.13)	-7	ENST00000587978.5	ENSG00000227218	ENST00000591408			ENSG00000227218			lncRNA
chr14-1	chr14	91127498	91127760	+	1	NA	intron (ENST00000521064.5, intron 1 of 4)	protein_coding-intron (ENST00000256324.15, intron 1 of 13)	1204	ENST00000408175.1	ENSG00000221102	ENST00000408175			SNORA11B			snoRNA
chr2-46	chr2	55419742	55420004	+	1	NA	promoter-TSS (ENST00000263630.13)	protein_coding-promoter-TSS (ENST00000263630.13)	5	ENST00000642200.1	ENSG00000115355	ENST00000645477			CCDC88A			protein_coding
chr6-60	chr6	33983121	33983383	+	1	NA	Intergenic	Intergenic	16799	ENST00000408770.1	ENSG00000221697	ENST00000408770			MIR1275			miRNA
chr7-60	chr7	97872180	97872442	+	1	NA	promoter-TSS (ENST00000394308.8)	protein_coding-promoter-TSS (ENST00000394308.8)	83	ENST00000455086.5	ENSG00000070669	ENST00000437628			ASNS			protein_coding
chr7-329	chr7	4775461	4775723	+	1	NA	promoter-TSS (ENST00000477680.6)	protein_coding-promoter-TSS (ENST00000477680.6)	-23	ENST00000647984.1	ENSG00000242802	ENST00000648765			AP5Z1			protein_coding
chr8-553	chr8	8740946	8741208	+	1	NA	intron (ENST00000522213.5, intron 3 of 3)	lncRNA-intron (ENST00000522213.5, intron 3 of 3)	-21541	ENST00000641764.1	ENSG00000284717	ENST00000641764			ENSG00000284717			unitary_pseudogene
chr5-215	chr5	139662682	139662944	+	1	NA	intron (ENST00000509238.1, intron 1 of 1)	protein_coding-intron (ENST00000302517.8, intron 1 of 2)	3258	ENST00000509238.1	ENSG00000171604	ENST00000509238			CXXC5			protein_coding
chr21-62	chr21	42086287	42086549	+	1	NA	intron (ENST00000497243.5, intron 1 of 4)	protein_coding-intron (ENST00000400421.6, intron 1 of 6)	1115	ENST00000468982.5	ENSG00000177398	ENST00000408989			UMODL1			protein_coding
chr15-571	chr15	92694055	92694317	+	1	NA	intron (ENST00000557398.2, intron 2 of 3)	protein_coding-intron (ENST00000557398.2, intron 2 of 3)	-17622	ENST00000431116.2	ENSG00000253954	ENST00000431116			HMGN1P38			processed_pseudogene
chr2-86	chr2	45611165	45611427	+	1	NA	promoter-TSS (ENST00000263736.5)	protein_coding-promoter-TSS (ENST00000263736.5)	-29	ENST00000263736.5	ENSG00000068784	ENST00000490133			SRBD1			protein_coding
chr3-22	chr3	133943636	133943898	+	1	NA	intron (ENST00000493729.5, intron 9 of 12)	protein_coding-intron (ENST00000310926.11, intron 10 of 13)	5449	ENST00000477061.1	ENSG00000174640	ENST00000310926			SLCO2A1			protein_coding
chr1-69	chr1	202810687	202810949	+	1	NA	promoter-TSS (ENST00000417262.5)	lncRNA-promoter-TSS (ENST00000417262.5)	11	ENST00000564127.1	ENSG00000260021	ENST00000564127			ENSG00000260021			lncRNA
chr15-49	chr15	56918467	56918729	+	1	NA	promoter-TSS (ENST00000267811.9)	protein_coding-promoter-TSS (ENST00000267811.9)	-25	ENST00000438423.6	ENSG00000140262	ENST00000560836			TCF12			protein_coding
chr20-1698	chr20	62688842	62689104	+	1	NA	Intergenic	Intergenic	11507	ENST00000435412.1	ENSG00000237687	ENST00000435412			LINC00686			lncRNA
chr1-38	chr1	200908538	200908800	+	1	NA	TTS (ENST00000531649.1)	protein_coding-TTS (ENST00000531649.1)	174	ENST00000526172.1	ENSG00000163362	ENST00000465162			INAVA			protein_coding
chr9-537	chr9	904756	905018	+	1	NA	intron (ENST00000569227.1, intron 3 of 4)	protein_coding-intron (ENST00000382276.8, intron 3 of 4)	62173	ENST00000569227.1	ENSG00000137090	ENST00000564322			DMRT1			protein_coding
chr3-171	chr3	87227128	87227390	+	1	NA	promoter-TSS (ENST00000263780.9)	protein_coding-promoter-TSS (ENST00000263780.9)	-12	ENST00000471660.5	ENSG00000083937	ENST00000678859			CHMP2B			protein_coding
chr14-282	chr14	64503393	64503655	+	1	NA	promoter-TSS (ENST00000553583.1)	protein_coding-promoter-TSS (ENST00000553583.1)	-188	ENST00000556818.1	ENSG00000126804	ENST00000553583			ZBTB1			protein_coding
chr12-180	chr12	101697265	101697527	+	1	NA	promoter-TSS (ENST00000229266.8)	protein_coding-promoter-TSS (ENST00000229266.8)	-244	ENST00000229266.8	ENSG00000111666	ENST00000229266			CHPT1			protein_coding
chr9-5	chr9	137513912	137514174	+	1	NA	intron (ENST00000434090.2, intron 12 of 12)	protein_coding-intron (ENST00000277531.8, intron 11 of 33)	-33316	ENST00000469998.1	ENSG00000130653	ENST00000469998			PNPLA7			protein_coding
chr20-41	chr20	48157975	48158237	+	1	NA	Intergenic	Intergenic	-34260	ENST00000688800.1	ENSG00000289072	ENST00000688800			ENSG00000289072			lncRNA
chr4-71	chr4	139177299	139177561	+	1	NA	promoter-TSS (ENST00000394235.6)	protein_coding-promoter-TSS (ENST00000394235.6)	-26	ENST00000693380.1	ENSG00000288785	ENST00000693380			ENSG00000288785			lncRNA
chr17-192	chr17	61927619	61927881	+	1	NA	promoter-TSS (ENST00000583076.1)	protein_coding-promoter-TSS (ENST00000583076.1)	227	ENST00000646954.1	ENSG00000108506	ENST00000251334			INTS2			protein_coding
chr16-13	chr16	88927133	88927395	+	1	NA	intron (ENST00000563640.1, intron 1 of 2)	protein_coding-intron (ENST00000268679.9, intron 1 of 11)	10492	ENST00000561980.1	ENSG00000261226	ENST00000561980			ENSG00000261226			lncRNA
chr3-118	chr3	108006283	108006545	+	1	NA	Intergenic	Intergenic	31108	ENST00000652445.1	ENSG00000279277	ENST00000652445			ENSG00000279277			lncRNA
chr2-595	chr2	112010896	112011158	+	1	NA	intron (ENST00000439966.5, intron 15 of 18)	protein_coding-intron (ENST00000295408.9, intron 15 of 18)	-8386	ENST00000449344.2	ENSG00000153208	ENST00000295408			MERTK			protein_coding
chr12-54	chr12	75511586	75511848	+	1	NA	promoter-TSS (ENST00000229214.9)	protein_coding-promoter-TSS (ENST00000229214.9)	-81	ENST00000550898.1	ENSG00000111615	ENST00000551070			KRR1			protein_coding
chr7-218	chr7	5423970	5424232	+	1	NA	promoter-TSS (ENST00000399537.8)	protein_coding-promoter-TSS (ENST00000399537.8)	-212	ENST00000702933.1	ENSG00000290091	ENST00000702933			ENSG00000290091			lncRNA
chr3-68	chr3	87367771	87368033	+	1	NA	Intergenic	Intergenic	44634	ENST00000473150.1	ENSG00000239829	ENST00000473150			KRT8P25			processed_pseudogene
chr2-182	chr2	217387967	217388229	+	1	NA	intron (ENST00000676082.1, intron 7 of 9)	lncRNA-intron (ENST00000474063.5, intron 7 of 11)	37424	ENST00000675581.1	ENSG00000231672	ENST00000484635			DIRC3			lncRNA
chr3-332	chr3	149386681	149386943	+	1	NA	TTS (ENST00000484046.1)	lncRNA-TTS (ENST00000484046.1)	-1012	ENST00000462931.1	ENSG00000243885	ENST00000462931			ENSG00000243885			lncRNA
chr19-91	chr19	18764185	18764447	+	1	NA	intron (ENST00000601916.1, intron 7 of 9)	protein_coding-intron (ENST00000321949.13, intron 8 of 13)	21406	ENST00000601916.1	ENSG00000105662	ENST00000321949			CRTC1			protein_coding
chr3-1540	chr3	179261042	179261304	+	1	NA	promoter-TSS (ENST00000498774.1)	processed_pseudogene-promoter-TSS (ENST00000498774.1)	100	ENST00000498774.1	ENSG00000240429	ENST00000498774			LRRFIP1P1			processed_pseudogene
chr10-317	chr10	78973342	78973604	+	1	NA	intron (ENST00000456353.5, intron 5 of 9)	lncRNA-intron (ENST00000456353.5, intron 5 of 9)	-11079	ENST00000428862.5	ENSG00000224596	ENST00000428862			ZMIZ1-AS1			lncRNA
chr11-491	chr11	85207083	85207345	+	1	NA	intron (ENST00000706233.1, intron 3 of 25)	protein_coding-intron (ENST00000376104.7, intron 4 of 27)	-74091	ENST00000527088.2	ENSG00000150672	ENST00000404783			DLG2			protein_coding
chr7-12	chr7	29564758	29565020	+	1	NA	promoter-TSS (ENST00000450427.1)	protein_coding-promoter-TSS (ENST00000450427.1)	-561	ENST00000450427.1	ENSG00000176532	ENST00000319694			PRR15			protein_coding
chr6-490	chr6	43687576	43687838	+	1	NA	promoter-TSS (ENST00000372116.5)	protein_coding-promoter-TSS (ENST00000372116.5)	84	ENST00000372133.8	ENSG00000096080	ENST00000372133			MRPS18A			protein_coding
chr17-1156	chr17	5884420	5884682	+	1	NA	intron (ENST00000573619.1, intron 2 of 4)	lncRNA-intron (ENST00000563763.5, intron 2 of 3)	111625	ENST00000573619.1	ENSG00000285471	ENST00000573619			ENSG00000285471			protein_coding
chr3-39	chr3	150238325	150238587	+	1	NA	promoter-TSS (ENST00000472890.5)	lncRNA-promoter-TSS (ENST00000472890.5)	-63	ENST00000472890.5	ENSG00000244541	ENST00000472890			LINC01213			lncRNA
chr3-333	chr3	150722830	150723092	+	1	NA	TTS (ENST00000670089.1)	lncRNA-TTS (ENST00000670089.1)	-2125	ENST00000474888.1	ENSG00000244668	ENST00000474888			SNRPCP3			processed_pseudogene
chr2-183	chr2	219597628	219597890	+	1	NA	promoter-TSS (ENST00000456857.5)	protein_coding-promoter-TSS (ENST00000456857.5)	-98	ENST00000456909.6	ENSG00000144589	ENST00000447191			STK11IP			protein_coding
chr1-209	chr1	109041921	109042183	+	1	NA	promoter-TSS (ENST00000361054.7)	protein_coding-promoter-TSS (ENST00000361054.7)	23	ENST00000361054.7	ENSG00000085433	ENST00000529074			WDR47			protein_coding
chr1-45	chr1	179017066	179017328	+	1	NA	promoter-TSS (ENST00000690027.2)	lncRNA-promoter-TSS (ENST00000690027.2)	-92	ENST00000690027.2	ENSG00000289432	ENST00000690027			ENSG00000289432			lncRNA
chr11-57	chr11	65497402	65497664	+	1	NA	promoter-TSS (ENST00000534336.3)	lncRNA-promoter-TSS (ENST00000534336.3)	-107	ENST00000534336.3	ENSG00000251562	ENST00000710849			MALAT1			lncRNA
chrX-53	chrX	153636314	153636576	+	1	NA	Intergenic	Intergenic	-6047	ENST00000477033.1	ENSG00000130829	ENST00000477033			DUSP9			protein_coding
chr15-110	chr15	50908170	50908432	+	1	NA	promoter-TSS (ENST00000261842.10)	protein_coding-promoter-TSS (ENST00000261842.10)	296	ENST00000693106.1	ENSG00000273674	ENST00000655436			ENSG00000273674			lncRNA
chr9-74	chr9	137198080	137198342	+	1	NA	intron (ENST00000541945.1, intron 1 of 1)	protein_coding-intron (ENST00000333046.8, intron 1 of 2)	1894	ENST00000333046.8	ENSG00000176058	ENST00000409012			TPRN			protein_coding
chr6-12	chr6	25278937	25279199	+	1	NA	promoter-TSS (ENST00000329474.7)	protein_coding-promoter-TSS (ENST00000329474.7)	-10	ENST00000461945.1	ENSG00000079691	ENST00000700669			CARMIL1			protein_coding
chr11-52	chr11	65781406	65781668	+	1	NA	promoter-TSS (ENST00000532090.3)	protein_coding-promoter-TSS (ENST00000532090.3)	-561	ENST00000532090.3	ENSG00000254470	ENST00000532090			AP5B1			protein_coding
chr14-487	chr14	105467227	105467489	+	1	NA	promoter-TSS (ENST00000426567.5)	protein_coding-promoter-TSS (ENST00000426567.5)	-751	ENST00000426567.5	ENSG00000182979	ENST00000331320			MTA1			protein_coding
chr12-149	chr12	52926199	52926461	+	1	NA	intron (ENST00000546897.5, intron 1 of 8)	protein_coding-intron (ENST00000546826.5, intron 2 of 6)	139	ENST00000552150.5	ENSG00000170421	ENST00000546542			KRT8			protein_coding
chr20-80	chr20	19784025	19784287	+	1	NA	intron (ENST00000412571.1, intron 1 of 2)	protein_coding-intron (ENST00000255006.12, intron 1 of 12)	-15417	ENST00000426012.1	ENSG00000132669	ENST00000432334			RIN2			protein_coding
chr2-202	chr2	177552605	177552867	+	1	NA	promoter-TSS (ENST00000408939.4)	protein_coding-promoter-TSS (ENST00000408939.4)	60	ENST00000408939.4	ENSG00000196659	ENST00000408939			IFT70B			protein_coding
chr12-158	chr12	96316175	96316437	+	1	NA	intron (ENST00000552496.5, intron 3 of 4)	protein_coding-intron (ENST00000261211.8, intron 3 of 16)	-12793	ENST00000364565.1	ENSG00000201435	ENST00000364565			RNU4-24P			snRNA
chr20-553	chr20	3820656	3820918	+	1	NA	exon (ENST00000246041.6, exon 1 of 3)	protein_coding-exon (ENST00000246041.6, exon 1 of 3)	240	ENST00000615891.2	ENSG00000125843	ENST00000379573			AP5S1			protein_coding
chr4-257	chr4	151760841	151761103	+	1	NA	promoter-TSS (ENST00000263985.11)	protein_coding-promoter-TSS (ENST00000263985.11)	-2	ENST00000511538.5	ENSG00000059691	ENST00000507592			GATB			protein_coding
chr3-764	chr3	143971473	143971735	+	1	NA	promoter-TSS (ENST00000315691.8)	protein_coding-promoter-TSS (ENST00000315691.8)	-219	ENST00000315691.8	ENSG00000181744	ENST00000495414			DIPK2A			protein_coding
chr10-130	chr10	100997390	100997652	+	1	NA	promoter-TSS (ENST00000429732.5)	protein_coding-promoter-TSS (ENST00000429732.5)	407	ENST00000489526.1	ENSG00000107816	ENST00000489526			LZTS2			protein_coding
chr5-13	chr5	1316288	1316550	+	1	NA	Intergenic	Intergenic	5410	ENST00000515719.5	ENSG00000049656	ENST00000511268			CLPTM1L			protein_coding
chr10-120	chr10	13718138	13718400	+	1	NA	intron (ENST00000495956.3, intron 12 of 23)	protein_coding-intron (ENST00000264546.10, intron 11 of 16)	7854	ENST00000412388.1	ENSG00000225112	ENST00000412388			ENSG00000225112			lncRNA
chr20-611	chr20	62955875	62956137	+	1	NA	intron (ENST00000411611.1, intron 1 of 2)	protein_coding-intron (ENST00000370349.7, intron 2 of 13)	2960	ENST00000411611.1	ENSG00000101194	ENST00000487303			SLC17A9			protein_coding
chr21-199	chr21	41506921	41507183	+	1	NA	promoter-TSS (ENST00000455813.1)	protein_coding-promoter-TSS (ENST00000455813.1)	-448	ENST00000455813.1	ENSG00000184012	ENST00000676973			TMPRSS2			protein_coding
chr2-187	chr2	11512778	11513040	+	1	NA	intron (ENST00000628795.2, intron 1 of 2)	protein_coding-intron (ENST00000628795.2, intron 1 of 2)	-4488	ENST00000364740.1	ENSG00000201610	ENST00000364740			RNA5SP84			rRNA_pseudogene
chr3-3	chr3	64023366	64023628	+	1	NA	promoter-TSS (ENST00000295901.9)	protein_coding-promoter-TSS (ENST00000295901.9)	-3	ENST00000295901.9	ENSG00000163636	ENST00000497315			PSMD6			protein_coding
chr1-146	chr1	169485784	169486046	+	1	NA	promoter-TSS (ENST00000236137.10)	protein_coding-promoter-TSS (ENST00000236137.10)	16	ENST00000367804.4	ENSG00000117479	ENST00000646596			SLC19A2			protein_coding
chr14-698	chr14	60721597	60721859	+	1	NA	intron (ENST00000554079.1, intron 1 of 3)	protein_coding-intron (ENST00000216513.5, intron 1 of 2)	1437	ENST00000554079.1	ENSG00000100625	ENST00000216513			SIX4			protein_coding
chr18-47	chr18	11849987	11850249	+	1	NA	intron (ENST00000590228.1, intron 3 of 6)	protein_coding-intron (ENST00000269162.9, intron 6 of 12)	-1295	ENST00000526991.3	ENSG00000255112	ENST00000588284			CHMP1B			protein_coding
chr11-179	chr11	61581404	61581666	+	1	NA	promoter-TSS (ENST00000263846.8)	protein_coding-promoter-TSS (ENST00000263846.8)	-387	ENST00000263846.8	ENSG00000011347	ENST00000540677			SYT7			protein_coding
chr11-53	chr11	67027909	67028171	+	1	NA	exon (ENST00000531392.1, exon 1 of 2)	protein_coding-exon (ENST00000531392.1, exon 1 of 2)	480	ENST00000533427.1	ENSG00000173227	ENST00000531392			SYT12			protein_coding
chr8-78	chr8	11730703	11730965	+	1	NA	intron (ENST00000622443.3, intron 3 of 7)	protein_coding-intron (ENST00000335135.8, intron 2 of 6)	-25659	ENST00000526021.1	ENSG00000136574	ENST00000526716			GATA4			protein_coding
chr3-35	chr3	151305170	151305432	+	1	NA	intron (ENST00000260843.5, intron 1 of 2)	protein_coding-intron (ENST00000260843.5, intron 1 of 2)	-10017	ENST00000629077.1	ENSG00000138271	ENST00000260843			GPR87			protein_coding
chr8-111	chr8	23160978	23161240	+	1	NA	intron (ENST00000312584.4, intron 1 of 8)	protein_coding-intron (ENST00000312584.4, intron 1 of 8)	2918	ENST00000312584.4	ENSG00000173530	ENST00000312584			TNFRSF10D			protein_coding
chr1-433	chr1	201469336	201469598	+	1	NA	promoter-TSS (ENST00000367309.1)	protein_coding-promoter-TSS (ENST00000367309.1)	-230	ENST00000367309.1	ENSG00000174307	ENST00000497057			PHLDA3			protein_coding
chr6-80	chr6	106135185	106135447	+	1	NA	intron (ENST00000636335.1, intron 6 of 8)	protein_coding-intron (ENST00000636335.1, intron 6 of 8)	35176	ENST00000602426.1	ENSG00000269919	ENST00000602426			ENSG00000269919			lncRNA
chr1-49	chr1	146035583	146035845	+	1	NA	intron (ENST00000636675.1, intron 1 of 2)	protein_coding-intron (ENST00000636675.1, intron 1 of 2)	1032	ENST00000636675.1	ENSG00000168509	ENST00000336751			HJV			protein_coding
chr11-97	chr11	65498920	65499182	+	1	NA	promoter-TSS (ENST00000508832.3)	lncRNA-promoter-TSS (ENST00000508832.3)	0	ENST00000710856.1	ENSG00000251562	ENST00000710849			MALAT1			lncRNA
chr1-120	chr1	2801639	2801901	+	1	NA	promoter-TSS (ENST00000401095.9)	protein_coding-promoter-TSS (ENST00000401095.9)	-77	ENST00000401095.9	ENSG00000215912	ENST00000401095			TTC34			protein_coding
chr7-80	chr7	2425406	2425668	+	1	NA	intron (ENST00000432336.1, intron 1 of 1)	protein_coding-intron (ENST00000258711.7, intron 1 of 1)	-12226	ENST00000313156.3	ENSG00000136213	ENST00000313156			CHST12			protein_coding
chr15-21	chr15	89115641	89115903	+	1	NA	promoter-TSS (ENST00000562073.1)	protein_coding-promoter-TSS (ENST00000562073.1)	-732	ENST00000562073.1	ENSG00000140526	ENST00000568308			ABHD2			protein_coding
chr22-107	chr22	41446754	41447016	+	1	NA	promoter-TSS (ENST00000327492.4)	protein_coding-promoter-TSS (ENST00000327492.4)	-50	ENST00000700914.1	ENSG00000289841	ENST00000700914			ENSG00000289841			lncRNA
chr8-178	chr8	125091628	125091890	+	1	NA	promoter-TSS (ENST00000287437.8)	protein_coding-promoter-TSS (ENST00000287437.8)	24	ENST00000517845.5	ENSG00000164961	ENST00000523297			WASHC5			protein_coding
chr12-94	chr12	46371269	46371531	+	1	NA	promoter-TSS (ENST00000547252.5)	protein_coding-promoter-TSS (ENST00000547252.5)	33	ENST00000547252.5	ENSG00000134294	ENST00000546520			SLC38A2			protein_coding
chr1-261	chr1	96060610	96060872	+	1	NA	Intergenic	Intergenic	50045	ENST00000631091.1	ENSG00000237435	ENST00000623085			LINC02790			lncRNA
chr1-1017	chr1	18705834	18706096	+	1	NA	intron (ENST00000420770.7, intron 7 of 8)	protein_coding-intron (ENST00000375375.7, intron 7 of 7)	74441	ENST00000400661.3	ENSG00000009709	ENST00000420770			PAX7			protein_coding
chr13-4	chr13	27956919	27957181	+	1	NA	Intergenic	Intergenic	3524	ENST00000567234.1	ENSG00000260704	ENST00000567234			LINC00543			lncRNA
chr2-14	chr2	132416471	132416733	+	1	NA	promoter-TSS (ENST00000329321.4)	protein_coding-promoter-TSS (ENST00000329321.4)	-203	ENST00000329321.4	ENSG00000183840	ENST00000470071			GPR39			protein_coding
chr10-27	chr10	33010200	33010462	+	1	NA	intron (ENST00000700951.1, intron 3 of 3)	lncRNA-intron (ENST00000414157.2, intron 2 of 2)	-4539	ENST00000475184.6	ENSG00000150093	ENST00000678943			ITGB1			protein_coding
chr4-23	chr4	128427947	128428209	+	1	NA	promoter-TSS (ENST00000511497.5)	lncRNA-promoter-TSS (ENST00000511497.5)	8	ENST00000511497.5	ENSG00000251432	ENST00000663973			LINC02615			lncRNA
chr1-8	chr1	163321700	163321962	+	1	NA	promoter-TSS (ENST00000271452.8)	protein_coding-promoter-TSS (ENST00000271452.8)	-39	ENST00000449680.5	ENSG00000232995	ENST00000439699			ENSG00000232995			lncRNA
chr8-185	chr8	11862540	11862802	+	1	NA	intron (ENST00000532656.7, intron 1 of 11)	protein_coding-intron (ENST00000345125.8, intron 1 of 10)	3167	ENST00000678615.1	ENSG00000164733	ENST00000531089			CTSB			protein_coding
chr1-4	chr1	35268636	35268898	+	1	NA	promoter-TSS (ENST00000314607.11)	protein_coding-promoter-TSS (ENST00000314607.11)	58	ENST00000314607.11	ENSG00000146463	ENST00000457946			ZMYM4			protein_coding
chr12-403	chr12	28998657	28998919	+	1	NA	Intergenic	Intergenic	20204	ENST00000614376.1	ENSG00000278687	ENST00000614376			ENSG00000278687			processed_pseudogene
chr10-22	chr10	87862263	87862525	+	1	NA	promoter-TSS (ENST00000688308.1)	protein_coding-promoter-TSS (ENST00000688308.1)	-244	ENST00000688308.1	ENSG00000171862	ENST00000688922			PTEN			protein_coding
chr3-163	chr3	194315623	194315885	+	1	NA	intron (ENST00000670959.1, intron 1 of 4)	lncRNA-intron (ENST00000654752.1, intron 1 of 2)	-2948	ENST00000456816.6	ENSG00000214145	ENST00000414120			LINC00887			lncRNA
chr16-68	chr16	3158793	3159055	+	1	NA	Intergenic	Intergenic	-1441	ENST00000570843.1	ENSG00000261889	ENST00000570843			ENSG00000261889			lncRNA
chr21-18	chr21	41715927	41716189	+	1	NA	promoter-TSS (ENST00000412102.5)	lncRNA-promoter-TSS (ENST00000412102.5)	207	ENST00000658211.1	ENSG00000232401	ENST00000661908			LINC00112			lncRNA
chr10-562	chr10	124619196	124619458	+	1	NA	TTS (ENST00000337318.8)	protein_coding-TTS (ENST00000337318.8)	-4026	ENST00000621254.1	ENSG00000278831	ENST00000621254			ENSG00000278831			lncRNA
chr11-93	chr11	120710473	120710735	+	1	NA	intron (ENST00000638419.1, intron 3 of 20)	protein_coding-intron (ENST00000438375.2, intron 2 of 19)	-90337	ENST00000529735.1	ENSG00000255006	ENST00000529735			ELOCP22			processed_pseudogene
chr11-3	chr11	47355258	47355520	+	1	NA	exon (ENST00000227163.8, exon 5 of 5)	protein_coding-exon (ENST00000227163.8, exon 5 of 5)	-2687	ENST00000399249.6	ENSG00000134571	ENST00000545968			MYBPC3			protein_coding
chr6-341	chr6	3157442	3157704	+	1	NA	promoter-TSS (ENST00000333628.4)	protein_coding-promoter-TSS (ENST00000333628.4)	-29	ENST00000680036.1	ENSG00000137267	ENST00000680967			TUBB2A			protein_coding
chr20-2911	chr20	4136572	4136834	+	1	NA	intron (ENST00000493223.1, intron 1 of 1)	protein_coding-intron (ENST00000493223.1, intron 1 of 1)	-12076	ENST00000621355.4	ENSG00000088826	ENST00000466004			SMOX			protein_coding
chr11-92	chr11	86776318	86776580	+	1	NA	Intergenic	Intergenic	-14610	ENST00000527521.1	ENSG00000150687	ENST00000532234			PRSS23			protein_coding
chr7-40	chr7	64686551	64686813	+	1	NA	exon (ENST00000683492.1, exon 3 of 3)	protein_coding-exon (ENST00000683492.1, exon 3 of 3)	711	ENST00000603878.1	ENSG00000271550	ENST00000603878			BNIP3P11			processed_pseudogene
chr7-259	chr7	73357933	73358195	+	1	NA	intron (ENST00000445032.5, intron 8 of 8)	protein_coding-intron (ENST00000252037.5, intron 8 of 8)	-18864	ENST00000383982.1	ENSG00000206709	ENST00000383982			RNU6-1080P			snRNA
chr12-35	chr12	123075873	123076135	+	1	NA	promoter-TSS (ENST00000541244.1)	protein_coding-promoter-TSS (ENST00000541244.1)	91	ENST00000541244.1	ENSG00000090975	ENST00000541244			PITPNM2			protein_coding
chr2-66	chr2	42494917	42495179	+	1	NA	intron (ENST00000405592.5, intron 1 of 17)	protein_coding-intron (ENST00000405592.5, intron 1 of 17)	479	ENST00000405592.5	ENSG00000057935	ENST00000454356			MTA3			protein_coding
chr6-40	chr6	35259510	35259772	+	1	NA	promoter-TSS (ENST00000339411.5)	protein_coding-promoter-TSS (ENST00000339411.5)	37	ENST00000460229.1	ENSG00000065029	ENST00000484932			ZNF76			protein_coding
chr3-300	chr3	31532057	31532319	+	1	NA	promoter-TSS (ENST00000295770.4)	protein_coding-promoter-TSS (ENST00000295770.4)	231	ENST00000686326.2	ENSG00000288926	ENST00000686326			ENSG00000288926			lncRNA
chr5-153	chr5	113488348	113488610	+	1	NA	promoter-TSS (ENST00000408903.7)	protein_coding-promoter-TSS (ENST00000408903.7)	-26	ENST00000408903.7	ENSG00000171444	ENST00000511847			MCC			protein_coding
chr10-23	chr10	103241634	103241896	+	1	NA	intron (ENST00000675164.1, intron 1 of 19)	protein_coding-intron (ENST00000674696.1, intron 1 of 17)	-4122	ENST00000441178.2	ENSG00000235376	ENST00000441178			RPEL1			protein_coding
chr1-600	chr1	181119402	181119664	+	1	NA	Intergenic	Intergenic	30833	ENST00000367577.7	ENSG00000162783	ENST00000367577			IER5			protein_coding
chr20-14	chr20	48075945	48076207	+	1	NA	Intergenic	Intergenic	2207	ENST00000622092.1	ENSG00000276923	ENST00000622092			LINC03079			lncRNA
chr7-262	chr7	99408510	99408772	+	1	NA	promoter-TSS (ENST00000222969.10)	protein_coding-promoter-TSS (ENST00000222969.10)	0	ENST00000403633.6	ENSG00000106245	ENST00000431419			BUD31			protein_coding
chr9-55	chr9	98142445	98142707	+	1	NA	intron (ENST00000375077.5, intron 2 of 11)	protein_coding-intron (ENST00000343933.9, intron 2 of 11)	-23354	ENST00000341469.7	ENSG00000106785	ENST00000478530			TRIM14			protein_coding
chr19-155	chr19	10653884	10654146	+	1	NA	promoter-TSS (ENST00000407004.8)	protein_coding-promoter-TSS (ENST00000407004.8)	-140	ENST00000591501.2	ENSG00000267100	ENST00000591501			ILF3-DT			lncRNA
chr17-117	chr17	68328895	68329157	+	1	NA	intron (ENST00000621439.5, intron 2 of 11)	protein_coding-intron (ENST00000448504.6, intron 2 of 11)	-17721	ENST00000582154.5	ENSG00000141337	ENST00000582154			ARSG			protein_coding
chr16-270	chr16	78472756	78473018	+	1	NA	intron (ENST00000569332.5, intron 7 of 7)	protein_coding-intron (ENST00000402655.6, intron 4 of 4)	33681	ENST00000563408.1	ENSG00000260733	ENST00000563408			ENSG00000260733			lncRNA
chr16-939	chr16	30761453	30761715	+	1	NA	promoter-TSS (ENST00000324685.11)	protein_coding-promoter-TSS (ENST00000324685.11)	-161	ENST00000563909.5	ENSG00000103549	ENST00000493683			RNF40			protein_coding
chr16-378	chr16	21511720	21511982	+	1	NA	intron (ENST00000654954.1, intron 1 of 1)	lncRNA-intron (ENST00000435197.3, intron 1 of 13)	216	ENST00000654954.1	ENSG00000287809	ENST00000654954			ENSG00000287809			lncRNA
chr2-1048	chr2	127085286	127085548	+	1	NA	intron (ENST00000409400.1, intron 1 of 13)	protein_coding-intron (ENST00000259238.8, intron 1 of 15)	-20489	ENST00000466111.5	ENSG00000136717	ENST00000316724			BIN1			protein_coding
chr3-159	chr3	128942501	128942763	+	1	NA	intron (ENST00000669741.1, intron 1 of 4)	protein_coding-intron (ENST00000511438.5, intron 7 of 7)	2506	ENST00000669741.1	ENSG00000114656	ENST00000510149			CFAP92			protein_coding
chr2-251	chr2	85538632	85538894	+	1	NA	promoter-TSS (ENST00000306434.8)	protein_coding-promoter-TSS (ENST00000306434.8)	20	ENST00000667933.2	ENSG00000286532	ENST00000667933			PARTICL			lncRNA
chrX-78	chrX	48911595	48911857	+	1	NA	promoter-TSS (ENST00000247138.11)	protein_coding-promoter-TSS (ENST00000247138.11)	-49	ENST00000376512.2	ENSG00000102100	ENST00000616181			SLC35A2			protein_coding
chr20-1306	chr20	63091277	63091539	+	1	NA	TTS (ENST00000651861.1)	lncRNA-TTS (ENST00000651861.1)	1327	ENST00000658410.1	ENSG00000231133	ENST00000608031			HAR1B			lncRNA
chr3-88	chr3	157785070	157785332	+	1	NA	Intergenic	Intergenic	145524	ENST00000515942.1	ENSG00000251751	ENST00000515942			RN7SKP46			misc_RNA
chrX-96	chrX	49123717	49123979	+	1	NA	promoter-TSS (ENST00000156109.7)	protein_coding-promoter-TSS (ENST00000156109.7)	-113	ENST00000156109.7	ENSG00000068394	ENST00000156109			GPKOW			protein_coding
chr19-30	chr19	39409485	39409747	+	1	NA	promoter-TSS (ENST00000581459.1)	miRNA-promoter-TSS (ENST00000581459.1)	62	ENST00000581459.1	ENSG00000266559	ENST00000581459			MIR4530			miRNA
chr12-28	chr12	12267060	12267322	+	1	NA	promoter-TSS (ENST00000261349.9)	protein_coding-promoter-TSS (ENST00000261349.9)	-147	ENST00000261349.9	ENSG00000070018	ENST00000545658			LRP6			protein_coding
chr3-48	chr3	163011759	163012021	+	1	NA	Intergenic	Intergenic	-14506	ENST00000490357.1	ENSG00000241168	ENST00000490357			ENSG00000241168			lncRNA
chr17-238	chr17	79993481	79993743	+	1	NA	promoter-TSS (ENST00000571872.1)	protein_coding-promoter-TSS (ENST00000571872.1)	22	ENST00000571872.1	ENSG00000167291	ENST00000571872			TBC1D16			protein_coding
chr2-555	chr2	61905479	61905741	+	1	NA	promoter-TSS (ENST00000311832.6)	protein_coding-promoter-TSS (ENST00000311832.6)	-37	ENST00000445644.5	ENSG00000173163	ENST00000311832			COMMD1			protein_coding
chr16-230	chr16	4585505	4585767	+	1	NA	intron (ENST00000444310.5, intron 7 of 15)	protein_coding-intron (ENST00000444310.5, intron 7 of 15)	-22508	ENST00000564581.1	ENSG00000261612	ENST00000564581			SUB1P3			processed_pseudogene
chr16-338	chr16	31073216	31073478	+	1	NA	promoter-TSS (ENST00000417935.1)	protein_coding-promoter-TSS (ENST00000417935.1)	155	ENST00000394983.6	ENSG00000167394	ENST00000426488			ZNF668			protein_coding
chr5-421	chr5	128083282	128083544	+	1	NA	promoter-TSS (ENST00000262461.7)	protein_coding-promoter-TSS (ENST00000262461.7)	-241	ENST00000654888.1	ENSG00000245937	ENST00000663976			SLC12A2-DT			lncRNA
chr1-343	chr1	37990080	37990342	+	1	NA	promoter-TSS (ENST00000373019.5)	protein_coding-promoter-TSS (ENST00000373019.5)	-136	ENST00000461869.5	ENSG00000183431	ENST00000470585			SF3A3			protein_coding
chr1-466	chr1	65044453	65044715	+	1	NA	intron (ENST00000671954.2, intron 1 of 25)	protein_coding-intron (ENST00000671954.2, intron 1 of 25)	13258	ENST00000580455.1	ENSG00000265996	ENST00000580455			MIR3671			miRNA
chr1-65	chr1	205947052	205947314	+	1	NA	Intergenic	Intergenic	-3723	ENST00000367134.2	ENSG00000174502	ENST00000340781			SLC26A9			protein_coding
chr14-329	chr14	60649058	60649320	+	1	NA	exon (ENST00000645694.3, exon 1 of 2)	protein_coding-exon (ENST00000645694.3, exon 1 of 2)	288	ENST00000645694.3	ENSG00000126778	ENST00000553535			SIX1			protein_coding
chr10-134	chr10	436168	436430	+	1	NA	intron (ENST00000634311.1, intron 5 of 38)	protein_coding-intron (ENST00000280886.12, intron 4 of 36)	-1262	ENST00000425723.2	ENSG00000233021	ENST00000425723			ENSG00000233021			lncRNA
chr2-2	chr2	11539593	11539855	+	1	NA	promoter-TSS (ENST00000263834.9)	protein_coding-promoter-TSS (ENST00000263834.9)	-119	ENST00000263834.9	ENSG00000196208	ENST00000263834			GREB1			protein_coding
chr9-295	chr9	122190704	122190966	+	1	NA	intron (ENST00000536616.5, intron 3 of 3)	protein_coding-intron (ENST00000373764.8, intron 4 of 4)	21174	ENST00000477017.1	ENSG00000185681	ENST00000418632			MORN5			protein_coding
chrX-11	chrX	134373145	134373407	+	1	NA	promoter-TSS (ENST00000332070.7)	protein_coding-promoter-TSS (ENST00000332070.7)	-12	ENST00000685047.1	ENSG00000156531	ENST00000370799			PHF6			protein_coding
chr3-221	chr3	168877845	168878107	+	1	NA	Intergenic	Intergenic	-18846	ENST00000425440.1	ENSG00000231688	ENST00000425440			RPL21P43			processed_pseudogene
chr1-239	chr1	152963059	152963321	+	1	NA	Intergenic	Intergenic	-7458	ENST00000328051.3	ENSG00000184148	ENST00000328051			SPRR4			protein_coding
chr1-315	chr1	150487158	150487420	+	1	NA	promoter-TSS (ENST00000369051.7)	protein_coding-promoter-TSS (ENST00000369051.7)	-125	ENST00000369054.6	ENSG00000143374	ENST00000369051			TARS2			protein_coding
chr5-150	chr5	69492439	69492701	+	1	NA	promoter-TSS (ENST00000396442.7)	protein_coding-promoter-TSS (ENST00000396442.7)	-203	ENST00000681041.1	ENSG00000197822	ENST00000680027			OCLN			protein_coding
chr3-160	chr3	133453058	133453320	+	1	NA	intron (ENST00000510039.1, intron 1 of 3)	protein_coding-intron (ENST00000302334.3, intron 4 of 6)	2587	ENST00000515542.1	ENSG00000249993	ENST00000515542			BFSP2-AS1			lncRNA
chr3-17	chr3	157174908	157175170	+	1	NA	promoter-TSS (ENST00000410743.1)	rRNA_pseudogene-promoter-TSS (ENST00000410743.1)	-160	ENST00000668714.2	ENSG00000243176	ENST00000654819			ENSG00000243176			lncRNA
chr1-381	chr1	204104305	204104567	+	1	NA	intron (ENST00000528591.5, intron 1 of 4)	protein_coding-intron (ENST00000367203.8, intron 1 of 6)	-8480	ENST00000618875.4	ENSG00000143842	ENST00000272193			SOX13			protein_coding
chr19-66	chr19	47515341	47515603	+	1	NA	promoter-TSS (ENST00000263354.8)	protein_coding-promoter-TSS (ENST00000263354.8)	-381	ENST00000597274.5	ENSG00000105402	ENST00000593761			NAPA			protein_coding
chr12-433	chr12	56635073	56635335	+	1	NA	intron (ENST00000550730.1, intron 2 of 4)	protein_coding-intron (ENST00000379441.7, intron 1 of 29)	1114	ENST00000549506.5	ENSG00000076108	ENST00000550730			BAZ2A			protein_coding
chr8-254	chr8	142403220	142403482	+	1	NA	promoter-TSS (ENST00000307180.4)	protein_coding-promoter-TSS (ENST00000307180.4)	-169	ENST00000524325.6	ENSG00000171045	ENST00000518720			TSNARE1			protein_coding
chr2-129	chr2	58046582	58046844	+	1	NA	promoter-TSS (ENST00000340157.9)	protein_coding-promoter-TSS (ENST00000340157.9)	1	ENST00000432057.2	ENSG00000028116	ENST00000428021			VRK2			protein_coding
chr3-302	chr3	32502065	32502327	+	1	NA	intron (ENST00000495177.1, intron 1 of 2)	protein_coding-intron (ENST00000205636.4, intron 1 of 3)	600	ENST00000495177.1	ENSG00000091317	ENST00000205636			CMTM6			protein_coding
chr22-177	chr22	41091377	41091639	+	1	NA	Intergenic	Intergenic	-1005	ENST00000408233.1	ENSG00000284015	ENST00000408233			MIR1281			miRNA
chr18-26	chr18	48896833	48897095	+	1	NA	Intergenic	Intergenic	33218	ENST00000587336.1	ENSG00000101665	ENST00000587336			SMAD7			protein_coding
chr12-135	chr12	56333940	56334202	+	1	NA	promoter-TSS (ENST00000257931.9)	protein_coding-promoter-TSS (ENST00000257931.9)	-18	ENST00000610546.4	ENSG00000135473	ENST00000552868			PAN2			protein_coding
chr1-256	chr1	40097218	40097480	+	1	NA	promoter-TSS (ENST00000372779.9)	protein_coding-promoter-TSS (ENST00000372779.9)	-89	ENST00000449045.7	ENSG00000131238	ENST00000449045			PPT1			protein_coding
chr16-518	chr16	68245127	68245389	+	1	NA	promoter-TSS (ENST00000219345.10)	protein_coding-promoter-TSS (ENST00000219345.10)	-46	ENST00000413021.2	ENSG00000103066	ENST00000566188			PLA2G15			protein_coding
chr1-127	chr1	203267401	203267663	+	1	NA	intron (ENST00000460619.1, intron 1 of 2)	protein_coding-intron (ENST00000460619.1, intron 1 of 2)	5277	ENST00000484834.5	ENSG00000133063	ENST00000484834			CHIT1			protein_coding
chr11-90	chr11	75499709	75499971	+	1	NA	intron (ENST00000529095.1, intron 5 of 7)	protein_coding-intron (ENST00000336898.8, intron 1 of 16)	8551	ENST00000533740.1	ENSG00000254460	ENST00000533740			ENSG00000254460			lncRNA
chr10-124	chr10	32651660	32651922	+	1	NA	intron (ENST00000639629.2, intron 21 of 43)	protein_coding-intron (ENST00000302316.12, intron 2 of 20)	-34228	ENST00000375028.9	ENSG00000216937	ENST00000302316			CCDC7			protein_coding
chr5-28	chr5	19734664	19734926	+	1	NA	intron (ENST00000515257.6, intron 2 of 8)	protein_coding-intron (ENST00000274170.8, intron 2 of 10)	69233	ENST00000508350.1	ENSG00000145526	ENST00000510297			CDH18			protein_coding
chr11-145	chr11	76770927	76771189	+	1	NA	Intergenic	Intergenic	-2436	ENST00000667039.1	ENSG00000254632	ENST00000533437			ENSG00000254632			lncRNA
chr2-233	chr2	226838222	226838484	+	1	NA	intron (ENST00000448992.5, intron 2 of 2)	protein_coding-intron (ENST00000341329.7, intron 1 of 6)	805	ENST00000436481.1	ENSG00000144468	ENST00000436481			RHBDD1			protein_coding
chr19-123	chr19	32692136	32692398	+	1	NA	promoter-TSS (ENST00000592431.3)	lncRNA-promoter-TSS (ENST00000592431.3)	446	ENST00000397061.4	ENSG00000213965	ENST00000397061			NUDT19			protein_coding
chr2-29	chr2	172954146	172954408	+	1	NA	intron (ENST00000535187.5, intron 1 of 24)	protein_coding-intron (ENST00000397081.8, intron 6 of 30)	-10864	ENST00000473182.2	ENSG00000091428	ENST00000464976			RAPGEF4			protein_coding
chr9-97	chr9	135144971	135145233	+	1	NA	Intergenic	Intergenic	39462	ENST00000483042.1	ENSG00000130558	ENST00000539877			OLFM1			protein_coding
chr1-122	chr1	150268902	150269164	+	1	NA	promoter-TSS (ENST00000236017.5)	protein_coding-promoter-TSS (ENST00000236017.5)	-10	ENST00000236017.5	ENSG00000117362	ENST00000486308			APH1A			protein_coding
chr20-302	chr20	19968707	19968969	+	1	NA	intron (ENST00000648440.1, intron 6 of 11)	protein_coding-intron (ENST00000255006.12, intron 7 of 12)	33713	ENST00000484638.1	ENSG00000132669	ENST00000432334			RIN2			protein_coding
chr16-84	chr16	15487819	15488081	+	1	NA	intron (ENST00000570249.5, intron 2 of 4)	protein_coding-intron (ENST00000300006.9, intron 1 of 5)	-14316	ENST00000452191.6	ENSG00000166780	ENST00000452191			BMERB1			protein_coding
chr14-85	chr14	100285723	100285985	+	1	NA	intron (ENST00000553954.1, intron 1 of 1)	lncRNA-intron (ENST00000553954.1, intron 1 of 1)	-5263	ENST00000555428.1	ENSG00000258504	ENST00000556458			ENSG00000258504			lncRNA
chr1-1658	chr1	152164788	152165050	+	1	NA	intron (ENST00000628080.1, intron 1 of 1)	lncRNA-intron (ENST00000628080.1, intron 1 of 1)	-3206	ENST00000593011.5	ENSG00000237975	ENST00000666686			FLG-AS1			lncRNA
chr14-11	chr14	96263881	96264143	+	1	NA	promoter-TSS (ENST00000557122.1)	protein_coding-promoter-TSS (ENST00000557122.1)	342	ENST00000611804.1	ENSG00000100739	ENST00000611804			BDKRB1			protein_coding
chr5-10	chr5	139638370	139638632	+	1	NA	Intergenic	Intergenic	6501	ENST00000606683.1	ENSG00000272255	ENST00000606683			ENSG00000272255			lncRNA
chr1-430	chr1	184755177	184755439	+	1	NA	promoter-TSS (ENST00000318130.13)	protein_coding-promoter-TSS (ENST00000318130.13)	-401	ENST00000367512.8	ENSG00000116406	ENST00000367512			EDEM3			protein_coding
chr4-142	chr4	55346396	55346658	+	1	NA	exon (ENST00000264228.9, exon 1 of 5)	protein_coding-exon (ENST00000264228.9, exon 1 of 5)	115	ENST00000505210.1	ENSG00000128039	ENST00000677217			SRD5A3			protein_coding
chr12-175	chr12	63843727	63843989	+	1	NA	promoter-TSS (ENST00000355086.8)	protein_coding-promoter-TSS (ENST00000355086.8)	97	ENST00000631006.3	ENSG00000196935	ENST00000695902			SRGAP1			protein_coding
chr14-78	chr14	61526541	61526803	+	1	NA	intron (ENST00000557599.5, intron 1 of 4)	protein_coding-intron (ENST00000332981.11, intron 10 of 13)	1020	ENST00000555382.5	ENSG00000027075	ENST00000555082			PRKCH			protein_coding
chr5-51	chr5	172904775	172905037	+	1	NA	promoter-TSS (ENST00000518247.5)	protein_coding-promoter-TSS (ENST00000518247.5)	-311	ENST00000518247.5	ENSG00000113719	ENST00000686955			ERGIC1			protein_coding
chr7-63	chr7	1569992	1570254	+	1	NA	promoter-TSS (ENST00000288607.3)	protein_coding-promoter-TSS (ENST00000288607.3)	-12	ENST00000437964.5	ENSG00000230487	ENST00000437621			PSMG3-AS1			lncRNA
chr12-247	chr12	131872206	131872468	+	1	NA	Intergenic	Intergenic	14917	ENST00000542763.2	ENSG00000256955	ENST00000542763			ENSG00000256955			lncRNA
chr2-114	chr2	3575071	3575333	+	1	NA	promoter-TSS (ENST00000403564.5)	protein_coding-promoter-TSS (ENST00000403564.5)	-58	ENST00000645674.2	ENSG00000171863	ENST00000647131			RPS7			protein_coding
chr13-14	chr13	85586498	85586760	+	1	NA	Intergenic	Intergenic	196574	ENST00000647840.1	ENSG00000285834	ENST00000647840			ENSG00000285834			lncRNA
chr9-113	chr9	120579926	120580188	+	1	NA	promoter-TSS (ENST00000416449.6)	protein_coding-promoter-TSS (ENST00000416449.6)	4	ENST00000472883.2	ENSG00000136861	ENST00000693702			CDK5RAP2			protein_coding
chr19-37	chr19	12722706	12722968	+	1	NA	promoter-TSS (ENST00000356861.9)	protein_coding-promoter-TSS (ENST00000356861.9)	-265	ENST00000592287.5	ENSG00000105576	ENST00000585886			TNPO2			protein_coding
chr6-63	chr6	99568546	99568808	+	1	NA	promoter-TSS (ENST00000326298.8)	protein_coding-promoter-TSS (ENST00000326298.8)	12	ENST00000523541.1	ENSG00000112237	ENST00000482541			CCNC			protein_coding
chr4-276	chr4	6909334	6909596	+	1	NA	promoter-TSS (ENST00000409757.9)	protein_coding-promoter-TSS (ENST00000409757.9)	21	ENST00000448507.5	ENSG00000132405	ENST00000467966			TBC1D14			protein_coding
chr9-112	chr9	113410567	113410829	+	1	NA	promoter-TSS (ENST00000288462.4)	protein_coding-promoter-TSS (ENST00000288462.4)	-23	ENST00000374171.5	ENSG00000148229	ENST00000475080			POLE3			protein_coding
chr2-32	chr2	98483263	98483525	+	1	NA	intron (ENST00000706935.1, intron 1 of 25)	protein_coding-intron (ENST00000409016.8, intron 1 of 25)	-35753	ENST00000463367.1	ENSG00000040933	ENST00000467042			INPP4A			protein_coding
chr16-200	chr16	84806607	84806869	+	1	NA	Intergenic	Intergenic	-13247	ENST00000262424.10	ENSG00000103196	ENST00000569090			CRISPLD2			protein_coding
chr16-308	chr16	89105897	89106159	+	1	NA	intron (ENST00000649953.1, intron 2 of 12)	protein_coding-intron (ENST00000317447.9, intron 4 of 10)	3332	ENST00000543676.1	ENSG00000176715	ENST00000537290			ACSF3			protein_coding
chr2-266	chr2	177263515	177263777	+	1	NA	promoter-TSS (ENST00000423513.6)	protein_coding-promoter-TSS (ENST00000423513.6)	4	ENST00000699297.1	ENSG00000116044	ENST00000699327			NFE2L2			protein_coding
chr11-76	chr11	79060027	79060289	+	1	NA	intron (ENST00000278550.12, intron 6 of 33)	protein_coding-intron (ENST00000278550.12, intron 6 of 33)	16235	ENST00000533038.1	ENSG00000149256	ENST00000529798			TENM4			protein_coding
chr14-555	chr14	74955954	74956216	+	1	NA	promoter-TSS (ENST00000238607.10)	protein_coding-promoter-TSS (ENST00000238607.10)	-459	ENST00000553716.5	ENSG00000119630	ENST00000405431			PGF			protein_coding
chr3-426	chr3	13507754	13508016	+	1	NA	Intergenic	Intergenic	11059	ENST00000495099.2	ENSG00000163517	ENST00000425430			HDAC11			protein_coding
chr17-171	chr17	2011780	2012042	+	1	NA	intron (ENST00000331238.7, intron 1 of 1)	protein_coding-intron (ENST00000331238.7, intron 1 of 1)	-5805	ENST00000572287.1	ENSG00000228133	ENST00000670164			ENSG00000228133			lncRNA
chr14-313	chr14	24333672	24333934	+	1	NA	intron (ENST00000555591.1, intron 2 of 3)	protein_coding-intron (ENST00000310677.8, intron 2 of 25)	944	ENST00000554781.5	ENSG00000129467	ENST00000545213			ADCY4			protein_coding
chr6-260	chr6	57046298	57046560	+	1	NA	promoter-TSS (ENST00000370733.5)	protein_coding-promoter-TSS (ENST00000370733.5)	-103	ENST00000545356.5	ENSG00000168116	ENST00000370733			KIAA1586			protein_coding
chr6-27	chr6	170186675	170186937	+	1	NA	intron (ENST00000701993.1, intron 1 of 2)	lncRNA-intron (ENST00000691159.1, intron 1 of 2)	8125	ENST00000610240.1	ENSG00000273100	ENST00000610240			ENSG00000273100			lncRNA
chr7-27	chr7	32680666	32680928	+	1	NA	intron (ENST00000417811.2, intron 7 of 21)	unprocessed_pseudogene-intron (ENST00000417811.2, intron 7 of 21)	-47772	ENST00000441407.1	ENSG00000237004	ENST00000441407			ZNRF2P1			transcribed_processed_pseudogene
chr19-9	chr19	55216399	55216661	+	1	NA	promoter-TSS (ENST00000585911.1)	lncRNA-promoter-TSS (ENST00000585911.1)	-130	ENST00000585911.1	ENSG00000267649	ENST00000591484			ENSG00000267649			lncRNA
chr19-33	chr19	15418806	15419068	+	1	NA	promoter-TSS (ENST00000397410.10)	protein_coding-promoter-TSS (ENST00000397410.10)	31	ENST00000594893.5	ENSG00000011243	ENST00000596213			AKAP8L			protein_coding
chr7-121	chr7	141738200	141738462	+	1	NA	promoter-TSS (ENST00000265304.11)	protein_coding-promoter-TSS (ENST00000265304.11)	-3	ENST00000612337.4	ENSG00000106028	ENST00000461433			SSBP1			protein_coding
chr6-387	chr6	37164588	37164850	+	1	NA	Intergenic	Intergenic	-5433	ENST00000373509.6	ENSG00000137193	ENST00000479509			PIM1			protein_coding
chr9-325	chr9	79489692	79489954	+	1	NA	Intergenic	Intergenic	17176	ENST00000628133.1	ENSG00000233086	ENST00000424980			LNCARSR			lncRNA
chr19-32	chr19	45817217	45817479	+	1	NA	promoter-TSS (ENST00000598364.1)	protein_coding-promoter-TSS (ENST00000598364.1)	-215	ENST00000598364.1	ENSG00000125755	ENST00000245934			SYMPK			protein_coding
chr1-451	chr1	9893263	9893525	+	1	NA	promoter-TSS (ENST00000377258.5)	protein_coding-promoter-TSS (ENST00000377258.5)	-157	ENST00000377258.5	ENSG00000178585	ENST00000377256			CTNNBIP1			protein_coding
chr20-1568	chr20	37289641	37289903	+	1	NA	intron (ENST00000397150.5, intron 1 of 3)	protein_coding-intron (ENST00000373606.8, intron 1 of 2)	109	ENST00000397152.7	ENSG00000101363	ENST00000397151			MANBAL			protein_coding
chr5-62	chr5	73278794	73279056	+	1	NA	intron (ENST00000692101.1, intron 1 of 5)	lncRNA-intron (ENST00000513280.2, intron 1 of 5)	-12665	ENST00000503403.1	ENSG00000249743	ENST00000427584			ENSG00000249743			lncRNA
chr6-121	chr6	33732073	33732335	+	1	NA	intron (ENST00000634274.1, intron 3 of 3)	protein_coding-intron (ENST00000293756.5, intron 2 of 5)	14644	ENST00000634274.1	ENSG00000161896	ENST00000634274			IP6K3			protein_coding
chr2-872	chr2	240586391	240586653	+	1	NA	promoter-TSS (ENST00000270361.15)	protein_coding-promoter-TSS (ENST00000270361.15)	177	ENST00000567819.1	ENSG00000260942	ENST00000567819			CAPN10-DT			lncRNA
chr3-106	chr3	49939788	49940050	+	1	NA	promoter-TSS (ENST00000266022.9)	protein_coding-promoter-TSS (ENST00000266022.9)	-88	ENST00000442092.5	ENSG00000004534	ENST00000266022			RBM6			protein_coding
chr11-31	chr11	68013315	68013577	+	1	NA	intron (ENST00000619675.4, intron 1 of 8)	protein_coding-intron (ENST00000342456.11, intron 1 of 9)	-1522	ENST00000617449.4	ENSG00000006534	ENST00000612297			ALDH3B1			protein_coding
chr12-428	chr12	55927834	55928096	+	1	NA	promoter-TSS (ENST00000302533.6)	protein_coding-promoter-TSS (ENST00000302533.6)	-71	ENST00000408946.7	ENSG00000170473	ENST00000557259			PYM1			protein_coding
chr21-60	chr21	34734750	34735012	+	1	NA	exon (ENST00000651753.1, exon 3 of 7)	lncRNA-exon (ENST00000651753.1, exon 3 of 7)	2300	ENST00000430635.1	ENSG00000230978	ENST00000430635			LINC00160			lncRNA
chr21-7	chr21	42057066	42057328	+	1	NA	promoter-TSS (ENST00000692249.2)	lncRNA-promoter-TSS (ENST00000692249.2)	-31	ENST00000692249.2	ENSG00000289322	ENST00000692249			ENSG00000289322			lncRNA
chr15-182	chr15	78873418	78873680	+	1	NA	promoter-TSS (ENST00000559158.5)	protein_coding-promoter-TSS (ENST00000559158.5)	-174	ENST00000559690.5	ENSG00000185787	ENST00000559244			MORF4L1			protein_coding
chr6-34	chr6	26123095	26123357	+	1	NA	promoter-TSS (ENST00000314088.6)	protein_coding-promoter-TSS (ENST00000314088.6)	53	ENST00000707189.1	ENSG00000291336	ENST00000707189			ENSG00000291336			TEC
chr11-276	chr11	66744438	66744700	+	1	NA	promoter-TSS (ENST00000524551.5)	protein_coding-promoter-TSS (ENST00000524551.5)	-49	ENST00000524551.5	ENSG00000173715	ENST00000527634			C11orf80			protein_coding
chr7-401	chr7	2863658	2863920	+	1	NA	Intergenic	Intergenic	-19481	ENST00000275364.8	ENSG00000146535	ENST00000491117			GNA12			protein_coding
chr17-48	chr17	59155109	59155371	+	1	NA	promoter-TSS (ENST00000262293.9)	protein_coding-promoter-TSS (ENST00000262293.9)	8	ENST00000581068.5	ENSG00000182628	ENST00000583976			SKA2			protein_coding
chr19-178	chr19	7398886	7399148	+	1	NA	intron (ENST00000594665.2, intron 1 of 19)	protein_coding-intron (ENST00000319670.14, intron 1 of 19)	3831	ENST00000617428.4	ENSG00000104880	ENST00000359920			ARHGEF18			protein_coding
chr2-873	chr2	240918335	240918597	+	1	NA	intron (ENST00000690015.1, intron 1 of 31)	protein_coding-intron (ENST00000443866.2, intron 1 of 31)	12130	ENST00000690015.1	ENSG00000226321	ENST00000477311			CROCC2			protein_coding
chr16-513	chr16	66278127	66278389	+	1	NA	Intergenic	Intergenic	-23551	ENST00000365129.1	ENSG00000201999	ENST00000365129			RNA5SP428			rRNA_pseudogene
chr8-11	chr8	94640378	94640640	+	1	NA	promoter-TSS (ENST00000358397.9)	protein_coding-promoter-TSS (ENST00000358397.9)	-565	ENST00000423620.6	ENSG00000104413	ENST00000517610			ESRP1			protein_coding
chr5-176	chr5	113489371	113489633	+	1	NA	promoter-TSS (ENST00000511242.1)	protein_coding-promoter-TSS (ENST00000511242.1)	-679	ENST00000511242.1	ENSG00000171444	ENST00000511847			MCC			protein_coding
chr16-274	chr16	85799459	85799721	+	1	NA	promoter-TSS (ENST00000253452.8)	protein_coding-promoter-TSS (ENST00000253452.8)	18	ENST00000435200.2	ENSG00000131148	ENST00000597291			EMC8			protein_coding
chr9-530	chr9	137445566	137445828	+	1	NA	Intergenic	Intergenic	-3881	ENST00000461823.1	ENSG00000188833	ENST00000493135			ENTPD8			protein_coding
chr3-249	chr3	131502811	131503073	+	1	NA	promoter-TSS (ENST00000264995.8)	protein_coding-promoter-TSS (ENST00000264995.8)	0	ENST00000507669.5	ENSG00000114686	ENST00000264995			MRPL3			protein_coding
chr8-50	chr8	29286825	29287087	+	1	NA	Intergenic	Intergenic	-23832	ENST00000522355.5	ENSG00000197892	ENST00000524189			KIF13B			protein_coding
chr15-2	chr15	70462942	70463204	+	1	NA	Intergenic	Intergenic	42855	ENST00000559752.1	ENSG00000259473	ENST00000559752			LINC02205			lncRNA
chr3-286	chr3	120095191	120095453	+	1	NA	promoter-TSS (ENST00000264235.13)	protein_coding-promoter-TSS (ENST00000264235.13)	52	ENST00000469070.1	ENSG00000242622	ENST00000469070			GSK3B-DT			lncRNA
chr1-26	chr1	17340447	17340709	+	1	NA	intron (ENST00000375448.4, intron 6 of 15)	protein_coding-intron (ENST00000375448.4, intron 6 of 15)	-5456	ENST00000468945.1	ENSG00000159339	ENST00000375448			PADI4			protein_coding
chr1-270	chr1	117590393	117590655	+	1	NA	Intergenic	Intergenic	15161	ENST00000456126.1	ENSG00000236866	ENST00000440801			TENT5C-DT			lncRNA
chr2-141	chr2	10490796	10491058	+	1	NA	Intergenic	Intergenic	37129	ENST00000670859.1	ENSG00000257135	ENST00000670859			ODC1-DT			lncRNA
chr15-501	chr15	65377246	65377508	+	1	NA	intron (ENST00000327987.9, intron 1 of 13)	protein_coding-intron (ENST00000327987.9, intron 1 of 13)	625	ENST00000327987.9	ENSG00000174498	ENST00000558354			IGDCC3			protein_coding
chr19-5	chr19	34734017	34734279	+	1	NA	promoter-TSS (ENST00000392232.7)	protein_coding-promoter-TSS (ENST00000392232.7)	-7	ENST00000599244.5	ENSG00000197841	ENST00000492450			ZNF181			protein_coding
chr20-1550	chr20	62407371	62407633	+	1	NA	promoter-TSS (ENST00000279101.10)	protein_coding-promoter-TSS (ENST00000279101.10)	-217	ENST00000279101.10	ENSG00000149679	ENST00000453274			CABLES2			protein_coding
chr15-444	chr15	101251923	101252185	+	1	NA	promoter-TSS (ENST00000254190.4)	protein_coding-promoter-TSS (ENST00000254190.4)	-6	ENST00000254190.4	ENSG00000131873	ENST00000561414			CHSY1			protein_coding
chr6-497	chr6	53464941	53465203	+	1	NA	Intergenic	Intergenic	36278	ENST00000515580.1	ENSG00000001084	ENST00000504525			GCLC			protein_coding
chr16-45	chr16	10594604	10594866	+	1	NA	Intergenic	Intergenic	-14103	ENST00000342147.4	ENSG00000213853	ENST00000342147			EMP2			protein_coding
chr14-44	chr14	85596149	85596411	+	1	NA	intron (ENST00000683129.1, intron 1 of 1)	protein_coding-intron (ENST00000330753.6, intron 1 of 1)	-27410	ENST00000553650.1	ENSG00000185070	ENST00000554746			FLRT2			protein_coding
chr3-481	chr3	128879416	128879678	+	1	NA	promoter-TSS (ENST00000308982.12)	protein_coding-promoter-TSS (ENST00000308982.12)	-49	ENST00000679613.1	ENSG00000177646	ENST00000508971			ACAD9			protein_coding
chr4-20	chr4	7102025	7102287	+	1	NA	exon (ENST00000501888.2, exon 1 of 1)	lncRNA-exon (ENST00000501888.2, exon 1 of 1)	1229	ENST00000501888.2	ENSG00000245468	ENST00000663544			LINC02447			lncRNA
chr9-316	chr9	137436145	137436407	+	1	NA	TTS (ENST00000493135.1)	protein_coding-TTS (ENST00000493135.1)	1970	ENST00000493135.1	ENSG00000188833	ENST00000493135			ENTPD8			protein_coding
chr17-910	chr17	79916126	79916388	+	1	NA	exon (ENST00000576738.1, exon 5 of 6)	lncRNA-exon (ENST00000576738.1, exon 5 of 6)	-3053	ENST00000655170.3	ENSG00000262188	ENST00000655170			LINC01978			lncRNA
chr11-50	chr11	34105310	34105572	+	1	NA	promoter-TSS (ENST00000257829.8)	protein_coding-promoter-TSS (ENST00000257829.8)	-176	ENST00000531159.6	ENSG00000135372	ENST00000527971			NAT10			protein_coding
chr7-83	chr7	68813816	68814078	+	1	NA	Intergenic	Intergenic	-89899	ENST00000410496.1	ENSG00000222428	ENST00000410496			RNA5SP231			rRNA_pseudogene
chr5-42	chr5	138337757	138338019	+	1	NA	promoter-TSS (ENST00000239906.10)	protein_coding-promoter-TSS (ENST00000239906.10)	-127	ENST00000505768.1	ENSG00000120709	ENST00000511024			FAM53C			protein_coding
chr8-531	chr8	141002205	141002467	+	1	NA	promoter-TSS (ENST00000517453.5)	protein_coding-promoter-TSS (ENST00000517453.5)	-120	ENST00000519635.1	ENSG00000169398	ENST00000523474			PTK2			protein_coding
chr7-186	chr7	120950902	120951164	+	1	NA	promoter-TSS (ENST00000431467.1)	protein_coding-promoter-TSS (ENST00000431467.1)	-83	ENST00000431467.1	ENSG00000071243	ENST00000497502			ING3			protein_coding
chr9-255	chr9	117400265	117400527	+	1	NA	intron (ENST00000361477.8, intron 1 of 22)	protein_coding-intron (ENST00000313400.9, intron 1 of 22)	14643	ENST00000361477.8	ENSG00000148219	ENST00000313400			ASTN2			protein_coding
chr6-186	chr6	114049712	114049974	+	1	NA	intron (ENST00000691803.1, intron 2 of 5)	lncRNA-intron (ENST00000519104.5, intron 4 of 9)	-29360	ENST00000404698.1	ENSG00000216723	ENST00000404698			NUDT19P3			processed_pseudogene
chr3-2006	chr3	168094927	168095189	+	1	NA	promoter-TSS (ENST00000652838.1)	lncRNA-promoter-TSS (ENST00000652838.1)	29	ENST00000652838.1	ENSG00000286994	ENST00000652838			ENSG00000286994			lncRNA
chr6-83	chr6	133983495	133983757	+	1	NA	promoter-TSS (ENST00000481694.1)	protein_coding-promoter-TSS (ENST00000481694.1)	-750	ENST00000481694.1	ENSG00000028839	ENST00000613034			TBPL1			protein_coding
chr12-196	chr12	53371304	53371566	+	1	NA	Intergenic	Intergenic	-8741	ENST00000327443.9	ENSG00000185591	ENST00000551969			SP1			protein_coding
chr6-43	chr6	97283032	97283294	+	1	NA	promoter-TSS (ENST00000275053.8)	protein_coding-promoter-TSS (ENST00000275053.8)	13	ENST00000275053.8	ENSG00000146263	ENST00000369251			MMS22L			protein_coding
chr3-330	chr3	141231419	141231681	+	1	NA	promoter-TSS (ENST00000286353.9)	protein_coding-promoter-TSS (ENST00000286353.9)	-234	ENST00000636601.1	ENSG00000155893	ENST00000513007			PXYLP1			protein_coding
chr2-180	chr2	172172593	172172855	+	1	NA	intron (ENST00000667725.1, intron 2 of 4)	lncRNA-intron (ENST00000662340.1, intron 2 of 3)	35350	ENST00000662340.1	ENSG00000232555	ENST00000662340			ENSG00000232555			lncRNA
chr12-112	chr12	104220122	104220384	+	1	NA	intron (ENST00000525566.6, intron 1 of 16)	protein_coding-intron (ENST00000525566.6, intron 1 of 16)	4474	ENST00000525566.6	ENSG00000198431	ENST00000529751			TXNRD1			protein_coding
chr16-319	chr16	1646030	1646292	+	1	NA	intron (ENST00000454337.1, intron 4 of 22)	protein_coding-intron (ENST00000293925.9, intron 5 of 19)	13902	ENST00000454337.1	ENSG00000261732	ENST00000454337			ENSG00000261732			protein_coding
chr4-18	chr4	3338526	3338788	+	1	NA	intron (ENST00000514268.5, intron 1 of 6)	protein_coding-intron (ENST00000336727.8, intron 2 of 17)	-3758	ENST00000513784.7	ENSG00000159788	ENST00000513784			RGS12			protein_coding
chr20-1417	chr20	58209884	58210146	+	1	NA	Intergenic	Intergenic	18638	ENST00000457363.2	ENSG00000124227	ENST00000457363			ANKRD60			protein_coding
chr2-25	chr2	240251101	240251363	+	1	NA	intron (ENST00000457178.1, intron 1 of 2)	lncRNA-intron (ENST00000457178.1, intron 1 of 2)	4803	ENST00000457178.1	ENSG00000227479	ENST00000457178			ENSG00000227479			lncRNA
chr15-311	chr15	64004712	64004974	+	1	NA	intron (ENST00000561162.5, intron 2 of 4)	protein_coding-intron (ENST00000261891.7, intron 1 of 10)	25177	ENST00000559897.1	ENSG00000035664	ENST00000558482			DAPK2			protein_coding
chr10-89	chr10	25174552	25174814	+	1	NA	promoter-TSS (ENST00000376351.4)	protein_coding-promoter-TSS (ENST00000376351.4)	-119	ENST00000650135.1	ENSG00000151025	ENST00000650135			GPR158			protein_coding
chr10-46	chr10	90227398	90227660	+	1	NA	Intergenic	Intergenic	-63569	ENST00000410519.1	ENSG00000222451	ENST00000410519			RN7SKP143			misc_RNA
chr18-6	chr18	13425883	13426145	+	1	NA	exon (ENST00000588672.1, exon 2 of 4)	lncRNA-exon (ENST00000588672.1, exon 2 of 4)	1466	ENST00000588672.1	ENSG00000267690	ENST00000588672			LDLRAD4-AS1			lncRNA
chr8-165	chr8	144465265	144465527	+	1	NA	promoter-TSS (ENST00000301332.3)	protein_coding-promoter-TSS (ENST00000301332.3)	32	ENST00000524623.1	ENSG00000291317	ENST00000530637			TMEM276			protein_coding
chr5-38	chr5	88660567	88660829	+	1	NA	promoter-TSS (ENST00000508885.6)	lncRNA-promoter-TSS (ENST00000508885.6)	-834	ENST00000663994.1	ENSG00000245526	ENST00000513893			LINC00461			lncRNA
chr19-2	chr19	13051648	13051910	+	1	NA	intron (ENST00000693124.1, intron 1 of 6)	protein_coding-intron (ENST00000358552.8, intron 1 of 8)	-18224	ENST00000588680.1	ENSG00000008441	ENST00000588680			NFIX			protein_coding
chr20-275	chr20	60078457	60078719	+	1	NA	Intergenic	Intergenic	5284	ENST00000617063.1	ENSG00000276093	ENST00000617063			ENSG00000276093			lncRNA
chr14-131	chr14	105398284	105398546	+	1	NA	promoter-TSS (ENST00000451127.3)	protein_coding-promoter-TSS (ENST00000451127.3)	-123	ENST00000451127.3	ENSG00000226174	ENST00000548638			TEX22			protein_coding
chr14-208	chr14	50763513	50763775	+	1	NA	TTS (ENST00000706710.1)	protein_coding-TTS (ENST00000706710.1)	-1777	ENST00000673819.1	ENSG00000100503	ENST00000453196			NIN			protein_coding
chr1-339	chr1	16175917	16176179	+	1	NA	Intergenic	Intergenic	16782	ENST00000426353.1	ENSG00000224621	ENST00000426353			ENSG00000224621			lncRNA
chr3-1561	chr3	197750388	197750650	+	1	NA	promoter-TSS (ENST00000273582.9)	protein_coding-promoter-TSS (ENST00000273582.9)	129	ENST00000424384.2	ENSG00000122068	ENST00000428738			FYTTD1			protein_coding
chr7-191	chr7	150405298	150405560	+	1	NA	promoter-TSS (ENST00000641717.1)	protein_coding-intron (ENST00000641849.1, intron 1 of 1)	-13	ENST00000641717.1	ENSG00000284691	ENST00000641234			ENSG00000284691			protein_coding
chr12-294	chr12	6312992	6313254	+	1	NA	TTS (ENST00000538208.1)	protein_coding-TTS (ENST00000538208.1)	472	ENST00000449001.6	ENSG00000008323	ENST00000543000			PLEKHG6			protein_coding
chr2-3	chr2	208265857	208266119	+	1	NA	promoter-TSS (ENST00000264380.9)	protein_coding-promoter-TSS (ENST00000264380.9)	86	ENST00000451391.5	ENSG00000138413	ENST00000415282			IDH1			protein_coding
chr5-69	chr5	150000491	150000753	+	1	NA	promoter-TSS (ENST00000296736.4)	protein_coding-promoter-TSS (ENST00000296736.4)	31	ENST00000532987.1	ENSG00000164296	ENST00000532987			TIGD6			protein_coding
chr3-745	chr3	121970098	121970360	+	1	NA	Intergenic	Intergenic	31038	ENST00000469422.1	ENSG00000163406	ENST00000469422			SLC15A2			protein_coding
chr15-138	chr15	79314925	79315187	+	1	NA	promoter-TSS (ENST00000558562.1)	protein_coding-promoter-TSS (ENST00000558562.1)	-875	ENST00000558562.1	ENSG00000166557	ENST00000543455			TMED3			protein_coding
chr15-5	chr15	75368292	75368554	+	1	NA	promoter-TSS (ENST00000569069.1)	protein_coding-promoter-TSS (ENST00000569069.1)	165	ENST00000565652.1	ENSG00000140400	ENST00000563622			MAN2C1			protein_coding
chr3-182	chr3	53270172	53270434	+	1	NA	Intergenic	Intergenic	-14251	ENST00000483706.1	ENSG00000163931	ENST00000487660			TKT			protein_coding
chr7-623	chr7	77122264	77122526	+	1	NA	promoter-TSS (ENST00000285871.5)	protein_coding-promoter-TSS (ENST00000285871.5)	-39	ENST00000415750.5	ENSG00000135205	ENST00000415750			CCDC146			protein_coding
chr1-101	chr1	1759031	1759293	+	1	NA	promoter-TSS (ENST00000342348.9)	protein_coding-promoter-TSS (ENST00000342348.9)	-587	ENST00000342348.9	ENSG00000008130	ENST00000460602			NADK			protein_coding
chr10-118	chr10	7233671	7233933	+	1	NA	intron (ENST00000684547.1, intron 7 of 18)	protein_coding-intron (ENST00000361972.8, intron 9 of 20)	61488	ENST00000421389.1	ENSG00000235141	ENST00000421389			COX6CP17			processed_pseudogene
chr14-171	chr14	77981044	77981306	+	1	NA	Intergenic	Intergenic	57943	ENST00000555217.1	ENSG00000063761	ENST00000555333			ADCK1			protein_coding
chr1-511	chr1	183658296	183658558	+	1	NA	intron (ENST00000304685.8, intron 1 of 18)	protein_coding-intron (ENST00000304685.8, intron 1 of 18)	-5111	ENST00000308641.6	ENSG00000173627	ENST00000308641			APOBEC4			protein_coding
chr16-75	chr16	74730434	74730696	+	1	NA	intron (ENST00000569949.1, intron 2 of 4)	protein_coding-intron (ENST00000219368.8, intron 2 of 6)	-4318	ENST00000618933.1	ENSG00000103089	ENST00000562145			FA2H			protein_coding
chr16-534	chr16	87493111	87493373	+	1	NA	promoter-TSS (ENST00000563921.1)	lncRNA-promoter-TSS (ENST00000563921.1)	-32	ENST00000565824.1	ENSG00000288568	ENST00000565824			ZCCHC14-DT			lncRNA
chr22-10	chr22	20858750	20859012	+	1	NA	promoter-TSS (ENST00000215730.12)	protein_coding-promoter-TSS (ENST00000215730.12)	-69	ENST00000485963.5	ENSG00000241973	ENST00000399213			PI4KA			protein_coding
chr7-179	chr7	92474032	92474294	+	1	NA	promoter-TSS (ENST00000604270.5)	protein_coding-promoter-TSS (ENST00000604270.5)	-974	ENST00000604270.5	ENSG00000242950	ENST00000603053			ERVW-1			protein_coding
chr1-1207	chr1	149899700	149899962	+	1	NA	intron (ENST00000369150.1, intron 1 of 1)	protein_coding-intron (ENST00000369150.1, intron 1 of 1)	205	ENST00000369150.1	ENSG00000178096	ENST00000369152			BOLA1			protein_coding
chr16-88	chr16	68745677	68745939	+	1	NA	intron (ENST00000566612.5, intron 2 of 14)	protein_coding-intron (ENST00000261769.10, intron 2 of 15)	3328	ENST00000363688.1	ENSG00000200558	ENST00000363688			RNA5SP429			rRNA_pseudogene
chr15-217	chr15	89121445	89121707	+	1	NA	TTS (ENST00000458793.1)	snRNA-TTS (ENST00000458793.1)	797	ENST00000458793.1	ENSG00000239151	ENST00000458793			RNU7-195P			snRNA
chr5-6	chr5	176448199	176448461	+	1	NA	promoter-TSS (ENST00000261942.7)	protein_coding-promoter-TSS (ENST00000261942.7)	-55	ENST00000261942.7	ENSG00000113194	ENST00000506061			FAF2			protein_coding
chr2-39	chr2	231514177	231514439	+	1	NA	promoter-TSS (ENST00000313064.4)	lncRNA-promoter-TSS (ENST00000313064.4)	77	ENST00000668648.2	ENSG00000181798	ENST00000668648			LINC00471			lncRNA
chr16-136	chr16	23453010	23453272	+	1	NA	promoter-TSS (ENST00000307149.10)	protein_coding-promoter-TSS (ENST00000307149.10)	48	ENST00000307149.10	ENSG00000168434	ENST00000566364			COG7			protein_coding
chr3-1186	chr3	192851895	192852157	+	1	NA	intron (ENST00000392452.3, intron 1 of 1)	protein_coding-intron (ENST00000392452.3, intron 1 of 1)	65830	ENST00000392452.3	ENSG00000180611	ENST00000392452			MB21D2			protein_coding
chr2-22	chr2	15730553	15730815	+	1	NA	intron (ENST00000436967.4, intron 2 of 3)	lncRNA-intron (ENST00000436967.4, intron 2 of 3)	30153	ENST00000476839.2	ENSG00000231031	ENST00000476839			LINC01804			lncRNA
chr3-86	chr3	134485859	134486121	+	1	NA	promoter-TSS (ENST00000354910.10)	protein_coding-promoter-TSS (ENST00000354910.10)	-1	ENST00000514612.5	ENSG00000129055	ENST00000514612			ANAPC13			protein_coding
chr7-107	chr7	141551269	141551531	+	1	NA	promoter-TSS (ENST00000473247.5)	protein_coding-promoter-TSS (ENST00000473247.5)	-3	ENST00000649365.1	ENSG00000006530	ENST00000649538			AGK			protein_coding
chr5-189	chr5	171388412	171388674	+	1	NA	promoter-TSS (ENST00000677325.1)	protein_coding-promoter-TSS (ENST00000677325.1)	-69	ENST00000677325.1	ENSG00000181163	ENST00000678280			NPM1			protein_coding
chr20-1572	chr20	45890988	45891250	+	1	NA	promoter-TSS (ENST00000191018.9)	protein_coding-promoter-TSS (ENST00000191018.9)	89	ENST00000372518.5	ENSG00000124257	ENST00000545238			NEURL2			protein_coding
chr3-595	chr3	136862195	136862457	+	1	NA	promoter-TSS (ENST00000460960.1)	protein_coding-promoter-TSS (ENST00000460960.1)	28	ENST00000488930.5	ENSG00000158092	ENST00000481752			NCK1			protein_coding
chr2-118	chr2	27370388	27370650	+	1	NA	promoter-TSS (ENST00000233575.7)	protein_coding-promoter-TSS (ENST00000233575.7)	23	ENST00000537606.5	ENSG00000115234	ENST00000537606			SNX17			protein_coding
chr9-521	chr9	134286607	134286869	+	1	NA	Intergenic	Intergenic	8659	ENST00000417135.1	ENSG00000223729	ENST00000417135			LINC02247			lncRNA
chr1-240	chr1	156054684	156054946	+	1	NA	promoter-TSS (ENST00000368302.3)	protein_coding-promoter-TSS (ENST00000368302.3)	-6	ENST00000489664.1	ENSG00000116586	ENST00000368304			LAMTOR2			protein_coding
chr5-85	chr5	41904172	41904434	+	1	NA	promoter-TSS (ENST00000381647.7)	protein_coding-promoter-TSS (ENST00000381647.7)	-41	ENST00000381647.7	ENSG00000205765	ENST00000509976			RIMOC1			protein_coding
chr1-193	chr1	154405135	154405397	+	1	NA	promoter-TSS (ENST00000344086.8)	protein_coding-promoter-TSS (ENST00000344086.8)	43	ENST00000344086.8	ENSG00000160712	ENST00000476006			IL6R			protein_coding
chr12-609	chr12	131966083	131966345	+	1	NA	intron (ENST00000703283.1, intron 2 of 10)	protein_coding-intron (ENST00000332482.8, intron 2 of 7)	5594	ENST00000703283.1	ENSG00000183495	ENST00000703283			EP400			protein_coding
chr1-13	chr1	145708242	145708504	+	1	NA	promoter-TSS (ENST00000443667.1)	protein_coding-promoter-TSS (ENST00000443667.1)	-225	ENST00000443667.1	ENSG00000174827	ENST00000466386			PDZK1			protein_coding
chr20-3128	chr20	49046802	49047064	+	1	NA	promoter-TSS (ENST00000417781.5)	lncRNA-promoter-TSS (ENST00000417781.5)	621	ENST00000262982.3	ENSG00000124207	ENST00000396192			CSE1L			protein_coding
chr7-287	chr7	36389494	36389756	+	1	NA	promoter-TSS (ENST00000265748.7)	protein_coding-promoter-TSS (ENST00000265748.7)	-196	ENST00000396068.6	ENSG00000011426	ENST00000429082			ANLN			protein_coding
chr20-2266	chr20	62644131	62644393	+	1	NA	promoter-TSS (ENST00000370520.3)	lncRNA-promoter-TSS (ENST00000370520.3)	-958	ENST00000370520.3	ENSG00000167046	ENST00000370520			ENSG00000167046			lncRNA
chr17-85	chr17	63600738	63601000	+	1	NA	promoter-TSS (ENST00000258975.7)	protein_coding-promoter-TSS (ENST00000258975.7)	-13	ENST00000581120.1	ENSG00000136463	ENST00000258975			TACO1			protein_coding
chr3-1996	chr3	158991245	158991507	+	1	NA	intron (ENST00000481796.1, intron 1 of 2)	protein_coding-intron (ENST00000481796.1, intron 1 of 2)	28448	ENST00000481796.1	ENSG00000214216	ENST00000451172			IQCJ			protein_coding
chr21-4	chr21	41536394	41536656	+	1	NA	Intergenic	Intergenic	-2681	ENST00000384772.1	ENSG00000207503	ENST00000384772			ENSG00000207503			snoRNA
chr10-90	chr10	33335996	33336258	+	1	NA	intron (ENST00000265371.8, intron 1 of 17)	protein_coding-intron (ENST00000265371.8, intron 1 of 17)	135	ENST00000265371.8	ENSG00000099250	ENST00000418675			NRP1			protein_coding
chr7-103	chr7	113743187	113743449	+	1	NA	Intergenic	Intergenic	175678	ENST00000284602.1	ENSG00000154415	ENST00000449795			PPP1R3A			protein_coding
chr9-225	chr9	111631002	111631264	+	1	NA	promoter-TSS (ENST00000313525.4)	protein_coding-promoter-TSS (ENST00000313525.4)	156	ENST00000374304.1	ENSG00000290837	ENST00000536054			LRRC37A5P			lncRNA
chr7-102	chr7	92590311	92590573	+	1	NA	promoter-TSS (ENST00000415397.6)	protein_coding-promoter-TSS (ENST00000415397.6)	-49	ENST00000438306.5	ENSG00000234545	ENST00000456502			FAM133B			protein_coding
chr6-512	chr6	108384168	108384430	+	1	NA	intron (ENST00000431865.1, intron 2 of 7)	protein_coding-intron (ENST00000368977.9, intron 6 of 12)	-3213	ENST00000436728.1	ENSG00000227072	ENST00000436728			ENSG00000227072			processed_pseudogene
chr11-20	chr11	66718671	66718933	+	1	NA	promoter-TSS (ENST00000617502.5)	protein_coding-promoter-TSS (ENST00000617502.5)	70	ENST00000617502.5	ENSG00000173898	ENST00000528051			SPTBN2			protein_coding
chr1-197	chr1	201399353	201399615	+	1	NA	promoter-TSS (ENST00000367313.4)	protein_coding-promoter-TSS (ENST00000367313.4)	64	ENST00000367313.4	ENSG00000159166	ENST00000475136			LAD1			protein_coding
chr6-37	chr6	10418993	10419255	+	1	NA	intron (ENST00000486038.1, intron 1 of 1)	protein_coding-intron (ENST00000319516.8, intron 1 of 6)	430	ENST00000464323.1	ENSG00000137203	ENST00000482890			TFAP2A			protein_coding
chr13-280	chr13	73058609	73058871	+	1	NA	promoter-TSS (ENST00000377687.6)	protein_coding-promoter-TSS (ENST00000377687.6)	-265	ENST00000377687.6	ENSG00000102554	ENST00000476859			KLF5			protein_coding
chr7-24	chr7	1559074	1559336	+	1	NA	intron (ENST00000431208.1, intron 1 of 3)	protein_coding-intron (ENST00000421923.5, intron 1 of 5)	1616	ENST00000421923.5	ENSG00000164855	ENST00000421996			TMEM184A			protein_coding
chr15-123	chr15	74937662	74937924	+	1	NA	promoter-TSS (ENST00000568517.1)	protein_coding-promoter-TSS (ENST00000568517.1)	-17	ENST00000568517.1	ENSG00000178741	ENST00000322347			COX5A			protein_coding
chr7-130	chr7	157411658	157411920	+	1	NA	exon (ENST00000459889.5, exon 9 of 10)	protein_coding-exon (ENST00000459889.5, exon 9 of 10)	29968	ENST00000486247.1	ENSG00000105993	ENST00000429029			DNAJB6			protein_coding
chr21-87	chr21	44939765	44940027	+	1	NA	promoter-TSS (ENST00000291634.11)	protein_coding-promoter-TSS (ENST00000291634.11)	17	ENST00000397841.5	ENSG00000183250	ENST00000663249			LINC01547			lncRNA
chr5-89	chr5	139660940	139661202	+	1	NA	intron (ENST00000509238.1, intron 1 of 1)	protein_coding-intron (ENST00000302517.8, intron 1 of 2)	1516	ENST00000509238.1	ENSG00000171604	ENST00000509238			CXXC5			protein_coding
chr17-919	chr17	29618000	29618262	+	1	NA	promoter-TSS (ENST00000469090.5)	protein_coding-promoter-TSS (ENST00000469090.5)	-14	ENST00000469090.5	ENSG00000167549	ENST00000682159			CORO6			protein_coding
chr7-423	chr7	71251734	71251996	+	1	NA	intron (ENST00000333538.10, intron 1 of 10)	protein_coding-intron (ENST00000333538.10, intron 1 of 10)	-32131	ENST00000498380.6	ENSG00000185274	ENST00000333538			GALNT17			protein_coding
chr11-46	chr11	46617347	46617609	+	1	NA	promoter-TSS (ENST00000326737.3)	protein_coding-promoter-TSS (ENST00000326737.3)	-49	ENST00000580238.5	ENSG00000175224	ENST00000525009			ATG13			protein_coding
chr2-48	chr2	37679405	37679667	+	1	NA	intron (ENST00000453555.1, intron 3 of 3)	protein_coding-intron (ENST00000453555.1, intron 3 of 3)	-7001	ENST00000611976.1	ENSG00000163171	ENST00000611976			CDC42EP3			protein_coding
chr16-137	chr16	73015681	73015943	+	1	NA	exon (ENST00000624910.1, exon 1 of 1)	TEC-exon (ENST00000624910.1, exon 1 of 1)	204	ENST00000624910.1	ENSG00000279591	ENST00000624910			ENSG00000279591			TEC
chr15-425	chr15	90717236	90717498	+	1	NA	promoter-TSS (ENST00000355112.8)	protein_coding-promoter-TSS (ENST00000355112.8)	4	ENST00000681142.1	ENSG00000197299	ENST00000560821			BLM			protein_coding
chr6-24	chr6	142147014	142147276	+	1	NA	promoter-TSS (ENST00000258042.2)	protein_coding-promoter-TSS (ENST00000258042.2)	-17	ENST00000452973.6	ENSG00000009844	ENST00000491881			VTA1			protein_coding
chr1-153	chr1	17314695	17314957	+	1	NA	intron (ENST00000375453.5, intron 1 of 3)	protein_coding-intron (ENST00000375448.4, intron 1 of 15)	6629	ENST00000375448.4	ENSG00000159339	ENST00000375448			PADI4			protein_coding
chr17-44	chr17	75459938	75460200	+	1	NA	intron (ENST00000581519.5, intron 1 of 4)	protein_coding-intron (ENST00000314256.12, intron 1 of 31)	362	ENST00000581519.5	ENSG00000177728	ENST00000581723			TMEM94			protein_coding
chr11-89	chr11	75333875	75334137	+	1	NA	intron (ENST00000533255.1, intron 1 of 5)	protein_coding-intron (ENST00000360025.7, intron 1 of 14)	1180	ENST00000362220.1	ENSG00000199090	ENST00000362220			MIR326			miRNA
chr14-203	chr14	33781404	33781666	+	1	NA	TTS (ENST00000552874.1)	protein_coding-TTS (ENST00000552874.1)	46294	ENST00000552874.1	ENSG00000151322	ENST00000681796			NPAS3			protein_coding
chr5-4	chr5	96935084	96935346	+	1	NA	promoter-TSS (ENST00000231368.10)	protein_coding-promoter-TSS (ENST00000231368.10)	-179	ENST00000395784.1	ENSG00000113441	ENST00000474122			LNPEP			protein_coding
chr3-1244	chr3	27721687	27721949	+	1	NA	exon (ENST00000295743.8, exon 1 of 6)	protein_coding-exon (ENST00000295743.8, exon 1 of 6)	505	ENST00000449599.4	ENSG00000163508	ENST00000461503			EOMES			protein_coding
chr16-127	chr16	87945812	87946074	+	1	NA	promoter-TSS (ENST00000565496.1)	processed_pseudogene-promoter-TSS (ENST00000565496.1)	-741	ENST00000565496.1	ENSG00000260443	ENST00000565496			ENSG00000260443			processed_pseudogene
chr19-114	chr19	535070	535332	+	1	NA	promoter-TSS (ENST00000606065.3)	protein_coding-promoter-TSS (ENST00000606065.3)	-636	ENST00000606065.3	ENSG00000099804	ENST00000593036			CDC34			protein_coding
chr1-1262	chr1	187491418	187491680	+	1	NA	intron (ENST00000643891.1, intron 6 of 8)	lncRNA-intron (ENST00000643891.1, intron 6 of 8)	15570	ENST00000603098.1	ENSG00000271558	ENST00000603098			ENSG00000271558			processed_pseudogene
chr7-916	chr7	131107423	131107685	+	1	NA	promoter-TSS (ENST00000433079.5)	lncRNA-promoter-TSS (ENST00000433079.5)	254	ENST00000644188.1	ENSG00000231721	ENST00000701173			LINC-PINT			lncRNA
chr4-331	chr4	150079240	150079502	+	1	NA	exon (ENST00000296550.12, exon 1 of 16)	protein_coding-exon (ENST00000296550.12, exon 1 of 16)	343	ENST00000506325.5	ENSG00000170390	ENST00000296550			DCLK2			protein_coding
chr2-159	chr2	191014192	191014454	+	1	NA	promoter-TSS (ENST00000361099.8)	protein_coding-promoter-TSS (ENST00000361099.8)	-92	ENST00000540176.6	ENSG00000115415	ENST00000673638			STAT1			protein_coding
chr13-59	chr13	19863455	19863717	+	1	NA	promoter-TSS (ENST00000337963.9)	protein_coding-promoter-TSS (ENST00000337963.9)	26	ENST00000535942.5	ENSG00000132950	ENST00000535942			ZMYM5			protein_coding
chr11-100	chr11	118892542	118892804	+	1	NA	intron (ENST00000292174.5, intron 1 of 1)	protein_coding-intron (ENST00000292174.5, intron 1 of 1)	-4931	ENST00000498872.2	ENSG00000245869	ENST00000498872			ENSG00000245869			lncRNA
chr1-157	chr1	117181705	117181967	+	1	NA	intron (ENST00000463461.5, intron 1 of 3)	protein_coding-intron (ENST00000328189.7, intron 1 of 4)	-8570	ENST00000359008.8	ENSG00000134258	ENST00000369458			VTCN1			protein_coding
chr10-113	chr10	121510165	121510427	+	1	NA	promoter-TSS (ENST00000682904.1)	protein_coding-promoter-TSS (ENST00000682904.1)	-3	ENST00000682904.1	ENSG00000066468	ENST00000351936			FGFR2			protein_coding
chr1-36	chr1	202108344	202108606	+	1	NA	Intergenic	Intergenic	11716	ENST00000416794.1	ENSG00000227109	ENST00000416794			CRIP1P3			processed_pseudogene
chr7-427	chr7	75528215	75528477	+	1	NA	promoter-TSS (ENST00000394921.8)	lncRNA-promoter-TSS (ENST00000394921.8)	-198	ENST00000422064.1	ENSG00000291092	ENST00000693762			PMS2P3			lncRNA
chr5-8	chr5	139709043	139709305	+	1	NA	intron (ENST00000515296.1, intron 2 of 5)	lncRNA-intron (ENST00000515296.1, intron 2 of 5)	8916	ENST00000363886.1	ENSG00000200756	ENST00000363886			RNU6-236P			snRNA
chr16-177	chr16	80614008	80614270	+	1	NA	intron (ENST00000570137.7, intron 4 of 6)	protein_coding-intron (ENST00000561616.2, intron 3 of 3)	14240	ENST00000563684.1	ENSG00000260064	ENST00000563684			ENSG00000260064			lncRNA
chr14-664	chr14	39170053	39170315	+	1	NA	exon (ENST00000330149.10, exon 1 of 6)	protein_coding-exon (ENST00000330149.10, exon 1 of 6)	130	ENST00000557764.5	ENSG00000182400	ENST00000556765			TRAPPC6B			protein_coding
chr9-478	chr9	96686802	96687064	+	1	NA	promoter-TSS (ENST00000423924.2)	lncRNA-promoter-TSS (ENST00000423924.2)	-85	ENST00000661289.3	ENSG00000224848	ENST00000666834			ENSG00000224848			lncRNA
chr13-36	chr13	26186460	26186722	+	1	NA	intron (ENST00000468480.5, intron 5 of 5)	protein_coding-intron (ENST00000468480.5, intron 5 of 5)	-32416	ENST00000426792.2	ENSG00000233963	ENST00000426792			ATP8A2P3			unprocessed_pseudogene
chr2-88	chr2	109214106	109214368	+	1	NA	intron (ENST00000309415.8, intron 1 of 9)	protein_coding-intron (ENST00000309415.8, intron 1 of 9)	-37185	ENST00000456025.1	ENSG00000228551	ENST00000456025			SNRPGP9			processed_pseudogene
chr5-49	chr5	81751320	81751582	+	1	NA	promoter-TSS (ENST00000320672.9)	protein_coding-promoter-TSS (ENST00000320672.9)	-201	ENST00000514493.5	ENSG00000145687	ENST00000615665			SSBP2			protein_coding
chr5-120	chr5	71601687	71601949	+	1	NA	intron (ENST00000683258.1, intron 3 of 15)	protein_coding-intron (ENST00000340941.11, intron 4 of 16)	8947	ENST00000507169.5	ENSG00000131844	ENST00000681991			MCCC2			protein_coding
chr3-251	chr3	142447946	142448208	+	1	NA	promoter-TSS (ENST00000264951.8)	protein_coding-promoter-TSS (ENST00000264951.8)	-15	ENST00000264951.8	ENSG00000114127	ENST00000465074			XRN1			protein_coding
chr1-421	chr1	153945886	153946148	+	1	NA	promoter-TSS (ENST00000368646.6)	protein_coding-promoter-TSS (ENST00000368646.6)	-17	ENST00000701843.1	ENSG00000289935	ENST00000701843			ENSG00000289935			lncRNA
chr12-356	chr12	53231964	53232226	+	1	NA	promoter-TSS (ENST00000549859.1)	protein_coding-promoter-TSS (ENST00000549859.1)	93	ENST00000549859.1	ENSG00000172819	ENST00000548284			RARG			protein_coding
chr7-151	chr7	129434245	129434507	+	1	NA	promoter-TSS (ENST00000249344.7)	protein_coding-promoter-TSS (ENST00000249344.7)	-56	ENST00000249344.7	ENSG00000128578	ENST00000465033			STRIP2			protein_coding
chr3-1194	chr3	197554744	197555006	+	1	NA	intron (ENST00000441275.5, intron 1 of 6)	protein_coding-intron (ENST00000358186.6, intron 1 of 6)	801	ENST00000476764.2	ENSG00000161267	ENST00000392378			BDH1			protein_coding
chr10-236	chr10	9038221	9038483	+	1	NA	Intergenic	Intergenic	68227	ENST00000456526.1	ENSG00000223808	ENST00000456526			ENSG00000223808			lncRNA
chr5-65	chr5	107572194	107572456	+	1	NA	intron (ENST00000509503.1, intron 1 of 3)	protein_coding-intron (ENST00000333274.11, intron 1 of 4)	-66134	ENST00000505499.1	ENSG00000184349	ENST00000505499			EFNA5			protein_coding
chr9-94	chr9	126802367	126802629	+	1	NA	Intergenic	Intergenic	-2508	ENST00000449886.5	ENSG00000169155	ENST00000449886			ZBTB43			protein_coding
chr1-686	chr1	109783370	109783632	+	1	NA	Intergenic	Intergenic	-19474	ENST00000369805.7	ENSG00000198758	ENST00000494151			EPS8L3			protein_coding
chr15-9	chr15	80679440	80679702	+	1	NA	promoter-TSS (ENST00000560609.1)	protein_coding-promoter-TSS (ENST00000560609.1)	-113	ENST00000560609.1	ENSG00000136379	ENST00000559506			ABHD17C			protein_coding
chr15-33	chr15	70092004	70092266	+	1	NA	intron (ENST00000654081.1, intron 2 of 17)	protein_coding-intron (ENST00000317509.12, intron 4 of 19)	2650	ENST00000654081.1	ENSG00000140332	ENST00000560525			TLE3			protein_coding
chr2-163	chr2	1625366	1625628	+	1	NA	promoter-TSS (ENST00000366424.2)	lncRNA-promoter-TSS (ENST00000366424.2)	-78	ENST00000366424.2	ENSG00000203635	ENST00000366424			ENSG00000203635			lncRNA
chr2-162	chr2	241102230	241102492	+	1	NA	promoter-TSS (ENST00000241527.10)	protein_coding-promoter-TSS (ENST00000241527.10)	-29	ENST00000464344.6	ENSG00000122085	ENST00000496878			MTERF4			protein_coding
chr14-48	chr14	105603478	105603740	+	1	NA	Intergenic	Intergenic	-1881	ENST00000390541.2	ENSG00000211891	ENST00000641420			IGHE			IG_C_gene
chr13-62	chr13	24160503	24160765	+	1	NA	promoter-TSS (ENST00000382095.8)	protein_coding-promoter-TSS (ENST00000382095.8)	-86	ENST00000382108.8	ENSG00000182957	ENST00000409126			SPATA13			protein_coding
chr20-212	chr20	54267505	54267767	+	1	NA	intron (ENST00000650710.1, intron 2 of 2)	lncRNA-intron (ENST00000650710.1, intron 2 of 2)	34878	ENST00000650710.1	ENSG00000286229	ENST00000650710			ENSG00000286229			lncRNA
chr15-32	chr15	51907553	51907815	+	1	NA	TTS (ENST00000606352.1)	snRNA-TTS (ENST00000606352.1)	484	ENST00000606352.1	ENSG00000272337	ENST00000606352			RNU6-90P			snRNA
chr1-396	chr1	36487015	36487277	+	1	NA	Intergenic	Intergenic	-3868	ENST00000373103.5	ENSG00000119535	ENST00000699090			CSF3R			protein_coding
chr16-245	chr16	31105710	31105972	+	1	NA	promoter-TSS (ENST00000394951.5)	protein_coding-promoter-TSS (ENST00000394951.5)	-266	ENST00000394951.5	ENSG00000103507	ENST00000287507			BCKDK			protein_coding
chr10-459	chr10	27154176	27154438	+	1	NA	promoter-TSS (ENST00000326799.7)	protein_coding-promoter-TSS (ENST00000326799.7)	52	ENST00000326799.7	ENSG00000136758	ENST00000427324			YME1L1			protein_coding
chr9-216	chr9	38046705	38046967	+	1	NA	intron (ENST00000540557.1, intron 1 of 11)	protein_coding-intron (ENST00000377707.4, intron 1 of 5)	21851	ENST00000540557.1	ENSG00000255872	ENST00000540557			ENSG00000255872			protein_coding
chr3-66	chr3	49132980	49133242	+	1	NA	promoter-TSS (ENST00000305544.9)	protein_coding-promoter-TSS (ENST00000305544.9)	7	ENST00000418109.5	ENSG00000172037	ENST00000477225			LAMB2			protein_coding
chr13-163	chr13	108218223	108218485	+	1	NA	promoter-TSS (ENST00000375898.4)	protein_coding-promoter-TSS (ENST00000375898.4)	-5	ENST00000686204.1	ENSG00000174405	ENST00000692222			LIG4			protein_coding
chr8-76	chr8	96261629	96261891	+	1	NA	promoter-TSS (ENST00000287025.4)	protein_coding-promoter-TSS (ENST00000287025.4)	-142	ENST00000517309.6	ENSG00000156471	ENST00000518776			PTDSS1			protein_coding
chr4-177	chr4	75990893	75991155	+	1	NA	promoter-TSS (ENST00000356260.10)	protein_coding-promoter-TSS (ENST00000356260.10)	-62	ENST00000504975.1	ENSG00000198301	ENST00000395710			SDAD1			protein_coding
chr15-37	chr15	40249565	40249827	+	1	NA	TTS (ENST00000623360.1)	lncRNA-TTS (ENST00000623360.1)	-2494	ENST00000558106.5	ENSG00000137843	ENST00000560684			PAK6			protein_coding
chr13-67	chr13	43878954	43879216	+	1	NA	promoter-TSS (ENST00000325686.7)	protein_coding-promoter-TSS (ENST00000325686.7)	-199	ENST00000441843.5	ENSG00000179630	ENST00000325686			LACC1			protein_coding
chr8-98	chr8	127738384	127738646	+	1	NA	promoter-TSS (ENST00000707117.1)	protein_coding-promoter-TSS (ENST00000707117.1)	472	ENST00000672942.1	ENSG00000249375	ENST00000672942			CASC11			lncRNA
chr2-35	chr2	82140098	82140360	+	1	NA	Intergenic	Intergenic	-128383	ENST00000517088.1	ENSG00000252897	ENST00000517088			RNU6-685P			snRNA
chr20-7	chr20	54456545	54456807	+	1	NA	Intergenic	Intergenic	-18917	ENST00000262593.10	ENSG00000101134	ENST00000491469			DOK5			protein_coding
chr3-14	chr3	10594975	10595237	+	1	NA	intron (ENST00000646379.1, intron 2 of 21)	protein_coding-intron (ENST00000646379.1, intron 2 of 21)	-24731	ENST00000440152.1	ENSG00000236999	ENST00000440152			ATP2B2-IT1			lncRNA
chr10-31	chr10	104480976	104481238	+	1	NA	promoter-TSS (ENST00000447860.1)	lncRNA-promoter-TSS (ENST00000447860.1)	-833	ENST00000447860.1	ENSG00000225768	ENST00000447860			LINC02620			lncRNA
chr17-1023	chr17	62652387	62652649	+	1	NA	intron (ENST00000584265.1, intron 1 of 10)	protein_coding-intron (ENST00000303375.10, intron 1 of 29)	9207	ENST00000384652.1	ENSG00000207382	ENST00000384652			Y_RNA			misc_RNA
chr20-1559	chr20	20017145	20017407	+	1	NA	promoter-TSS (ENST00000310450.8)	protein_coding-promoter-TSS (ENST00000310450.8)	-34	ENST00000310450.8	ENSG00000173418	ENST00000481837			NAA20			protein_coding
chr7-175	chr7	80564039	80564301	+	1	NA	intron (ENST00000435819.5, intron 4 of 16)	protein_coding-intron (ENST00000435819.5, intron 4 of 16)	-37980	ENST00000309881.11	ENSG00000135218	ENST00000428497			CD36			protein_coding
chr9-214	chr9	14251410	14251672	+	1	NA	intron (ENST00000636432.1, intron 2 of 10)	protein_coding-intron (ENST00000380934.8, intron 2 of 8)	19063	ENST00000691291.1	ENSG00000288876	ENST00000691291			ENSG00000288876			lncRNA
chr2-213	chr2	66389827	66390089	+	1	NA	intron (ENST00000428647.1, intron 2 of 2)	lncRNA-intron (ENST00000428647.1, intron 2 of 2)	6652	ENST00000428647.1	ENSG00000232164	ENST00000428647			LINC01873			lncRNA
chr5-53	chr5	67215731	67215993	+	1	NA	Intergenic	Intergenic	-19063	ENST00000256447.5	ENSG00000134061	ENST00000256447			CD180			protein_coding
chr5-593	chr5	149731868	149732130	+	1	NA	promoter-TSS (ENST00000362177.3)	miRNA-promoter-TSS (ENST00000362177.3)	-826	ENST00000362177.3	ENSG00000199047	ENST00000362177			MIR378A			miRNA
chr2-212	chr2	63588803	63589065	+	1	NA	promoter-TSS (ENST00000233114.13)	protein_coding-promoter-TSS (ENST00000233114.13)	-24	ENST00000409908.5	ENSG00000014641	ENST00000495083			MDH1			protein_coding
chr19-333	chr19	50778044	50778306	+	1	NA	intron (ENST00000563228.5, intron 3 of 3)	protein_coding-intron (ENST00000563228.5, intron 3 of 3)	7711	ENST00000270590.4	ENSG00000142511	ENST00000270590			GPR32			protein_coding
chr8-421	chr8	133449321	133449583	+	1	NA	Intergenic	Intergenic	26482	ENST00000522204.1	ENSG00000008513	ENST00000517668			ST3GAL1			protein_coding
chr9-166	chr9	134380139	134380401	+	1	NA	TTS (ENST00000585099.1)	miRNA-TTS (ENST00000585099.1)	859	ENST00000585099.1	ENSG00000263897	ENST00000585099			MIR4669			miRNA
chr14-31	chr14	56579395	56579657	+	1	NA	promoter-TSS (ENST00000261556.11)	protein_coding-promoter-TSS (ENST00000261556.11)	-94	ENST00000556422.5	ENSG00000070269	ENST00000555046			TMEM260			protein_coding
chr1-219	chr1	183159997	183160259	+	1	NA	Intergenic	Intergenic	-18846	ENST00000457852.3	ENSG00000224468	ENST00000457852			LAMC1-AS1			lncRNA
chr1-335	chr1	235504454	235504716	+	1	NA	promoter-TSS (ENST00000313984.3)	protein_coding-promoter-TSS (ENST00000313984.3)	-133	ENST00000366600.8	ENSG00000162885	ENST00000675193			B3GALNT2			protein_coding
chrX-13	chrX	13669294	13669556	+	1	NA	intron (ENST00000467590.1, intron 3 of 4)	protein_coding-intron (ENST00000467590.1, intron 3 of 4)	3349	ENST00000463321.1	ENSG00000176896	ENST00000467590			TCEANC			protein_coding
chr1-1116	chr1	109138004	109138266	+	1	NA	intron (ENST00000527996.5, intron 1 of 20)	protein_coding-intron (ENST00000369939.8, intron 1 of 21)	-23471	ENST00000533374.1	ENSG00000116299	ENST00000531664			ELAPOR1			protein_coding
chr7-52	chr7	100837259	100837521	+	1	NA	TTS (ENST00000412754.2)	lncRNA-TTS (ENST00000412754.2)	-9867	ENST00000358173.8	ENSG00000196411	ENST00000616502			EPHB4			protein_coding
chr16-91	chr16	90044115	90044377	+	1	NA	TTS (ENST00000536122.7)	protein_coding-TTS (ENST00000536122.7)	364	ENST00000409768.2	ENSG00000290738	ENST00000409873			URAHP			lncRNA
chr10-48	chr10	87863469	87863731	+	1	NA	promoter-TSS (ENST00000371953.8)	protein_coding-promoter-TSS (ENST00000371953.8)	-25	ENST00000710265.1	ENSG00000171862	ENST00000688922			PTEN			protein_coding
chr1-770	chr1	227727937	227728199	+	1	NA	promoter-TSS (ENST00000366760.5)	protein_coding-promoter-TSS (ENST00000366760.5)	-132	ENST00000681827.1	ENSG00000143740	ENST00000470038			SNAP47			protein_coding
chr16-458	chr16	85321991	85322253	+	1	NA	intron (ENST00000637419.1, intron 1 of 2)	protein_coding-intron (ENST00000637419.1, intron 1 of 2)	-15797	ENST00000583199.1	ENSG00000266307	ENST00000583199			MIR5093			miRNA
chr1-98	chr1	156751736	156751998	+	1	NA	promoter-TSS (ENST00000357325.10)	protein_coding-promoter-TSS (ENST00000357325.10)	-146	ENST00000710272.1	ENSG00000143321	ENST00000469145			HDGF			protein_coding
chr7-304	chr7	103297277	103297539	+	1	NA	promoter-TSS (ENST00000249269.9)	protein_coding-promoter-TSS (ENST00000249269.9)	1	ENST00000706437.1	ENSG00000105819	ENST00000444457			PMPCB			protein_coding
chr3-518	chr3	51384843	51385105	+	1	NA	promoter-TSS (ENST00000446668.5)	protein_coding-promoter-TSS (ENST00000446668.5)	74	ENST00000688883.1	ENSG00000288988	ENST00000688883			ENSG00000288988			lncRNA
chr15-162	chr15	89792472	89792734	+	1	NA	intron (ENST00000679248.1, intron 17 of 21)	protein_coding-intron (ENST00000300060.7, intron 16 of 20)	584	ENST00000558740.1	ENSG00000166825	ENST00000300060			ANPEP			protein_coding
chr2-195	chr2	121036312	121036574	+	1	NA	Intergenic	Intergenic	4267	ENST00000364714.1	ENSG00000201584	ENST00000364714			Y_RNA			misc_RNA
chr19-13	chr19	13846616	13846878	+	1	NA	Intergenic	Intergenic	-3819	ENST00000587762.2	ENSG00000267519	ENST00000587762			MIR23AHG			lncRNA
chr8-152	chr8	143218479	143218741	+	1	NA	Intergenic	Intergenic	5392	ENST00000622500.2	ENSG00000277494	ENST00000622500			GPIHBP1			protein_coding
chr22-49	chr22	44532736	44532998	+	1	NA	Intergenic	Intergenic	-34098	ENST00000435622.1	ENSG00000215333	ENST00000435622			KRT18P23			processed_pseudogene
chr4-70	chr4	105708585	105708847	+	1	NA	promoter-TSS (ENST00000340139.10)	protein_coding-promoter-TSS (ENST00000340139.10)	-27	ENST00000340139.10	ENSG00000138785	ENST00000510876			INTS12			protein_coding
chr3-932	chr3	143001459	143001721	+	1	NA	promoter-TSS (ENST00000461591.5)	protein_coding-promoter-TSS (ENST00000461591.5)	20	ENST00000473835.7	ENSG00000163714	ENST00000600150			U2SURP			protein_coding
chr14-113	chr14	60092151	60092413	+	1	NA	promoter-TSS (ENST00000554123.1)	lncRNA-promoter-TSS (ENST00000554123.1)	96	ENST00000555569.1	ENSG00000126773	ENST00000553898			PCNX4			protein_coding
chr12-47	chr12	15789435	15789697	+	1	NA	promoter-TSS (ENST00000281172.10)	protein_coding-promoter-TSS (ENST00000281172.10)	-166	ENST00000536956.5	ENSG00000151491	ENST00000647224			EPS8			protein_coding
chr9-1	chr9	15510994	15511256	+	1	NA	promoter-TSS (ENST00000380715.5)	protein_coding-promoter-TSS (ENST00000380715.5)	-130	ENST00000380738.8	ENSG00000164985	ENST00000484265			PSIP1			protein_coding
chr17-89	chr17	40322338	40322600	+	1	NA	promoter-TSS (ENST00000582914.1)	protein_coding-promoter-TSS (ENST00000582914.1)	-522	ENST00000582914.1	ENSG00000131759	ENST00000425707			RARA			protein_coding
chr11-44	chr11	67317587	67317849	+	1	NA	promoter-TSS (ENST00000622583.4)	protein_coding-promoter-TSS (ENST00000622583.4)	-153	ENST00000622583.4	ENSG00000172613	ENST00000535644			RAD9A			protein_coding
chr20-1316	chr20	41003411	41003673	+	1	NA	Intergenic	Intergenic	-20663	ENST00000410680.1	ENSG00000222612	ENST00000410680			RNU2-52P			snRNA
chr3-1956	chr3	129623492	129623754	+	1	NA	Intergenic	Intergenic	8869	ENST00000505608.1	ENSG00000248659	ENST00000505608			CARMIL2P1			unprocessed_pseudogene
chr3-933	chr3	149277505	149277767	+	1	NA	promoter-TSS (ENST00000461341.2)	transcribed_unitary_pseudogene-promoter-TSS (ENST00000461341.2)	-972	ENST00000461341.2	ENSG00000240216	ENST00000461341			CPHL1P			transcribed_unitary_pseudogene
chr14-50	chr14	61472304	61472566	+	1	NA	intron (ENST00000555233.5, intron 1 of 2)	protein_coding-intron (ENST00000332981.11, intron 9 of 13)	-4732	ENST00000536400.5	ENSG00000027075	ENST00000555082			PRKCH			protein_coding
chr9-755	chr9	92974440	92974702	+	1	NA	promoter-TSS (ENST00000337352.10)	protein_coding-promoter-TSS (ENST00000337352.10)	71	ENST00000494669.2	ENSG00000127084	ENST00000494669			FGD3			protein_coding
chr9-229	chr9	124868889	124869151	+	1	NA	promoter-TSS (ENST00000259477.6)	protein_coding-promoter-TSS (ENST00000259477.6)	59	ENST00000687492.1	ENSG00000289285	ENST00000687492			ENSG00000289285			lncRNA
chr6-61	chr6	35776614	35776876	+	1	NA	promoter-TSS (ENST00000467122.1)	protein_coding-promoter-TSS (ENST00000467122.1)	55	ENST00000467122.1	ENSG00000196748	ENST00000403376			CLPSL2			protein_coding
chr5-111	chr5	151157601	151157863	+	1	NA	promoter-TSS (ENST00000354546.10)	protein_coding-promoter-TSS (ENST00000354546.10)	15	ENST00000517486.5	ENSG00000197043	ENST00000517757			ANXA6			protein_coding
chr19-17	chr19	48322061	48322323	+	1	NA	promoter-TSS (ENST00000474199.6)	protein_coding-promoter-TSS (ENST00000474199.6)	-221	ENST00000674294.1	ENSG00000105479	ENST00000504608			ODAD1			protein_coding
chr2-134	chr2	113876503	113876765	+	1	NA	intron (ENST00000689404.1, intron 1 of 3)	lncRNA-intron (ENST00000689404.1, intron 1 of 3)	13133	ENST00000602760.2	ENSG00000270019	ENST00000602760			ENSG00000270019			lncRNA
chr17-625	chr17	18087739	18088001	+	1	NA	promoter-TSS (ENST00000225729.8)	protein_coding-promoter-TSS (ENST00000225729.8)	-22	ENST00000577771.5	ENSG00000108591	ENST00000225729			DRG2			protein_coding
chr9-19	chr9	33415574	33415836	+	1	NA	Intergenic	Intergenic	12848	ENST00000450864.1	ENSG00000286322	ENST00000664119			ENSG00000286322			lncRNA
chr9-133	chr9	94166648	94166910	+	1	NA	promoter-TSS (ENST00000711292.1)	lncRNA-promoter-TSS (ENST00000711292.1)	-431	ENST00000711292.1	ENSG00000269929	ENST00000711292			MIRLET7A1HG			lncRNA
chr7-61	chr7	100586368	100586630	+	1	NA	promoter-TSS (ENST00000310300.11)	protein_coding-promoter-TSS (ENST00000310300.11)	111	ENST00000474649.1	ENSG00000106336	ENST00000474649			FBXO24			protein_coding
chr12-43	chr12	47802473	47802735	+	1	NA	promoter-TSS (ENST00000380610.8)	protein_coding-promoter-TSS (ENST00000380610.8)	-92	ENST00000380610.8	ENSG00000061273	ENST00000433685			HDAC7			protein_coding
chr1-224	chr1	1433111	1433373	+	1	NA	intron (ENST00000417917.1, intron 1 of 1)	lncRNA-intron (ENST00000417917.1, intron 1 of 1)	1246	ENST00000454562.1	ENSG00000225285	ENST00000430109			LINC01770			lncRNA
chr12-42	chr12	52945910	52946172	+	1	NA	TTS (ENST00000619952.2)	protein_coding-TTS (ENST00000619952.2)	-2830	ENST00000388837.6	ENSG00000111057	ENST00000388837			KRT18			protein_coding
chr15-239	chr15	77543486	77543748	+	1	NA	Intergenic	Intergenic	18077	ENST00000561283.2	ENSG00000259362	ENST00000561283			ENSG00000259362			lncRNA
chr9-132	chr9	89318693	89318955	+	1	NA	promoter-TSS (ENST00000534113.6)	protein_coding-promoter-TSS (ENST00000534113.6)	-27	ENST00000534113.6	ENSG00000187742	ENST00000496597			SECISBP2			protein_coding
chr8-157	chr8	90646155	90646417	+	1	NA	promoter-TSS (ENST00000418210.2)	protein_coding-promoter-TSS (ENST00000418210.2)	-134	ENST00000668846.1	ENSG00000246792	ENST00000522132			ENSG00000246792			lncRNA
chr17-1038	chr17	7351840	7352102	+	1	NA	promoter-TSS (ENST00000333751.8)	protein_coding-promoter-TSS (ENST00000333751.8)	82	ENST00000576980.2	ENSG00000213859	ENST00000576980			KCTD11			protein_coding
chr17-697	chr17	74760731	74760993	+	1	NA	intron (ENST00000583369.5, intron 1 of 2)	protein_coding-intron (ENST00000262613.10, intron 1 of 5)	-1141	ENST00000413388.2	ENSG00000109062	ENST00000262613			NHERF1			protein_coding
chr3-9	chr3	63940474	63940736	+	1	NA	intron (ENST00000674280.1, intron 4 of 12)	protein_coding-intron (ENST00000295900.10, intron 4 of 12)	-27139	ENST00000484332.1	ENSG00000163635	ENST00000475897			ATXN7			protein_coding
chr8-36	chr8	143015914	143016176	+	1	NA	TTS (ENST00000518831.2)	lncRNA-TTS (ENST00000518831.2)	-1937	ENST00000517503.1	ENSG00000160932	ENST00000522528			LY6E			protein_coding
chr5-185	chr5	150449810	150450072	+	1	NA	promoter-TSS (ENST00000312037.6)	protein_coding-promoter-TSS (ENST00000312037.6)	-202	ENST00000407193.7	ENSG00000164587	ENST00000519690			RPS14			protein_coding
chr14-109	chr14	37546951	37547213	+	1	NA	TTS (ENST00000694967.1)	protein_coding-TTS (ENST00000694967.1)	12402	ENST00000553425.5	ENSG00000259087	ENST00000553425			ENSG00000259087			lncRNA
chr17-1473	chr17	49515226	49515488	+	1	NA	TTS (ENST00000172229.8)	protein_coding-TTS (ENST00000172229.8)	4540	ENST00000614803.1	ENSG00000277478	ENST00000614803			MIR6165			miRNA
chr9-100	chr9	109331418	109331680	+	1	NA	Intergenic	Intergenic	6864	ENST00000384599.1	ENSG00000207329	ENST00000384599			Y_RNA			misc_RNA
chr2-7	chr2	11532375	11532637	+	1	NA	intron (ENST00000628795.2, intron 1 of 2)	protein_coding-intron (ENST00000628795.2, intron 1 of 2)	-1539	ENST00000381486.7	ENSG00000196208	ENST00000263834			GREB1			protein_coding
chr14-90	chr14	24271459	24271721	+	1	NA	promoter-TSS (ENST00000216840.11)	protein_coding-promoter-TSS (ENST00000216840.11)	-7	ENST00000558534.5	ENSG00000100949	ENST00000560207			RABGGTA			protein_coding
chr3-95	chr3	27632942	27633204	+	1	NA	promoter-TSS (ENST00000368528.3)	transcribed_processed_pseudogene-promoter-TSS (ENST00000368528.3)	97	ENST00000368528.3	ENSG00000271943	ENST00000368528			TPM4P2			transcribed_processed_pseudogene
chr20-873	chr20	18137697	18137959	+	1	NA	promoter-TSS (ENST00000377681.8)	protein_coding-promoter-TSS (ENST00000377681.8)	-13	ENST00000677573.1	ENSG00000149474	ENST00000688188			KAT14			protein_coding
chr8-193	chr8	100309329	100309591	+	1	NA	promoter-TSS (ENST00000523167.1)	protein_coding-promoter-TSS (ENST00000523167.1)	66	ENST00000523167.1	ENSG00000034677	ENST00000519449			RNF19A			protein_coding
chr8-13	chr8	101368903	101369165	+	1	NA	exon (ENST00000419462.1, exon 3 of 4)	lncRNA-exon (ENST00000419462.1, exon 3 of 4)	124	ENST00000519039.1	ENSG00000228224	ENST00000519039			NACA4P			transcribed_processed_pseudogene
chr18-35	chr18	70205676	70205938	+	1	NA	promoter-TSS (ENST00000255674.11)	protein_coding-promoter-TSS (ENST00000255674.11)	33	ENST00000666381.1	ENSG00000287646	ENST00000668900			ENSG00000287646			lncRNA
chr20-2948	chr20	25696150	25696412	+	1	NA	promoter-TSS (ENST00000649818.1)	lncRNA-promoter-TSS (ENST00000649818.1)	534	ENST00000481610.1	ENSG00000130684	ENST00000481610			ZNF337			protein_coding
chr4-211	chr4	2937311	2937573	+	1	NA	promoter-TSS (ENST00000512802.1)	lncRNA-promoter-TSS (ENST00000512802.1)	176	ENST00000503709.1	ENSG00000249673	ENST00000658490			NOP14-AS1			lncRNA
chr5-144	chr5	14767967	14768229	+	1	NA	TTS (ENST00000503389.1)	protein_coding-TTS (ENST00000503389.1)	1052	ENST00000646501.1	ENSG00000154122	ENST00000284268			ANKH			protein_coding
chr2-155	chr2	151409738	151410000	+	1	NA	promoter-TSS (ENST00000243326.9)	protein_coding-promoter-TSS (ENST00000243326.9)	-14	ENST00000453091.6	ENSG00000080345	ENST00000457745			RIF1			protein_coding
chrX-169	chrX	120560937	120561199	+	1	NA	promoter-TSS (ENST00000371322.11)	protein_coding-promoter-TSS (ENST00000371322.11)	11	ENST00000681333.1	ENSG00000158290	ENST00000681148			CUL4B			protein_coding
chr16-30	chr16	85459016	85459278	+	1	NA	intron (ENST00000637419.1, intron 2 of 2)	protein_coding-intron (ENST00000637419.1, intron 2 of 2)	-30666	ENST00000620845.1	ENSG00000278716	ENST00000620845			ENSG00000278716			lncRNA
chr2-79	chr2	217247556	217247818	+	1	NA	intron (ENST00000695940.1, intron 2 of 2)	lncRNA-intron (ENST00000695932.1, intron 3 of 11)	-3869	ENST00000516173.1	ENSG00000251982	ENST00000516173			RN7SKP43			misc_RNA
chr2-733	chr2	65377643	65377905	+	1	NA	promoter-TSS (ENST00000452315.5)	protein_coding-promoter-TSS (ENST00000452315.5)	-24	ENST00000452315.5	ENSG00000198369	ENST00000356388			SPRED2			protein_coding
chr15-570	chr15	91627644	91627906	+	1	NA	intron (ENST00000687281.1, intron 3 of 3)	lncRNA-intron (ENST00000687281.1, intron 3 of 3)	21339	ENST00000555396.1	ENSG00000258765	ENST00000555396			ENSG00000258765			lncRNA
chr4-105	chr4	3827540	3827802	+	1	NA	Intergenic	Intergenic	61286	ENST00000330055.7	ENSG00000184160	ENST00000509482			ADRA2C			protein_coding
chr17-134	chr17	81057080	81057342	+	1	NA	promoter-TSS (ENST00000572073.5)	protein_coding-promoter-TSS (ENST00000572073.5)	-125	ENST00000573659.5	ENSG00000175866	ENST00000321300			BAIAP2			protein_coding
chr12-8	chr12	50241289	50241551	+	1	NA	intron (ENST00000552720.5, intron 2 of 11)	protein_coding-intron (ENST00000341247.9, intron 2 of 10)	-7208	ENST00000408677.1	ENSG00000221604	ENST00000408677			MIR1293			miRNA
chr14-145	chr14	102086874	102087136	+	1	NA	promoter-TSS (ENST00000216281.13)	protein_coding-promoter-TSS (ENST00000216281.13)	39	ENST00000553585.5	ENSG00000080824	ENST00000554401			HSP90AA1			protein_coding
chr19-270	chr19	3762635	3762897	+	1	NA	promoter-TSS (ENST00000330133.5)	protein_coding-promoter-TSS (ENST00000330133.5)	61	ENST00000589174.1	ENSG00000183617	ENST00000589174			MRPL54			protein_coding
chr16-155	chr16	4290242	4290504	+	1	NA	Intergenic	Intergenic	17251	ENST00000689542.1	ENSG00000288935	ENST00000689542			ENSG00000288935			lncRNA
chr9-15	chr9	135392626	135392888	+	1	NA	Intergenic	Intergenic	40064	ENST00000656211.1	ENSG00000235572	ENST00000650654			ENSG00000235572			lncRNA
chr11-85	chr11	61430022	61430284	+	1	NA	promoter-TSS (ENST00000301761.7)	protein_coding-promoter-TSS (ENST00000301761.7)	3	ENST00000543044.2	ENSG00000256591	ENST00000544801			ENSG00000256591			protein_coding
chr7-41	chr7	74582007	74582269	+	1	NA	intron (ENST00000476977.5, intron 22 of 25)	protein_coding-intron (ENST00000265755.7, intron 22 of 26)	-18822	ENST00000486086.1	ENSG00000006704	ENST00000486086			GTF2IRD1			protein_coding
chr16-119	chr16	14370307	14370569	+	1	NA	promoter-TSS (ENST00000566054.1)	lncRNA-promoter-TSS (ENST00000566054.1)	-172	ENST00000566054.1	ENSG00000260009	ENST00000566054			LINC02130			lncRNA
chr12-312	chr12	55940220	55940482	+	1	NA	promoter-TSS (ENST00000551585.1)	protein_coding-promoter-TSS (ENST00000551585.1)	436	ENST00000550484.1	ENSG00000065357	ENST00000553783			DGKA			protein_coding
chr10-171	chr10	28925452	28925714	+	1	NA	intron (ENST00000646289.1, intron 3 of 7)	lncRNA-intron (ENST00000643204.1, intron 6 of 9)	-26099	ENST00000480465.1	ENSG00000229605	ENST00000480465			RPL21P93			processed_pseudogene
chr14-118	chr14	95056401	95056663	+	1	NA	Intergenic	Intergenic	9179	ENST00000554033.2	ENSG00000258866	ENST00000554033			ENSG00000258866			lncRNA
chrX-226	chrX	130268791	130269053	+	1	NA	promoter-TSS (ENST00000370978.9)	protein_coding-promoter-TSS (ENST00000370978.9)	-23	ENST00000370978.9	ENSG00000056277	ENST00000370978			ZNF280C			protein_coding
chrX-157	chrX	101390804	101391066	+	1	NA	promoter-TSS (ENST00000372849.8)	protein_coding-promoter-TSS (ENST00000372849.8)	45	ENST00000614077.4	ENSG00000241343	ENST00000427805			RPL36A			protein_coding
chrX-36	chrX	152895820	152896082	+	1	NA	Intergenic	Intergenic	-2116	ENST00000695776.1	ENSG00000147394	ENST00000535861			ZNF185			protein_coding
chr2-986	chr2	70887525	70887787	+	1	NA	promoter-TSS (ENST00000449073.2)	lncRNA-promoter-TSS (ENST00000449073.2)	-215	ENST00000449073.2	ENSG00000237751	ENST00000449073			LINC01143			lncRNA
chr18-28	chr18	79069337	79069599	+	1	NA	promoter-TSS (ENST00000307671.12)	protein_coding-promoter-TSS (ENST00000307671.12)	-14	ENST00000591464.5	ENSG00000166377	ENST00000589951			ATP9B			protein_coding
chr17-536	chr17	50904537	50904799	+	1	NA	intron (ENST00000514358.1, intron 2 of 4)	lncRNA-intron (ENST00000514358.1, intron 2 of 4)	-4010	ENST00000519432.1	ENSG00000229980	ENST00000671267			TOB1-AS1			lncRNA
chr19-68	chr19	58327088	58327350	+	1	NA	promoter-TSS (ENST00000634676.2)	lncRNA-promoter-TSS (ENST00000634676.2)	29	ENST00000651375.3	ENSG00000283103	ENST00000658331			ENSG00000283103			lncRNA
chr3-494	chr3	189099089	189099351	+	1	NA	promoter-TSS (ENST00000412373.5)	protein_coding-promoter-TSS (ENST00000412373.5)	-901	ENST00000412373.5	ENSG00000188001	ENST00000488841			TPRG1			protein_coding
chr16-51	chr16	81289806	81290068	+	1	NA	intron (ENST00000563804.5, intron 9 of 9)	protein_coding-intron (ENST00000258168.7, intron 10 of 10)	23486	ENST00000570148.1	ENSG00000260495	ENST00000570148			ENSG00000260495			lncRNA
chr17-1449	chr17	79814941	79815203	+	1	NA	Intergenic	Intergenic	-4011	ENST00000667764.1	ENSG00000262772	ENST00000667764			LINC01977			lncRNA
chr9-336	chr9	105912813	105913075	+	1	NA	Intergenic	Intergenic	62919	ENST00000602729.1	ENSG00000228948	ENST00000435663			SLC25A6P5			processed_pseudogene
chr15-107	chr15	96070697	96070959	+	1	NA	intron (ENST00000619812.1, intron 1 of 3)	lncRNA-intron (ENST00000619812.1, intron 1 of 3)	-6471	ENST00000648034.1	ENSG00000259702	ENST00000648034			ENSG00000259702			lncRNA
chr2-54	chr2	43131418	43131680	+	1	NA	exon (ENST00000658582.1, exon 3 of 3)	lncRNA-exon (ENST00000658582.1, exon 3 of 3)	931	ENST00000663868.1	ENSG00000230587	ENST00000654095			LINC02580			lncRNA
chr7-77	chr7	140992569	140992831	+	1	NA	Intergenic	Intergenic	7100	ENST00000475327.1	ENSG00000242703	ENST00000475327			CCT4P1			processed_pseudogene
chr1-1034	chr1	34825770	34826032	+	1	NA	intron (ENST00000426886.1, intron 2 of 4)	protein_coding-intron (ENST00000426886.1, intron 2 of 4)	-24793	ENST00000429293.1	ENSG00000230163	ENST00000429293			ENSG00000230163			lncRNA
chr10-300	chr10	44311123	44311385	+	1	NA	Intergenic	Intergenic	-1017	ENST00000664323.1	ENSG00000287901	ENST00000658643			ENSG00000287901			lncRNA
chr6-81	chr6	108689282	108689544	+	1	NA	Intergenic	Intergenic	33067	ENST00000540898.1	ENSG00000118689	ENST00000540898			FOXO3			protein_coding
chr12-396	chr12	8827958	8828220	+	1	NA	intron (ENST00000537546.1, intron 2 of 3)	protein_coding-intron (ENST00000299698.12, intron 3 of 35)	2858	ENST00000537288.1	ENSG00000256661	ENST00000537288			A2ML1-AS1			lncRNA
chr14-76	chr14	30558959	30559221	+	1	NA	promoter-TSS (ENST00000206595.11)	protein_coding-promoter-TSS (ENST00000206595.11)	-68	ENST00000550944.5	ENSG00000092140	ENST00000554714			G2E3			protein_coding
chr8-101	chr8	99013116	99013378	+	1	NA	promoter-TSS (ENST00000355155.6)	protein_coding-promoter-TSS (ENST00000355155.6)	-19	ENST00000496144.5	ENSG00000132549	ENST00000355155			VPS13B			protein_coding
chr9-359	chr9	133103443	133103705	+	1	NA	TTS (ENST00000460587.1)	protein_coding-TTS (ENST00000460587.1)	757	ENST00000493067.5	ENSG00000160271	ENST00000498797			RALGDS			protein_coding
chr7-81	chr7	5822809	5823071	+	1	NA	promoter-TSS (ENST00000421890.5)	lncRNA-promoter-TSS (ENST00000421890.5)	-188	ENST00000686456.1	ENSG00000291099	ENST00000442665			ENSG00000291099			lncRNA
chr16-405	chr16	86391514	86391776	+	1	NA	Intergenic	Intergenic	-41957	ENST00000656700.1	ENSG00000168367	ENST00000651755			LINC00917			lncRNA
chr1-645	chr1	27686662	27686924	+	1	NA	TTS (ENST00000445563.2)	processed_pseudogene-TTS (ENST00000445563.2)	678	ENST00000445563.2	ENSG00000226662	ENST00000445563			CHMP1AP1			processed_pseudogene
chr7-74	chr7	92134605	92134867	+	1	NA	promoter-TSS (ENST00000003100.13)	protein_coding-promoter-TSS (ENST00000003100.13)	67	ENST00000450723.5	ENSG00000001630	ENST00000422867			CYP51A1			protein_coding
chr2-57	chr2	147812443	147812705	+	1	NA	Intergenic	Intergenic	2228	ENST00000422916.1	ENSG00000229143	ENST00000422916			ENSG00000229143			processed_pseudogene
chr7-184	chr7	107744275	107744537	+	1	NA	promoter-TSS (ENST00000420796.1)	protein_coding-promoter-TSS (ENST00000420796.1)	-31	ENST00000420796.1	ENSG00000105879	ENST00000415884			CBLL1			protein_coding
chr9-12	chr9	83041795	83042057	+	1	NA	intron (ENST00000376447.4, intron 1 of 16)	protein_coding-intron (ENST00000376447.4, intron 1 of 16)	21216	ENST00000376447.4	ENSG00000165105	ENST00000376447			RASEF			protein_coding
chr6-74	chr6	18269284	18269546	+	1	NA	Intergenic	Intergenic	3851	ENST00000362845.1	ENSG00000199715	ENST00000362845			Y_RNA			misc_RNA
chr17-783	chr17	78592487	78592749	+	1	NA	Intergenic	Intergenic	-15222	ENST00000389840.7	ENSG00000187775	ENST00000591369			DNAH17			protein_coding
chr20-1864	chr20	61789338	61789600	+	1	NA	intron (ENST00000614565.5, intron 4 of 15)	protein_coding-intron (ENST00000543233.2, intron 3 of 14)	-34413	ENST00000447909.1	ENSG00000225106	ENST00000442888			ENSG00000225106			lncRNA
chr8-402	chr8	115866923	115867185	+	1	NA	Intergenic	Intergenic	-57381	ENST00000422939.1	ENSG00000104447	ENST00000640765			TRPS1			protein_coding
chr1-294	chr1	234875637	234875899	+	1	NA	intron (ENST00000651370.1, intron 1 of 1)	lncRNA-intron (ENST00000651370.1, intron 1 of 1)	-28418	ENST00000493933.3	ENSG00000239690	ENST00000493933			RN7SL668P			misc_RNA
chr3-624	chr3	14651567	14651829	+	1	NA	promoter-TSS (ENST00000303688.8)	protein_coding-promoter-TSS (ENST00000303688.8)	-64	ENST00000383794.7	ENSG00000154781	ENST00000383794			CCDC174			protein_coding
chr12-61	chr12	4031331	4031593	+	1	NA	Intergenic	Intergenic	5477	ENST00000536141.1	ENSG00000256969	ENST00000543206			ENSG00000256969			lncRNA
chr14-89	chr14	24093933	24094195	+	1	NA	promoter-TSS (ENST00000216780.9)	protein_coding-promoter-TSS (ENST00000216780.9)	11	ENST00000559250.5	ENSG00000100889	ENST00000559250			PCK2			protein_coding
chr1-398	chr1	41514398	41514660	+	1	NA	intron (ENST00000643665.1, intron 6 of 7)	protein_coding-intron (ENST00000372583.6, intron 7 of 8)	-20914	ENST00000440249.1	ENSG00000230881	ENST00000440249			ENSG00000230881			lncRNA
chr8-296	chr8	143281594	143281856	+	1	NA	promoter-TSS (ENST00000517411.4)	lncRNA-promoter-TSS (ENST00000517411.4)	-20	ENST00000518073.3	ENSG00000253716	ENST00000518073			MINCR			lncRNA
chr17-2312	chr17	76584839	76585101	+	1	NA	intron (ENST00000585736.1, intron 1 of 4)	protein_coding-intron (ENST00000225276.10, intron 1 of 8)	886	ENST00000588120.5	ENSG00000070731	ENST00000588005			ST6GALNAC2			protein_coding
chr14-46	chr14	100059504	100059766	+	1	NA	intron (ENST00000554245.1, intron 1 of 1)	protein_coding-intron (ENST00000402714.6, intron 1 of 13)	-5782	ENST00000557023.1	ENSG00000196405	ENST00000554695			EVL			protein_coding
chr10-44	chr10	44236909	44237171	+	1	NA	Intergenic	Intergenic	24773	ENST00000437014.1	ENSG00000237590	ENST00000437014			LINC03089			lncRNA
chr7-204	chr7	76307105	76307367	+	1	NA	Intergenic	Intergenic	3659	ENST00000676195.1	ENSG00000106211	ENST00000675624			HSPB1			protein_coding
chr2-125	chr2	38377132	38377394	+	1	NA	promoter-TSS (ENST00000378954.9)	protein_coding-promoter-TSS (ENST00000378954.9)	-1	ENST00000456736.5	ENSG00000119787	ENST00000486927			ATL2			protein_coding
chr3-1191	chr3	194871923	194872185	+	1	NA	Intergenic	Intergenic	44164	ENST00000427064.1	ENSG00000238031	ENST00000427064			ENSG00000238031			lncRNA
chr7-308	chr7	130356290	130356552	+	1	NA	intron (ENST00000495736.1, intron 4 of 10)	protein_coding-intron (ENST00000393213.7, intron 3 of 10)	-7020	ENST00000479492.1	ENSG00000158525	ENST00000485477			CPA5			protein_coding
chr2-317	chr2	24872030	24872292	+	1	NA	intron (ENST00000435135.5, intron 2 of 7)	protein_coding-intron (ENST00000260600.9, intron 2 of 20)	531	ENST00000427849.5	ENSG00000138031	ENST00000435135			ADCY3			protein_coding
chr14-100	chr14	59483675	59483937	+	1	NA	promoter-TSS (ENST00000356057.9)	protein_coding-promoter-TSS (ENST00000356057.9)	-121	ENST00000487285.5	ENSG00000126790	ENST00000466522			L3HYPDH			protein_coding
chr20-729	chr20	44693083	44693345	+	1	NA	intron (ENST00000415889.2, intron 2 of 5)	lncRNA-intron (ENST00000415889.2, intron 2 of 5)	2870	ENST00000419931.1	ENSG00000244558	ENST00000445420			KCNK15-AS1			lncRNA
chr3-92	chr3	150737314	150737576	+	1	NA	exon (ENST00000659411.1, exon 2 of 4)	lncRNA-exon (ENST00000659411.1, exon 2 of 4)	1486	ENST00000659411.1	ENSG00000287688	ENST00000659411			ENSG00000287688			lncRNA
chr9-876	chr9	133460487	133460749	+	1	NA	intron (ENST00000542192.5, intron 1 of 4)	protein_coding-intron (ENST00000291722.11, intron 1 of 3)	620	ENST00000489519.1	ENSG00000160325	ENST00000316948			CACFD1			protein_coding
chr9-329	chr9	93577412	93577674	+	1	NA	intron (ENST00000610682.1, intron 1 of 7)	protein_coding-intron (ENST00000359246.9, intron 1 of 21)	796	ENST00000610682.1	ENSG00000197724	ENST00000610682			PHF2			protein_coding
chr9-60	chr9	128322407	128322669	+	1	NA	promoter-TSS (ENST00000300452.8)	protein_coding-promoter-TSS (ENST00000300452.8)	-6	ENST00000609948.1	ENSG00000167113	ENST00000608951			COQ4			protein_coding
chr22-103	chr22	37561782	37562044	+	1	NA	intron (ENST00000249014.5, intron 1 of 2)	protein_coding-intron (ENST00000249014.5, intron 1 of 2)	1433	ENST00000430687.1	ENSG00000128283	ENST00000434728			CDC42EP1			protein_coding
chr6-59	chr6	30751599	30751861	+	1	NA	TTS (ENST00000579902.2)	misc_RNA-TTS (ENST00000579902.2)	692	ENST00000579902.2	ENSG00000263608	ENST00000579902			RN7SL353P			misc_RNA
chr7-59	chr7	74465053	74465315	+	1	NA	intron (ENST00000455841.6, intron 1 of 26)	protein_coding-intron (ENST00000265755.7, intron 1 of 26)	11214	ENST00000455841.6	ENSG00000006704	ENST00000486086			GTF2IRD1			protein_coding
chr8-630	chr8	106657638	106657900	+	1	NA	promoter-TSS (ENST00000312046.10)	protein_coding-promoter-TSS (ENST00000312046.10)	-85	ENST00000312046.10	ENSG00000164830	ENST00000517455			OXR1			protein_coding
chr2-907	chr2	25673810	25674072	+	1	NA	promoter-TSS (ENST00000288642.12)	protein_coding-promoter-TSS (ENST00000288642.12)	-294	ENST00000288642.12	ENSG00000138101	ENST00000496972			DTNB			protein_coding
chr16-376	chr16	19067691	19067953	+	1	NA	promoter-TSS (ENST00000544894.6)	protein_coding-promoter-TSS (ENST00000544894.6)	-95	ENST00000544894.6	ENSG00000167186	ENST00000566110			COQ7			protein_coding
chr17-31	chr17	78421570	78421832	+	1	NA	exon (ENST00000591996.1, exon 4 of 4)	protein_coding-exon (ENST00000591996.1, exon 4 of 4)	1479	ENST00000586880.1	ENSG00000087157	ENST00000586019			PGS1			protein_coding
chr3-104	chr3	8629544	8629806	+	1	NA	exon (ENST00000317371.8, exon 14 of 19)	protein_coding-exon (ENST00000317371.8, exon 14 of 19)	4040	ENST00000492435.1	ENSG00000125046	ENST00000420394			SSUH2			protein_coding
chr8-26	chr8	89902010	89902272	+	1	NA	promoter-TSS (ENST00000451899.7)	protein_coding-promoter-TSS (ENST00000451899.7)	282	ENST00000297438.6	ENSG00000164823	ENST00000647849			OSGIN2			protein_coding
chr6-5	chr6	30742874	30743136	+	1	NA	promoter-TSS (ENST00000376389.8)	protein_coding-promoter-TSS (ENST00000376389.8)	76	ENST00000607333.2	ENSG00000272273	ENST00000702432			IER3-AS1			lncRNA
chr12-344	chr12	47705842	47706104	+	1	NA	promoter-TSS (ENST00000005386.8)	protein_coding-promoter-TSS (ENST00000005386.8)	13	ENST00000380650.4	ENSG00000005175	ENST00000005386			RPAP3			protein_coding
chr1-228	chr1	41003750	41004012	+	1	NA	intron (ENST00000696109.1, intron 12 of 16)	protein_coding-intron (ENST00000372616.1, intron 11 of 17)	2342	ENST00000464283.5	ENSG00000171793	ENST00000480420			CTPS1			protein_coding
chr16-336	chr16	30787127	30787389	+	1	NA	promoter-TSS (ENST00000262525.6)	protein_coding-promoter-TSS (ENST00000262525.6)	-53	ENST00000262525.6	ENSG00000102870	ENST00000262525			ZNF629			protein_coding
chr17-236	chr17	75436032	75436294	+	1	NA	Intergenic	Intergenic	4173	ENST00000365462.1	ENSG00000202332	ENST00000365462			Y_RNA			misc_RNA
chr1-324	chr1	182029900	182030162	+	1	NA	Intergenic	Intergenic	27979	ENST00000673963.1	ENSG00000179930	ENST00000339948			ZNF648			protein_coding
chr7-5	chr7	72326432	72326694	+	1	NA	intron (ENST00000431984.5, intron 1 of 5)	protein_coding-intron (ENST00000329008.9, intron 1 of 5)	10432	ENST00000329008.9	ENSG00000183166	ENST00000446128			CALN1			protein_coding
chr14-772	chr14	96065721	96065983	+	1	NA	intron (ENST00000553764.1, intron 2 of 2)	protein_coding-intron (ENST00000553764.1, intron 2 of 2)	26468	ENST00000553782.1	ENSG00000227051	ENST00000553782			C14orf132			protein_coding
chr1-11	chr1	157132139	157132401	+	1	NA	TTS (ENST00000326786.4)	protein_coding-TTS (ENST00000326786.4)	3908	ENST00000422857.1	ENSG00000235700	ENST00000422857			CYCSP52			processed_pseudogene
chr20-1128	chr20	35616117	35616379	+	1	NA	promoter-TSS (ENST00000454819.1)	protein_coding-promoter-TSS (ENST00000454819.1)	419	ENST00000374273.8	ENSG00000061656	ENST00000468248			SPAG4			protein_coding
chr3-284	chr3	79019301	79019563	+	1	NA	promoter-TSS (ENST00000436010.6)	protein_coding-promoter-TSS (ENST00000436010.6)	27	ENST00000618846.4	ENSG00000169855	ENST00000484514			ROBO1			protein_coding
chr16-326	chr16	4802227	4802489	+	1	NA	promoter-TSS (ENST00000586336.5)	protein_coding-promoter-TSS (ENST00000586336.5)	-174	ENST00000586336.5	ENSG00000067836	ENST00000588201			ROGDI			protein_coding
chr1-50	chr1	23452033	23452295	+	1	NA	intron (ENST00000711427.1, intron 4 of 24)	protein_coding-intron (ENST00000336689.8, intron 4 of 24)	-9893	ENST00000475814.5	ENSG00000088280	ENST00000492982			ASAP3			protein_coding
chr3-1241	chr3	23020138	23020400	+	1	NA	Intergenic	Intergenic	30446	ENST00000419001.1	ENSG00000231915	ENST00000419001			SALL4P5			unprocessed_pseudogene
chr19-111	chr19	40810792	40811054	+	1	NA	exon (ENST00000641596.1, exon 1 of 2)	lncRNA-exon (ENST00000641596.1, exon 1 of 2)	174	ENST00000641596.1	ENSG00000293405	ENST00000641596			CYP2T1P			lncRNA
chr15-68	chr15	75903709	75903971	+	1	NA	promoter-TSS (ENST00000308275.8)	protein_coding-promoter-TSS (ENST00000308275.8)	-36	ENST00000569749.5	ENSG00000167196	ENST00000561885			FBXO22			protein_coding
chr10-555	chr10	121927190	121927452	+	1	NA	promoter-TSS (ENST00000437593.1)	lncRNA-promoter-TSS (ENST00000437593.1)	-4	ENST00000691573.1	ENSG00000107669	ENST00000685427			ATE1			protein_coding
chr17-118	chr17	48047817	48048079	+	1	NA	promoter-TSS (ENST00000357480.9)	protein_coding-promoter-TSS (ENST00000357480.9)	150	ENST00000584428.3	ENSG00000263412	ENST00000584428			NFE2L1-DT			lncRNA
chr12-73	chr12	57522319	57522581	+	1	NA	promoter-TSS (ENST00000355673.8)	protein_coding-promoter-TSS (ENST00000355673.8)	-374	ENST00000355673.8	ENSG00000166987	ENST00000549042			MBD6			protein_coding
chr16-110	chr16	11359438	11359700	+	1	NA	TTS (ENST00000595168.1)	protein_coding-TTS (ENST00000595168.1)	-10248	ENST00000574681.1	ENSG00000262703	ENST00000574681			ENSG00000262703			lncRNA
chr11-208	chr11	14520266	14520528	+	1	NA	promoter-TSS (ENST00000396394.7)	protein_coding-promoter-TSS (ENST00000396394.7)	-11	ENST00000396394.7	ENSG00000129084	ENST00000526443			PSMA1			protein_coding
chr1-715	chr1	119779991	119780253	+	1	NA	Intergenic	Intergenic	-11217	ENST00000369406.8	ENSG00000134240	ENST00000472375			HMGCS2			protein_coding
chr18-19	chr18	36309375	36309637	+	1	NA	intron (ENST00000590592.6, intron 1 of 28)	protein_coding-intron (ENST00000257209.8, intron 1 of 24)	11670	ENST00000359247.8	ENSG00000134775	ENST00000592930			FHOD3			protein_coding
chr20-1713	chr20	34676906	34677168	+	1	NA	promoter-TSS (ENST00000217446.8)	protein_coding-promoter-TSS (ENST00000217446.8)	48	ENST00000374820.6	ENSG00000101464	ENST00000628281			PIGU			protein_coding
chr6-55	chr6	131628206	131628468	+	1	NA	promoter-TSS (ENST00000354577.8)	protein_coding-promoter-TSS (ENST00000354577.8)	-95	ENST00000368068.8	ENSG00000112282	ENST00000368068			MED23			protein_coding
chr7-55	chr7	128455589	128455851	+	1	NA	promoter-TSS (ENST00000257696.5)	protein_coding-promoter-TSS (ENST00000257696.5)	-120	ENST00000462662.1	ENSG00000273184	ENST00000462662			ENSG00000273184			lncRNA
chr11-131	chr11	72434453	72434715	+	1	NA	promoter-TSS (ENST00000294053.9)	protein_coding-promoter-TSS (ENST00000294053.9)	23	ENST00000543042.6	ENSG00000162129	ENST00000695926			CLPB			protein_coding
chr12-72	chr12	56300055	56300317	+	1	NA	promoter-TSS (ENST00000547298.5)	protein_coding-promoter-TSS (ENST00000547298.5)	92	ENST00000660360.2	ENSG00000257303	ENST00000660360			CNPY2-AS1			lncRNA
chr2-116	chr2	24047464	24047726	+	1	NA	promoter-TSS (ENST00000295148.9)	protein_coding-promoter-TSS (ENST00000295148.9)	-204	ENST00000295148.9	ENSG00000163026	ENST00000406895			WDCP			protein_coding
chr12-141	chr12	103957126	103957388	+	1	NA	promoter-TSS (ENST00000378090.9)	protein_coding-promoter-TSS (ENST00000378090.9)	16	ENST00000547945.5	ENSG00000204954	ENST00000552460			UQCC6			protein_coding
chr6-110	chr6	10423371	10423633	+	1	NA	exon (ENST00000420389.1, exon 3 of 3)	lncRNA-exon (ENST00000420389.1, exon 3 of 3)	2674	ENST00000420389.1	ENSG00000228478	ENST00000420389			ENSG00000228478			lncRNA
chr16-337	chr16	30985055	30985317	+	1	NA	promoter-TSS (ENST00000262520.10)	protein_coding-promoter-TSS (ENST00000262520.10)	-21	ENST00000297679.10	ENSG00000099377	ENST00000574447			HSD3B7			protein_coding
chr1-488	chr1	146228806	146229068	+	1	NA	promoter-TSS (ENST00000362074.8)	protein_coding-promoter-TSS (ENST00000362074.8)	63	ENST00000612520.2	ENSG00000271425	ENST00000583866			NBPF10			protein_coding
chr17-1466	chr17	20155620	20155882	+	1	NA	promoter-TSS (ENST00000395522.6)	protein_coding-promoter-TSS (ENST00000395522.6)	9	ENST00000579688.2	ENSG00000128487	ENST00000492188			SPECC1			protein_coding
chr7-110	chr7	152464327	152464589	+	1	NA	exon (ENST00000564834.1, exon 1 of 1)	lncRNA-exon (ENST00000564834.1, exon 1 of 1)	672	ENST00000564834.1	ENSG00000261455	ENST00000564834			LINC01003			lncRNA
chr16-395	chr16	74296573	74296835	+	1	NA	promoter-TSS (ENST00000219313.9)	protein_coding-promoter-TSS (ENST00000219313.9)	47	ENST00000569389.5	ENSG00000261404	ENST00000641277			PSMD7-DT			lncRNA
chr14-715	chr14	66069903	66070165	+	1	NA	Intergenic	Intergenic	-41523	ENST00000655653.1	ENSG00000258502	ENST00000671168			LINC02290			lncRNA
chr6-500	chr6	57961363	57961625	+	1	NA	promoter-TSS (ENST00000399751.6)	lncRNA-promoter-TSS (ENST00000399751.6)	7	ENST00000450081.5	ENSG00000290555	ENST00000450081			LINC00680			lncRNA
chr20-1313	chr20	25861537	25861799	+	1	NA	promoter-TSS (ENST00000453481.4)	lncRNA-promoter-TSS (ENST00000453481.4)	-85	ENST00000453481.4	ENSG00000175170	ENST00000657325			FAM182B			lncRNA
chr11-74	chr11	65888413	65888675	+	1	NA	promoter-TSS (ENST00000338369.6)	protein_coding-promoter-TSS (ENST00000338369.6)	-13	ENST00000338369.6	ENSG00000172500	ENST00000534032			FIBP			protein_coding
chr17-90	chr17	42561973	42562235	+	1	NA	promoter-TSS (ENST00000393818.3)	protein_coding-promoter-TSS (ENST00000393818.3)	-30	ENST00000585811.1	ENSG00000068120	ENST00000591583			COASY			protein_coding
chr1-254	chr1	25998221	25998483	+	1	NA	promoter-TSS (ENST00000374282.8)	protein_coding-promoter-TSS (ENST00000374282.8)	-235	ENST00000464540.1	ENSG00000158006	ENST00000374284			PAFAH2			protein_coding
chr15-17	chr15	51971651	51971913	+	1	NA	promoter-TSS (ENST00000299601.10)	protein_coding-promoter-TSS (ENST00000299601.10)	-4	ENST00000299601.10	ENSG00000166477	ENST00000558949			LEO1			protein_coding
chr14-174	chr14	92973950	92974212	+	1	NA	intron (ENST00000555553.5, intron 4 of 6)	protein_coding-intron (ENST00000267615.11, intron 5 of 10)	24858	ENST00000553695.5	ENSG00000100605	ENST00000555495			ITPK1			protein_coding
chr10-85	chr10	71868342	71868604	+	1	NA	Intergenic	Intergenic	-9883	ENST00000441348.1	ENSG00000230526	ENST00000441348			ENSG00000230526			lncRNA
chr20-1315	chr20	33178704	33178966	+	1	NA	intron (ENST00000354932.6, intron 6 of 8)	protein_coding-intron (ENST00000253362.6, intron 6 of 8)	-8556	ENST00000417727.1	ENSG00000237662	ENST00000417727			SOCS2P1			processed_pseudogene
chr19-64	chr19	38831172	38831434	+	1	NA	promoter-TSS (ENST00000597089.5)	protein_coding-promoter-TSS (ENST00000597089.5)	85	ENST00000597089.5	ENSG00000104823	ENST00000596118			ECH1			protein_coding
chr8-127	chr8	125451995	125452257	+	1	NA	Intergenic	Intergenic	-14813	ENST00000522815.1	ENSG00000253111	ENST00000521991			TRIB1AL			lncRNA
chr9-80	chr9	133030774	133031036	+	1	NA	promoter-TSS (ENST00000342018.12)	protein_coding-promoter-TSS (ENST00000342018.12)	-92	ENST00000372097.10	ENSG00000148308	ENST00000440319			GTF3C5			protein_coding
chr10-11	chr10	48287962	48288224	+	1	NA	Intergenic	Intergenic	-4606	ENST00000425165.1	ENSG00000225482	ENST00000425165			RPS6P14			processed_pseudogene
chr10-78	chr10	93435141	93435403	+	1	NA	intron (ENST00000488645.1, intron 4 of 5)	protein_coding-intron (ENST00000358334.9, intron 3 of 52)	46922	ENST00000488645.1	ENSG00000138119	ENST00000371489			MYOF			protein_coding
chr7-145	chr7	101608844	101609106	+	1	NA	Intergenic	Intergenic	15728	ENST00000706943.1	ENSG00000106436	ENST00000642629			MYL10			protein_coding
chr15-13	chr15	84929945	84930207	+	1	NA	intron (ENST00000538177.5, intron 11 of 14)	protein_coding-intron (ENST00000286749.3, intron 11 of 17)	8446	ENST00000384310.1	ENSG00000207037	ENST00000384310			RNU6-339P			snRNA
chr9-341	chr9	114504474	114504736	+	1	NA	promoter-TSS (ENST00000480518.1)	protein_coding-promoter-TSS (ENST00000480518.1)	-56	ENST00000673811.1	ENSG00000095397	ENST00000674048			WHRN			protein_coding
chr8-430	chr8	143718791	143719053	+	1	NA	promoter-TSS (ENST00000527908.1)	lncRNA-promoter-TSS (ENST00000527908.1)	-31	ENST00000527908.1	ENSG00000254548	ENST00000527908			ENSG00000254548			lncRNA
chr9-40	chr9	89593026	89593288	+	1	NA	intron (ENST00000648620.1, intron 3 of 6)	lncRNA-intron (ENST00000648620.1, intron 3 of 6)	9982	ENST00000649980.1	ENSG00000285907	ENST00000648454			ENSG00000285907			lncRNA
chr14-20	chr14	24188801	24189063	+	1	NA	promoter-TSS (ENST00000354464.11)	protein_coding-promoter-TSS (ENST00000354464.11)	18	ENST00000655961.1	ENSG00000287765	ENST00000655961			ENSG00000287765			lncRNA
chr1-576	chr1	150321434	150321696	+	1	NA	promoter-TSS (ENST00000324862.7)	protein_coding-promoter-TSS (ENST00000324862.7)	32	ENST00000324862.7	ENSG00000117360	ENST00000476970			PRPF3			protein_coding
chr6-145	chr6	140174602	140174864	+	1	NA	intron (ENST00000683950.1, intron 1 of 1)	lncRNA-intron (ENST00000683950.1, intron 1 of 1)	-16039	ENST00000516298.1	ENSG00000252107	ENST00000516298			RNA5SP220			rRNA_pseudogene
chr12-291	chr12	131928757	131929019	+	1	NA	promoter-TSS (ENST00000322060.9)	protein_coding-promoter-TSS (ENST00000322060.9)	-312	ENST00000443358.6	ENSG00000177192	ENST00000322060			PUS1			protein_coding
chr16-49	chr16	3020874	3021136	+	1	NA	promoter-TSS (ENST00000396925.1)	protein_coding-promoter-TSS (ENST00000396925.1)	615	ENST00000571351.1	ENSG00000006327	ENST00000571351			TNFRSF12A			protein_coding
chr8-122	chr8	95269369	95269631	+	1	NA	promoter-TSS (ENST00000286688.6)	protein_coding-promoter-TSS (ENST00000286688.6)	-299	ENST00000286688.6	ENSG00000156172	ENST00000286688			CFAP418			protein_coding
chr20-1370	chr20	50645662	50645924	+	1	NA	exon (ENST00000452336.1, exon 2 of 3)	lncRNA-exon (ENST00000452336.1, exon 2 of 3)	322	ENST00000452336.1	ENSG00000234693	ENST00000435177			RIPOR3-AS1			lncRNA
chr11-165	chr11	70202959	70203221	+	1	NA	promoter-TSS (ENST00000301838.5)	protein_coding-promoter-TSS (ENST00000301838.5)	-206	ENST00000301838.5	ENSG00000168040	ENST00000301838			FADD			protein_coding
chr9-236	chr9	129824017	129824279	+	1	NA	promoter-TSS (ENST00000351698.5)	protein_coding-promoter-TSS (ENST00000351698.5)	-12	ENST00000351698.5	ENSG00000136827	ENST00000473084			TOR1A			protein_coding
chr19-504	chr19	48810920	48811182	+	1	NA	promoter-TSS (ENST00000316273.11)	protein_coding-promoter-TSS (ENST00000316273.11)	-22	ENST00000599246.5	ENSG00000105552	ENST00000598162			BCAT2			protein_coding
chr14-124	chr14	67480122	67480384	+	1	NA	intron (ENST00000557006.6, intron 3 of 3)	protein_coding-intron (ENST00000357461.7, intron 2 of 2)	8468	ENST00000554480.6	ENSG00000198133	ENST00000555994			TMEM229B			protein_coding
chr2-805	chr2	148020566	148020828	+	1	NA	promoter-TSS (ENST00000392857.10)	protein_coding-promoter-TSS (ENST00000392857.10)	27	ENST00000457954.5	ENSG00000115947	ENST00000440042			ORC4			protein_coding
chr15-12	chr15	83753903	83754165	+	1	NA	intron (ENST00000569510.5, intron 3 of 8)	protein_coding-intron (ENST00000286744.10, intron 3 of 29)	14250	ENST00000569261.2	ENSG00000261665	ENST00000569261			TUBAP4			transcribed_processed_pseudogene
